timestamp,plant,line,shift,product_family,cycle_time_sec,cavity,efficiency_pct,downtime_rate,scrap_rate,units_per_hour,effective_units_per_hour,good_units_per_hour,material_cost_per_unit,labor_cost_per_hour,energy_cost_per_hour,overhead_cost_per_hour,total_cost_per_hour,cost_per_unit,cost_per_good_unit,scrap_cost_per_unit_proxy
2025-09-21 22:33:00,PL01,LINE_B,B,PREMIUM,76.55,2,0.9733,0.1003,0.0766,91.55,82.37,76.06,3.54,58.6,24.6,20.7,103.9,4.803,4.908,0.271
2025-09-21 22:46:00,PL03,LINE_B,A,STANDARD,33.79,1,0.7464,0.0443,0.15,79.52,76.0,64.6,1.85,47.49,16.71,16.67,80.87,2.917,3.105,0.278
2025-09-21 23:09:00,PL01,LINE_C,A,STANDARD,25.43,2,0.8628,0.0612,0.15,244.25,229.3,194.91,1.83,52.92,10.83,19.69,83.44,2.197,2.261,0.275
2025-09-21 23:34:00,PL01,LINE_A,A,PREMIUM,43.1,1,0.8765,0.0526,0.0428,73.2,69.35,66.38,3.11,55.0,24.38,28.46,107.85,4.666,4.735,0.133
2025-09-21 23:40:00,PL01,LINE_A,C,PREMIUM,52.65,1,0.8529,0.2388,0.15,58.31,44.39,37.73,2.99,58.58,24.03,12.52,95.13,5.138,5.516,0.449
2025-09-22 01:45:00,PL02,LINE_B,C,PREMIUM,79.58,1,0.8094,0.25,0.0222,36.62,27.46,26.85,3.1,51.91,14.82,24.93,91.66,6.435,6.511,0.069
2025-09-22 01:47:00,PL03,LINE_B,B,PREMIUM,68.5,2,0.8332,0.0844,0.0806,87.59,80.19,73.73,3.67,47.44,15.64,24.07,87.15,4.76,4.855,0.296
2025-09-22 01:52:00,PL01,LINE_C,C,STANDARD,32.37,1,0.8662,0.1841,0.0179,96.32,78.59,77.19,1.88,59.74,15.74,30.48,105.96,3.23,3.255,0.034
2025-09-22 02:29:00,PL01,LINE_A,B,PREMIUM,36.9,1,0.8264,0.1853,0.0988,80.62,65.68,59.19,3.24,54.79,18.8,12.34,85.93,4.544,4.688,0.32
2025-09-22 03:38:00,PL01,LINE_B,A,PREMIUM,43.38,1,0.8791,0.0292,0.0848,72.95,70.82,64.82,3.95,51.23,16.48,28.02,95.73,5.304,5.429,0.335
2025-09-22 04:43:00,PL01,LINE_C,B,STANDARD,20.36,1,0.8123,0.1293,0.0342,143.63,125.05,120.78,2.48,57.62,14.65,19.98,92.26,3.215,3.241,0.085
2025-09-22 06:07:00,PL02,LINE_A,B,STANDARD,47.53,2,0.9061,0.1069,0.0095,137.27,122.6,121.44,2.44,53.39,18.67,20.64,92.7,3.198,3.205,0.023
2025-09-22 06:19:00,PL02,LINE_D,B,STANDARD,25.69,2,0.7253,0.2198,0.15,203.3,158.62,134.82,2.15,50.99,21.49,15.47,87.95,2.703,2.801,0.322
2025-09-22 07:29:00,PL01,LINE_C,B,STANDARD,43.25,1,0.742,0.0682,0.15,61.76,57.55,48.92,2.36,59.12,18.29,22.46,99.88,4.098,4.404,0.354
2025-09-22 08:31:00,PL01,LINE_B,A,STANDARD,25.89,1,0.87,0.0254,0.0345,120.95,117.88,113.81,2.08,53.98,16.39,32.67,103.04,2.955,2.986,0.072
2025-09-22 09:03:00,PL02,LINE_A,B,HEAVY,103.1,2,0.7868,0.25,0.1321,54.95,41.21,35.77,3.51,49.83,17.23,13.19,80.25,5.46,5.756,0.464
2025-09-22 09:32:00,PL01,LINE_A,A,STANDARD,43.86,2,0.8435,0.1864,0.15,138.46,112.66,95.76,2.13,54.3,25.91,24.56,104.77,3.057,3.221,0.319
2025-09-22 10:37:00,PL02,LINE_C,C,STANDARD,36.76,1,0.7992,0.0316,0.15,78.26,75.79,64.42,2.16,53.97,22.63,14.39,90.99,3.365,3.577,0.325
2025-09-22 11:48:00,PL02,LINE_D,B,PREMIUM,39.73,1,0.8486,0.2165,0.047,76.9,60.25,57.42,3.97,51.1,16.62,31.91,99.64,5.62,5.701,0.186
2025-09-22 11:54:00,PL03,LINE_C,A,HEAVY,32.72,1,0.864,0.1636,0.0701,95.06,79.51,73.93,6.61,46.01,22.42,20.77,89.2,7.728,7.812,0.463
2025-09-22 12:08:00,PL02,LINE_B,C,STANDARD,51.49,2,0.7904,0.0909,0.0853,110.52,100.47,91.9,2.0,56.31,22.02,23.71,102.04,3.013,3.108,0.17
2025-09-22 12:16:00,PL02,LINE_D,C,STANDARD,35.24,2,0.8229,0.1314,0.0375,168.13,146.03,140.55,2.34,53.35,24.99,18.79,97.12,3.009,3.035,0.088
2025-09-22 14:59:00,PL01,LINE_C,B,STANDARD,21.01,1,0.9386,0.25,0.0748,160.83,120.62,111.59,2.1,54.64,19.33,21.57,95.54,2.889,2.953,0.157
2025-09-22 16:24:00,PL01,LINE_D,B,HEAVY,60.04,1,0.9261,0.2014,0.0917,55.53,44.34,40.27,4.29,56.74,21.39,22.08,100.2,6.547,6.776,0.393
2025-09-22 16:29:00,PL01,LINE_A,B,STANDARD,46.54,1,0.8632,0.25,0.1152,66.77,50.08,44.31,2.9,55.39,15.24,18.82,89.44,4.681,4.914,0.334
2025-09-22 19:10:00,PL02,LINE_C,A,STANDARD,33.02,2,0.8887,0.119,0.0522,193.8,170.73,161.82,2.42,52.4,22.8,20.0,95.21,2.983,3.013,0.127
2025-09-22 19:51:00,PL01,LINE_D,A,STANDARD,30.31,4,0.8852,0.2449,0.0872,420.61,317.59,289.9,1.34,54.84,19.6,18.68,93.12,1.635,1.663,0.117
2025-09-22 20:36:00,PL01,LINE_B,C,PREMIUM,47.08,1,0.8341,0.0812,0.0789,63.77,58.6,53.97,3.55,59.27,11.74,31.26,102.27,5.291,5.44,0.28
2025-09-22 21:23:00,PL02,LINE_B,B,PREMIUM,77.36,1,0.8839,0.25,0.149,41.13,30.85,26.25,2.51,52.03,11.26,25.91,89.2,5.403,5.909,0.374
2025-09-22 21:42:00,PL01,LINE_A,B,STANDARD,44.08,1,0.8463,0.1557,0.0419,69.11,58.35,55.91,2.6,57.14,20.93,25.67,103.74,4.382,4.46,0.109
2025-09-22 22:17:00,PL02,LINE_B,B,STANDARD,39.75,1,0.9137,0.1952,0.0605,82.75,66.6,62.57,2.04,52.34,18.32,22.17,92.83,3.43,3.52,0.123
2025-09-22 23:31:00,PL01,LINE_B,A,HEAVY,45.18,1,0.9037,0.1103,0.0621,72.0,64.06,60.08,5.34,54.03,16.09,31.59,101.7,6.927,7.032,0.332
2025-09-22 23:50:00,PL02,LINE_D,A,STANDARD,44.05,1,0.7495,0.1161,0.0688,61.26,54.14,50.42,2.6,47.59,16.54,16.26,80.39,4.088,4.198,0.179
2025-09-23 00:23:00,PL02,LINE_C,C,STANDARD,36.27,2,0.7836,0.0981,0.0502,155.54,140.28,133.23,2.67,54.46,14.56,27.59,96.61,3.363,3.4,0.134
2025-09-23 00:27:00,PL01,LINE_C,A,PREMIUM,51.43,1,0.8299,0.25,0.0366,58.09,43.57,41.97,2.66,56.08,21.7,28.43,106.21,5.095,5.188,0.097
2025-09-23 02:05:00,PL01,LINE_A,C,STANDARD,29.1,1,0.8207,0.098,0.1013,101.53,91.58,82.3,2.7,59.98,12.96,32.8,105.74,3.852,3.982,0.273
2025-09-23 02:35:00,PL01,LINE_A,B,HEAVY,55.64,1,0.8107,0.0401,0.0136,52.46,50.36,49.67,5.07,55.05,22.4,20.34,97.79,7.012,7.039,0.069
2025-09-23 02:36:00,PL03,LINE_C,B,STANDARD,31.4,1,0.9155,0.1971,0.0427,104.95,84.27,80.67,2.35,47.15,19.23,19.97,86.35,3.376,3.422,0.1
2025-09-23 03:38:00,PL01,LINE_A,C,STANDARD,35.7,1,0.8452,0.0564,0.1293,85.24,80.43,70.03,1.98,57.07,21.96,26.4,105.42,3.294,3.489,0.256
2025-09-23 03:51:00,PL03,LINE_A,A,STANDARD,21.77,2,0.8348,0.0983,0.0715,276.05,248.9,231.11,2.09,46.23,19.1,17.37,82.7,2.417,2.443,0.149
2025-09-23 04:46:00,PL01,LINE_D,C,STANDARD,44.81,1,0.9182,0.0912,0.15,73.78,67.05,56.99,2.1,59.03,25.2,27.97,112.2,3.769,4.064,0.314
2025-09-23 05:04:00,PL03,LINE_A,C,HEAVY,61.43,2,0.9403,0.1534,0.0739,110.22,93.31,86.41,5.51,47.77,25.32,21.72,94.81,6.529,6.61,0.407
2025-09-23 05:13:00,PL03,LINE_C,B,STANDARD,34.36,2,0.9298,0.1438,0.15,194.82,166.8,141.78,2.57,42.11,19.34,23.74,85.2,3.077,3.167,0.385
2025-09-23 05:33:00,PL02,LINE_B,C,STANDARD,21.74,4,0.7863,0.25,0.0872,520.91,390.68,356.62,2.49,54.1,18.31,20.58,92.98,2.729,2.752,0.217
2025-09-23 06:01:00,PL03,LINE_B,C,STANDARD,29.5,1,0.9005,0.25,0.15,109.89,82.41,70.05,2.4,52.18,19.1,23.0,94.29,3.54,3.742,0.359
2025-09-23 07:04:00,PL03,LINE_D,C,STANDARD,55.91,2,0.7505,0.25,0.1221,96.65,72.48,63.64,2.13,48.36,16.7,20.51,85.57,3.308,3.472,0.26
2025-09-23 07:50:00,PL01,LINE_B,C,STANDARD,31.24,1,0.8473,0.1387,0.033,97.65,84.1,81.33,1.79,57.67,16.61,25.57,99.85,2.975,3.015,0.059
2025-09-23 09:08:00,PL01,LINE_A,C,PREMIUM,47.82,1,0.7867,0.1159,0.15,59.23,52.36,44.51,3.62,59.85,16.61,13.09,89.54,5.333,5.635,0.544
2025-09-23 09:39:00,PL01,LINE_A,C,STANDARD,52.74,1,0.872,0.0703,0.0631,59.52,55.33,51.84,2.67,55.12,17.35,16.69,89.16,4.28,4.389,0.168
2025-09-23 10:18:00,PL01,LINE_D,B,STANDARD,30.68,1,0.8595,0.1217,0.15,100.86,88.58,75.3,2.19,55.41,13.04,27.67,96.12,3.279,3.471,0.329
2025-09-23 13:45:00,PL03,LINE_A,C,STANDARD,43.51,4,0.8643,0.25,0.0316,286.06,214.54,207.76,2.12,49.02,17.94,30.96,97.92,2.58,2.595,0.067
2025-09-23 13:55:00,PL01,LINE_C,C,PREMIUM,51.14,4,0.88,0.0922,0.0516,247.77,224.93,213.32,2.43,63.07,14.7,28.51,106.29,2.905,2.931,0.126
2025-09-23 14:01:00,PL02,LINE_A,A,STANDARD,37.69,2,0.8509,0.1208,0.0171,162.54,142.9,140.45,2.13,49.22,17.33,25.82,92.37,2.781,2.792,0.037
2025-09-23 15:03:00,PL02,LINE_A,C,HEAVY,93.36,2,0.8151,0.1611,0.1254,62.86,52.74,46.12,4.8,53.48,19.24,26.96,99.68,6.692,6.963,0.602
2025-09-23 15:27:00,PL03,LINE_B,A,STANDARD,59.8,2,0.8744,0.1284,0.0216,105.29,91.77,89.79,2.33,41.68,18.62,19.64,79.95,3.205,3.224,0.05
2025-09-23 15:33:00,PL01,LINE_B,B,HEAVY,65.92,1,0.8718,0.25,0.0099,47.61,35.71,35.35,5.18,54.52,19.19,22.62,96.33,7.876,7.903,0.051
2025-09-23 15:56:00,PL03,LINE_C,A,PREMIUM,33.15,4,0.8413,0.25,0.0324,365.41,274.06,265.17,3.95,47.62,17.33,15.3,80.25,4.246,4.255,0.128
2025-09-23 16:10:00,PL02,LINE_C,B,STANDARD,28.59,2,0.8123,0.2454,0.0261,204.55,154.35,150.32,2.36,49.16,18.7,20.11,87.97,2.931,2.946,0.062
2025-09-23 16:38:00,PL03,LINE_C,C,STANDARD,35.07,1,0.8165,0.25,0.0664,83.81,62.85,58.68,2.63,53.5,16.89,20.96,91.35,4.082,4.185,0.175
2025-09-23 16:52:00,PL01,LINE_A,B,STANDARD,37.05,1,0.8227,0.042,0.1388,79.94,76.58,65.95,2.22,55.07,19.97,25.99,101.04,3.535,3.748,0.308
2025-09-23 17:11:00,PL02,LINE_C,C,PREMIUM,40.16,2,0.8432,0.0956,0.0881,151.17,136.72,124.68,3.25,50.5,20.21,25.33,96.03,3.951,4.019,0.286
2025-09-23 17:28:00,PL01,LINE_B,C,STANDARD,23.65,1,0.8191,0.1731,0.1358,124.68,103.1,89.1,1.93,57.48,10.14,25.35,92.97,2.829,2.971,0.262
2025-09-23 19:11:00,PL02,LINE_D,A,STANDARD,61.37,1,0.8107,0.2054,0.15,47.56,37.79,32.12,2.62,55.01,17.56,22.42,94.98,5.134,5.578,0.393
2025-09-23 19:16:00,PL03,LINE_C,A,HEAVY,47.87,2,0.8723,0.0325,0.1451,131.18,126.92,108.5,6.41,47.22,26.61,25.24,99.08,7.189,7.321,0.93
2025-09-23 20:03:00,PL01,LINE_A,B,STANDARD,46.77,2,0.8733,0.1796,0.0518,134.44,110.3,104.59,2.46,53.35,17.11,17.86,88.32,3.258,3.302,0.127
2025-09-23 20:52:00,PL01,LINE_C,A,STANDARD,31.97,1,0.9268,0.25,0.0962,104.36,78.27,70.74,1.84,54.36,23.79,29.19,107.34,3.215,3.361,0.177
2025-09-23 21:29:00,PL03,LINE_A,B,PREMIUM,50.79,1,0.8258,0.1476,0.0631,58.54,49.9,46.75,4.07,46.81,13.18,13.76,73.75,5.547,5.647,0.257
2025-09-23 21:44:00,PL01,LINE_C,C,PREMIUM,47.74,1,0.8535,0.0633,0.15,64.37,60.29,51.25,3.86,55.6,13.97,16.3,85.88,5.283,5.534,0.579
2025-09-23 21:58:00,PL02,LINE_A,A,STANDARD,41.38,1,0.7808,0.1157,0.15,67.93,60.07,51.06,2.0,48.94,11.61,19.14,79.69,3.322,3.556,0.299
2025-09-23 22:02:00,PL02,LINE_C,A,HEAVY,58.48,1,0.7943,0.25,0.15,48.9,36.68,31.17,4.96,52.21,29.76,16.6,98.58,7.648,8.122,0.744
2025-09-23 23:02:00,PL01,LINE_A,C,PREMIUM,26.65,4,0.841,0.079,0.026,454.47,418.57,407.67,3.22,59.07,18.37,24.4,101.84,3.464,3.47,0.084
2025-09-23 23:06:00,PL02,LINE_A,C,PREMIUM,53.62,1,0.8951,0.1209,0.0757,60.1,52.83,48.83,3.39,54.37,20.36,21.19,95.91,5.208,5.356,0.257
2025-09-23 23:11:00,PL01,LINE_C,A,HEAVY,54.86,1,0.98,0.2373,0.1123,64.31,49.05,43.54,4.26,57.32,26.47,17.14,100.93,6.315,6.575,0.478
2025-09-23 23:24:00,PL01,LINE_A,B,HEAVY,73.62,2,0.98,0.1029,0.0628,95.84,85.98,80.58,4.99,56.63,19.96,21.91,98.51,6.133,6.209,0.313
2025-09-24 00:20:00,PL01,LINE_C,B,STANDARD,34.59,4,0.8325,0.2247,0.1083,346.59,268.73,239.61,2.63,56.3,12.18,14.6,83.08,2.938,2.976,0.285
2025-09-24 01:31:00,PL01,LINE_B,A,PREMIUM,60.03,2,0.7882,0.1955,0.15,94.53,76.05,64.64,3.49,53.99,15.88,21.64,91.51,4.69,4.902,0.523
2025-09-24 01:59:00,PL01,LINE_A,A,PREMIUM,53.36,2,0.7686,0.0797,0.1062,103.72,95.46,85.32,2.52,57.72,14.72,23.96,96.4,3.531,3.651,0.268
2025-09-24 01:59:00,PL02,LINE_A,C,HEAVY,95.73,2,0.8131,0.1941,0.066,61.15,49.28,46.03,3.77,55.94,25.83,26.3,108.07,5.961,6.116,0.249
2025-09-24 02:00:00,PL01,LINE_A,B,STANDARD,31.32,1,0.7898,0.1829,0.15,90.77,74.17,63.04,1.68,52.56,19.63,19.01,91.2,2.913,3.13,0.253
2025-09-24 02:59:00,PL01,LINE_D,B,PREMIUM,68.7,1,0.8891,0.2047,0.1245,46.59,37.05,32.44,2.69,55.61,20.36,27.08,103.05,5.476,5.871,0.335
2025-09-24 03:02:00,PL02,LINE_C,A,PREMIUM,41.62,1,0.902,0.2415,0.15,78.03,59.18,50.31,3.83,50.96,15.76,25.02,91.73,5.384,5.658,0.575
2025-09-24 03:18:00,PL01,LINE_B,B,HEAVY,63.33,1,0.8619,0.25,0.0645,48.99,36.74,34.37,4.37,59.28,21.65,15.21,96.14,6.991,7.171,0.282
2025-09-24 04:22:00,PL03,LINE_B,A,HEAVY,75.22,1,0.8387,0.25,0.1261,40.14,30.11,26.31,4.98,44.32,23.79,24.48,92.58,8.051,8.494,0.628
2025-09-24 04:25:00,PL02,LINE_C,C,HEAVY,42.42,2,0.8213,0.1274,0.1262,139.41,121.65,106.29,6.0,51.43,17.89,25.8,95.13,6.782,6.894,0.757
2025-09-24 05:18:00,PL02,LINE_C,C,STANDARD,38.22,1,0.8133,0.1032,0.0941,76.61,68.7,62.24,2.33,52.38,16.69,21.14,90.21,3.64,3.776,0.219
2025-09-24 05:27:00,PL02,LINE_C,A,HEAVY,46.85,1,0.8541,0.112,0.15,65.63,58.28,49.54,7.04,51.48,22.65,22.5,96.63,8.702,8.995,1.057
2025-09-24 05:44:00,PL01,LINE_A,C,STANDARD,44.44,1,0.9373,0.25,0.15,75.92,56.94,48.4,2.14,54.64,17.7,13.61,85.94,3.648,3.914,0.321
2025-09-24 07:17:00,PL03,LINE_C,A,HEAVY,67.05,1,0.8628,0.144,0.15,46.32,39.65,33.7,5.65,45.36,29.57,17.23,92.15,7.977,8.387,0.848
2025-09-24 09:26:00,PL01,LINE_B,A,PREMIUM,56.03,1,0.98,0.1142,0.1476,62.96,55.78,47.54,3.34,56.29,15.5,23.94,95.73,5.06,5.358,0.494
2025-09-24 09:29:00,PL02,LINE_C,C,PREMIUM,34.3,1,0.9442,0.25,0.15,99.1,74.32,63.17,2.58,52.6,17.34,32.16,102.1,3.958,4.201,0.388
2025-09-24 09:59:00,PL02,LINE_B,A,PREMIUM,34.99,2,0.9133,0.2089,0.0781,187.94,148.68,137.07,3.1,52.41,14.11,28.28,94.8,3.741,3.795,0.242
2025-09-24 10:12:00,PL01,LINE_C,B,STANDARD,51.82,1,0.7774,0.1192,0.032,54.01,47.57,46.05,1.98,58.68,16.93,20.16,95.77,3.988,4.055,0.063
2025-09-24 10:22:00,PL02,LINE_B,C,STANDARD,24.45,2,0.7509,0.2292,0.0635,221.08,170.41,159.58,2.03,53.29,17.04,26.22,96.55,2.596,2.634,0.129
2025-09-24 10:28:00,PL02,LINE_A,A,PREMIUM,37.17,4,0.7991,0.0684,0.15,309.57,288.39,245.13,3.4,49.02,17.04,21.64,87.7,3.709,3.762,0.511
2025-09-24 10:38:00,PL01,LINE_C,B,PREMIUM,37.3,1,0.8947,0.0512,0.0839,86.35,81.92,75.05,3.33,55.92,19.44,27.21,102.57,4.586,4.701,0.28
2025-09-24 11:04:00,PL01,LINE_B,A,STANDARD,29.72,1,0.8211,0.0663,0.15,99.45,92.85,78.93,1.93,53.8,20.68,16.85,91.34,2.917,3.09,0.29
2025-09-24 11:15:00,PL01,LINE_B,A,PREMIUM,39.12,1,0.9336,0.0723,0.15,85.92,79.71,67.75,3.39,55.24,17.94,13.26,86.44,4.479,4.67,0.509
2025-09-24 11:41:00,PL02,LINE_A,B,PREMIUM,60.81,1,0.9609,0.1174,0.1148,56.89,50.21,44.45,2.89,53.13,14.61,25.41,93.16,4.745,4.986,0.332
2025-09-24 14:43:00,PL01,LINE_B,C,STANDARD,33.61,1,0.8733,0.25,0.0097,93.55,70.16,69.49,2.0,56.89,10.94,16.28,84.11,3.203,3.215,0.019
2025-09-24 14:43:00,PL02,LINE_C,A,PREMIUM,45.86,1,0.98,0.25,0.15,76.94,57.7,49.05,3.71,51.58,23.91,21.74,97.23,5.392,5.689,0.556
2025-09-24 14:48:00,PL01,LINE_C,C,PREMIUM,64.22,4,0.9146,0.1482,0.0488,205.09,174.69,166.17,3.19,58.53,20.63,17.76,96.92,3.747,3.775,0.156
2025-09-24 15:26:00,PL02,LINE_C,C,STANDARD,38.44,1,0.98,0.0833,0.0325,91.77,84.13,81.4,2.85,51.2,19.74,22.78,93.73,3.965,4.002,0.093
2025-09-24 15:45:00,PL02,LINE_A,C,STANDARD,41.46,2,0.98,0.0666,0.1051,170.17,158.83,142.14,1.8,51.0,24.63,24.93,100.56,2.435,2.509,0.189
2025-09-24 16:10:00,PL02,LINE_A,B,PREMIUM,45.72,4,0.905,0.0948,0.0489,285.04,258.03,245.41,3.68,52.18,16.66,15.97,84.81,4.008,4.024,0.18
2025-09-24 17:12:00,PL02,LINE_C,C,PREMIUM,41.05,1,0.8276,0.1486,0.1224,72.58,61.8,54.23,3.19,52.74,18.85,24.73,96.31,4.753,4.97,0.391
2025-09-24 17:35:00,PL01,LINE_C,A,STANDARD,44.62,2,0.8475,0.1566,0.1375,136.75,115.33,99.48,2.11,59.79,10.14,18.31,88.24,2.873,2.995,0.29
2025-09-24 17:59:00,PL02,LINE_C,A,PREMIUM,47.55,1,0.9516,0.2057,0.15,72.04,57.22,48.64,3.12,48.43,29.29,16.18,93.9,4.763,5.052,0.468
2025-09-24 18:01:00,PL01,LINE_C,B,STANDARD,30.02,1,0.8469,0.2208,0.0587,101.56,79.13,74.49,2.29,55.38,20.28,28.75,104.41,3.613,3.695,0.135
2025-09-24 18:13:00,PL02,LINE_B,C,STANDARD,54.7,2,0.9479,0.1116,0.0755,124.77,110.85,102.48,1.63,50.64,17.29,20.6,88.54,2.427,2.493,0.123
2025-09-24 19:47:00,PL02,LINE_A,B,STANDARD,40.81,1,0.8467,0.2243,0.0304,74.69,57.94,56.18,2.07,50.96,9.09,22.93,82.98,3.507,3.552,0.063
2025-09-24 19:54:00,PL02,LINE_A,B,STANDARD,37.76,2,0.7935,0.0731,0.0373,151.32,140.26,135.03,2.59,51.24,17.85,24.54,93.63,3.257,3.283,0.097
2025-09-24 22:01:00,PL02,LINE_D,C,STANDARD,38.26,1,0.7953,0.1941,0.0941,74.82,60.3,54.62,2.39,54.86,14.29,22.65,91.8,3.915,4.073,0.225
2025-09-24 22:28:00,PL01,LINE_A,C,STANDARD,53.58,1,0.8734,0.0371,0.0997,58.68,56.51,50.87,3.17,55.68,16.5,12.65,84.84,4.67,4.837,0.316
2025-09-24 22:39:00,PL02,LINE_B,B,STANDARD,18.9,2,0.8725,0.2254,0.0117,332.44,257.52,254.52,2.29,51.87,18.78,24.99,95.64,2.659,2.664,0.027
2025-09-24 22:39:00,PL02,LINE_B,A,PREMIUM,29.24,4,0.8714,0.25,0.0749,429.14,321.85,297.76,2.49,48.16,15.35,29.55,93.06,2.783,2.807,0.187
2025-09-24 23:15:00,PL02,LINE_C,A,STANDARD,44.87,1,0.8574,0.1632,0.0999,68.78,57.56,51.81,1.89,52.27,15.35,28.84,96.46,3.571,3.756,0.189
2025-09-24 23:16:00,PL02,LINE_A,C,STANDARD,38.57,2,0.9301,0.1467,0.0273,173.62,148.16,144.11,2.29,56.03,26.36,17.35,99.74,2.959,2.978,0.062
2025-09-24 23:28:00,PL02,LINE_C,B,STANDARD,36.53,1,0.9248,0.2497,0.1345,91.14,68.38,59.18,2.48,49.86,18.12,22.17,90.15,3.798,4.003,0.334
2025-09-24 23:41:00,PL03,LINE_B,C,HEAVY,47.41,2,0.8342,0.0622,0.0318,126.69,118.82,115.04,6.16,47.65,21.82,23.36,92.83,6.939,6.964,0.196
2025-09-25 01:07:00,PL02,LINE_D,B,STANDARD,47.94,2,0.8213,0.0431,0.1166,123.36,118.03,104.27,2.7,50.79,20.59,13.65,85.03,3.422,3.517,0.315
2025-09-25 02:09:00,PL01,LINE_D,A,STANDARD,39.86,4,0.8737,0.1894,0.089,315.68,255.9,233.12,2.33,57.97,21.85,25.69,105.52,2.745,2.786,0.208
2025-09-25 02:13:00,PL01,LINE_D,C,STANDARD,55.95,1,0.8129,0.1619,0.15,52.3,43.84,37.26,2.76,58.59,27.26,19.19,105.04,5.151,5.574,0.413
2025-09-25 02:36:00,PL01,LINE_C,B,STANDARD,35.22,1,0.8534,0.1727,0.1162,87.23,72.16,63.77,2.01,54.11,16.54,25.05,95.7,3.333,3.508,0.233
2025-09-25 03:05:00,PL03,LINE_C,C,STANDARD,34.72,2,0.9197,0.1276,0.123,190.74,166.39,145.92,1.92,50.15,11.39,15.0,76.54,2.384,2.449,0.237
2025-09-25 03:36:00,PL01,LINE_C,A,STANDARD,29.88,1,0.8478,0.1117,0.15,102.14,90.73,77.12,1.75,53.55,17.56,16.5,87.6,2.72,2.891,0.263
2025-09-25 04:13:00,PL03,LINE_B,C,HEAVY,40.87,1,0.8177,0.25,0.0908,72.03,54.02,49.11,5.46,49.43,17.88,21.9,89.22,7.113,7.278,0.496
2025-09-25 04:30:00,PL01,LINE_B,A,STANDARD,24.91,1,0.8137,0.0617,0.0743,117.6,110.34,102.15,2.38,56.84,20.55,18.62,96.0,3.253,3.323,0.177
2025-09-25 05:45:00,PL02,LINE_C,B,STANDARD,51.34,4,0.8495,0.1312,0.0942,238.25,206.98,187.48,2.15,51.42,28.92,23.54,103.88,2.656,2.709,0.203
2025-09-25 05:57:00,PL03,LINE_A,C,STANDARD,34.55,1,0.8316,0.0994,0.0811,86.64,78.02,71.7,2.29,50.29,23.25,18.98,92.52,3.473,3.578,0.185
2025-09-25 06:09:00,PL02,LINE_A,A,STANDARD,42.51,2,0.8578,0.1507,0.1194,145.3,123.4,108.67,2.01,49.92,15.08,16.14,81.14,2.671,2.76,0.24
2025-09-25 07:04:00,PL01,LINE_C,C,STANDARD,35.66,2,0.8799,0.1699,0.0441,177.67,147.48,140.97,2.09,59.35,22.93,20.13,102.41,2.782,2.814,0.092
2025-09-25 07:17:00,PL02,LINE_C,A,STANDARD,36.87,1,0.9072,0.0547,0.15,88.58,83.73,71.17,2.0,48.47,13.21,23.89,85.57,3.026,3.206,0.301
2025-09-25 07:47:00,PL03,LINE_D,B,STANDARD,46.51,4,0.8196,0.1195,0.1085,253.77,223.44,199.2,2.28,47.97,15.89,19.11,82.97,2.649,2.694,0.247
2025-09-25 07:53:00,PL01,LINE_C,C,STANDARD,35.53,2,0.8203,0.0458,0.1327,166.22,158.6,137.55,2.11,56.08,13.75,28.63,98.47,2.73,2.825,0.28
2025-09-25 08:29:00,PL01,LINE_A,C,HEAVY,60.93,1,0.8021,0.172,0.0883,47.39,39.24,35.78,5.56,56.9,21.5,21.05,99.44,8.096,8.341,0.491
2025-09-25 08:57:00,PL02,LINE_B,A,HEAVY,74.69,1,0.8574,0.1475,0.15,41.33,35.23,29.95,3.47,49.59,23.93,26.68,100.2,6.311,6.813,0.52
2025-09-25 09:34:00,PL03,LINE_C,B,STANDARD,40.03,1,0.8482,0.1667,0.0399,76.29,63.57,61.03,2.01,48.46,22.13,23.28,93.87,3.485,3.547,0.08
2025-09-25 09:54:00,PL02,LINE_C,B,STANDARD,33.49,1,0.8235,0.0681,0.1,88.53,82.5,74.25,2.19,50.83,24.91,11.66,87.39,3.245,3.363,0.219
2025-09-25 11:31:00,PL01,LINE_C,B,PREMIUM,40.0,4,0.9122,0.1525,0.1111,328.4,278.31,247.39,3.5,57.8,20.94,16.86,95.6,3.841,3.884,0.389
2025-09-25 11:52:00,PL03,LINE_A,B,STANDARD,32.11,1,0.7898,0.25,0.1066,88.53,66.4,59.32,2.52,47.95,19.7,8.75,76.4,3.666,3.803,0.268
2025-09-25 12:00:00,PL01,LINE_A,A,HEAVY,89.07,1,0.8141,0.0377,0.15,32.9,31.66,26.91,4.73,56.88,23.1,23.68,103.66,8.002,8.58,0.709
2025-09-25 12:27:00,PL01,LINE_A,B,PREMIUM,37.53,1,0.9047,0.0873,0.15,86.79,79.22,67.33,2.75,55.54,19.81,21.93,97.29,3.982,4.199,0.413
2025-09-25 12:51:00,PL02,LINE_A,A,STANDARD,39.46,1,0.8545,0.0279,0.1058,77.96,75.79,67.77,2.39,50.86,13.46,16.92,81.24,3.464,3.591,0.253
2025-09-25 14:00:00,PL01,LINE_A,A,STANDARD,44.67,1,0.8107,0.1867,0.0472,65.34,53.14,50.63,2.83,52.74,17.93,27.67,98.35,4.68,4.772,0.134
2025-09-25 15:39:00,PL03,LINE_B,C,STANDARD,51.17,1,0.8123,0.25,0.15,57.16,42.87,36.44,1.63,50.79,18.18,18.75,87.72,3.673,4.034,0.244
2025-09-25 15:58:00,PL03,LINE_B,C,STANDARD,34.53,1,0.7905,0.1642,0.15,82.42,68.88,58.55,2.13,49.94,24.51,31.43,105.88,3.668,3.939,0.32
2025-09-25 16:01:00,PL03,LINE_C,A,HEAVY,72.35,1,0.9355,0.1168,0.15,46.55,41.11,34.95,4.06,49.47,18.18,20.11,87.77,6.193,6.57,0.609
2025-09-25 16:45:00,PL03,LINE_C,C,STANDARD,34.82,1,0.9073,0.25,0.15,93.82,70.36,59.81,2.34,49.12,24.03,26.27,99.42,3.756,4.006,0.352
2025-09-25 16:46:00,PL02,LINE_D,A,STANDARD,34.79,1,0.8282,0.25,0.1312,85.69,64.27,55.84,1.82,50.22,18.09,30.89,99.2,3.367,3.6,0.239
2025-09-25 16:52:00,PL02,LINE_C,B,STANDARD,43.65,1,0.8172,0.0728,0.0102,67.4,62.49,61.85,2.19,53.09,19.35,23.21,95.65,3.725,3.741,0.022
2025-09-25 18:02:00,PL02,LINE_D,B,STANDARD,28.59,1,0.8907,0.0455,0.0591,112.15,107.04,100.71,2.28,49.93,23.24,27.16,100.33,3.222,3.281,0.135
2025-09-25 18:24:00,PL01,LINE_C,A,PREMIUM,28.4,1,0.8502,0.2095,0.1339,107.77,85.19,73.78,3.83,59.58,9.85,32.57,102.0,5.032,5.217,0.513
2025-09-25 18:30:00,PL01,LINE_B,A,HEAVY,71.96,1,0.7931,0.0275,0.0259,39.68,38.59,37.59,5.26,53.11,20.83,19.01,92.96,7.666,7.73,0.136
2025-09-25 18:35:00,PL02,LINE_B,B,HEAVY,26.2,2,0.8409,0.25,0.147,231.06,173.3,147.82,5.21,53.68,21.75,23.06,98.49,5.782,5.88,0.767
2025-09-25 18:43:00,PL01,LINE_B,A,STANDARD,33.49,2,0.8088,0.1776,0.0554,173.87,142.98,135.06,2.19,52.2,27.78,26.3,106.29,2.932,2.976,0.121
2025-09-25 19:54:00,PL03,LINE_A,A,PREMIUM,62.45,1,0.854,0.2027,0.1117,49.23,39.25,34.87,2.75,48.54,20.9,24.28,93.72,5.143,5.443,0.308
2025-09-25 20:34:00,PL01,LINE_B,C,STANDARD,30.7,1,0.9224,0.25,0.1129,108.18,81.14,71.98,1.68,58.12,18.47,26.58,103.16,2.948,3.11,0.189
2025-09-25 20:37:00,PL03,LINE_A,A,STANDARD,20.8,2,0.8372,0.0179,0.1135,289.74,284.55,252.24,2.25,48.57,16.57,22.99,88.12,2.563,2.602,0.256
2025-09-25 21:05:00,PL02,LINE_C,B,PREMIUM,32.93,1,0.8599,0.25,0.0988,94.0,70.5,63.53,3.09,52.01,19.57,27.59,99.17,4.497,4.651,0.305
2025-09-25 21:54:00,PL01,LINE_B,A,STANDARD,32.71,2,0.8781,0.25,0.075,193.28,144.96,134.09,1.53,54.45,24.19,26.45,105.08,2.253,2.312,0.115
2025-09-25 22:45:00,PL03,LINE_D,B,STANDARD,24.77,1,0.8648,0.1873,0.08,125.67,102.13,93.96,1.97,50.82,18.95,28.14,97.91,2.924,3.008,0.157
2025-09-25 23:44:00,PL01,LINE_B,B,STANDARD,35.81,2,0.9104,0.2467,0.1385,183.04,137.89,118.79,2.21,58.52,17.28,24.85,100.64,2.945,3.062,0.307
2025-09-26 01:17:00,PL01,LINE_A,C,STANDARD,48.35,2,0.7982,0.1583,0.15,118.86,100.04,85.04,2.21,56.44,19.63,28.7,104.76,3.261,3.445,0.332
2025-09-26 01:21:00,PL01,LINE_C,C,PREMIUM,64.47,1,0.8161,0.2194,0.057,45.57,35.57,33.54,3.7,59.45,17.85,22.81,100.1,6.514,6.684,0.211
2025-09-26 01:38:00,PL02,LINE_B,A,STANDARD,44.0,1,0.9061,0.1498,0.0643,74.14,63.03,58.98,1.78,44.48,14.93,20.01,79.42,3.04,3.126,0.115
2025-09-26 01:43:00,PL01,LINE_A,B,HEAVY,81.07,1,0.8881,0.25,0.0972,39.44,29.58,26.7,5.62,59.29,17.76,25.19,102.24,9.072,9.444,0.546
2025-09-26 01:55:00,PL02,LINE_B,A,STANDARD,36.88,1,0.773,0.25,0.0344,75.46,56.6,54.65,1.8,50.14,15.53,22.95,88.63,3.371,3.427,0.062
2025-09-26 02:40:00,PL02,LINE_A,B,STANDARD,31.65,1,0.8349,0.0717,0.15,94.98,88.16,74.94,1.98,51.49,22.7,10.76,84.95,2.942,3.112,0.297
2025-09-26 03:08:00,PL02,LINE_A,B,STANDARD,45.3,1,0.9621,0.1495,0.15,76.47,65.03,55.28,2.46,48.91,16.11,21.8,86.81,3.798,4.033,0.369
2025-09-26 04:08:00,PL01,LINE_C,A,HEAVY,51.0,2,0.8549,0.2267,0.15,120.69,93.33,79.33,5.4,55.58,25.89,26.73,108.2,6.564,6.769,0.811
2025-09-26 04:33:00,PL03,LINE_A,C,PREMIUM,31.74,1,0.8708,0.25,0.15,98.76,74.07,62.96,3.62,47.6,21.68,10.63,79.9,4.695,4.886,0.542
2025-09-26 04:39:00,PL02,LINE_B,A,HEAVY,69.03,2,0.9655,0.25,0.15,100.71,75.53,64.2,5.31,53.11,26.66,18.96,98.73,6.616,6.847,0.796
2025-09-26 05:03:00,PL01,LINE_D,C,HEAVY,44.94,1,0.8545,0.2129,0.0258,68.46,53.88,52.5,3.75,54.93,25.18,24.97,105.08,5.703,5.755,0.097
2025-09-26 05:20:00,PL03,LINE_B,B,PREMIUM,87.27,1,0.9161,0.1097,0.0228,37.79,33.65,32.88,1.87,50.37,13.55,26.06,89.98,4.544,4.607,0.043
2025-09-26 05:27:00,PL01,LINE_A,B,PREMIUM,71.28,2,0.845,0.0064,0.1261,85.35,84.8,74.11,2.57,57.11,17.07,29.76,103.93,3.797,3.973,0.324
2025-09-26 05:35:00,PL01,LINE_B,B,HEAVY,71.01,1,0.7718,0.25,0.1178,39.13,29.35,25.89,6.35,57.75,21.85,26.2,105.79,9.954,10.436,0.748
2025-09-26 05:35:00,PL01,LINE_B,C,HEAVY,62.62,1,0.891,0.1301,0.052,51.23,44.56,42.24,3.99,55.43,24.83,18.11,98.38,6.195,6.316,0.207
2025-09-26 06:12:00,PL01,LINE_C,B,STANDARD,29.71,4,0.9433,0.12,0.0449,457.24,402.36,384.3,1.97,57.72,20.77,22.07,100.56,2.216,2.228,0.088
2025-09-26 06:30:00,PL01,LINE_D,A,STANDARD,38.35,1,0.8209,0.0611,0.108,77.05,72.34,64.52,1.77,52.83,17.79,24.86,95.48,3.093,3.253,0.192
2025-09-26 06:49:00,PL03,LINE_C,A,PREMIUM,41.38,2,0.8859,0.1342,0.115,154.15,133.46,118.12,4.44,45.59,21.16,31.96,98.71,5.181,5.277,0.511
2025-09-26 06:52:00,PL03,LINE_B,C,STANDARD,51.28,2,0.8277,0.2435,0.0868,116.22,87.92,80.28,2.76,52.27,14.82,22.36,89.44,3.782,3.879,0.24
2025-09-26 07:20:00,PL01,LINE_B,C,PREMIUM,31.29,1,0.8178,0.25,0.0951,94.1,70.57,63.86,3.26,62.49,6.38,14.28,83.15,4.438,4.562,0.31
2025-09-26 07:57:00,PL01,LINE_C,C,PREMIUM,48.28,1,0.8257,0.2314,0.0788,61.57,47.32,43.6,3.1,59.85,10.84,32.48,103.17,5.28,5.466,0.244
2025-09-26 08:10:00,PL02,LINE_B,A,STANDARD,35.9,4,0.8687,0.1064,0.0242,348.47,311.4,303.86,1.68,48.21,14.93,22.99,86.13,1.959,1.966,0.041
2025-09-26 08:11:00,PL01,LINE_B,B,PREMIUM,36.71,2,0.9098,0.0214,0.1166,178.45,174.63,154.27,3.85,53.18,18.75,18.4,90.33,4.366,4.434,0.449
2025-09-26 08:14:00,PL01,LINE_C,C,STANDARD,30.72,1,0.7719,0.1695,0.0734,90.47,75.14,69.62,2.65,63.04,18.49,27.91,109.43,4.106,4.221,0.194
2025-09-26 08:31:00,PL03,LINE_B,C,PREMIUM,32.07,2,0.8575,0.2027,0.15,192.51,153.49,130.47,2.86,51.05,22.36,23.43,96.83,3.495,3.606,0.43
2025-09-26 08:35:00,PL02,LINE_B,C,STANDARD,38.49,2,0.8007,0.1771,0.15,149.79,123.25,104.77,2.17,55.44,23.53,31.34,110.31,3.064,3.222,0.325
2025-09-26 08:53:00,PL01,LINE_B,B,STANDARD,28.05,1,0.8198,0.25,0.0552,105.23,78.92,74.56,2.32,55.35,17.27,20.12,92.74,3.492,3.561,0.128
2025-09-26 09:25:00,PL02,LINE_A,B,STANDARD,29.99,1,0.7845,0.1688,0.0971,94.16,78.27,70.67,2.59,49.1,17.95,28.33,95.38,3.81,3.941,0.252
2025-09-26 09:47:00,PL01,LINE_C,A,STANDARD,47.55,2,0.8261,0.0503,0.0733,125.08,118.79,110.08,1.87,53.97,21.59,24.05,99.61,2.71,2.776,0.137
2025-09-26 12:12:00,PL01,LINE_D,C,HEAVY,40.38,1,0.8981,0.0812,0.0458,80.07,73.57,70.2,6.09,59.73,22.44,19.16,101.33,7.467,7.533,0.279
2025-09-26 12:51:00,PL01,LINE_D,B,PREMIUM,49.99,1,0.8371,0.2459,0.0928,60.29,45.46,41.24,3.75,59.42,15.36,25.41,100.19,5.959,6.184,0.348
2025-09-26 13:36:00,PL03,LINE_C,C,STANDARD,39.68,2,0.7799,0.1798,0.1135,141.52,116.08,102.9,2.79,50.59,21.5,26.33,98.42,3.633,3.742,0.316
2025-09-26 14:03:00,PL02,LINE_D,A,STANDARD,47.36,1,0.8395,0.1212,0.1461,63.82,56.08,47.89,2.36,54.69,17.86,22.02,94.57,4.041,4.33,0.344
2025-09-26 14:30:00,PL03,LINE_B,B,PREMIUM,50.88,2,0.8694,0.0863,0.1162,123.04,112.42,99.36,2.99,50.54,16.02,19.5,86.06,3.758,3.858,0.348
2025-09-26 14:37:00,PL01,LINE_C,A,HEAVY,71.37,1,0.8836,0.1852,0.0582,44.57,36.32,34.2,3.76,53.67,15.73,14.73,84.13,6.075,6.218,0.219
2025-09-26 14:58:00,PL03,LINE_A,B,PREMIUM,82.77,1,0.8737,0.2453,0.0765,38.0,28.68,26.49,3.05,49.38,17.21,26.82,93.41,6.309,6.579,0.234
2025-09-26 15:32:00,PL03,LINE_A,A,STANDARD,20.45,1,0.7734,0.1327,0.0216,136.16,118.09,115.54,2.81,49.41,17.31,27.86,94.58,3.61,3.628,0.061
2025-09-26 15:41:00,PL03,LINE_B,A,STANDARD,31.14,1,0.8773,0.0682,0.047,101.43,94.51,90.07,2.21,45.52,18.39,21.61,85.52,3.113,3.158,0.104
2025-09-26 16:20:00,PL03,LINE_B,C,PREMIUM,73.96,2,0.8692,0.0294,0.068,84.61,82.13,76.55,4.15,47.48,20.34,18.22,86.04,5.198,5.274,0.282
2025-09-26 16:34:00,PL01,LINE_A,B,HEAVY,112.47,1,0.8753,0.25,0.0409,28.02,21.01,20.15,5.09,57.15,28.98,21.34,107.46,10.205,10.423,0.208
2025-09-26 16:55:00,PL03,LINE_C,B,STANDARD,31.52,1,0.98,0.25,0.0406,111.94,83.95,80.54,2.32,50.24,13.63,21.99,85.86,3.343,3.386,0.094
2025-09-26 17:10:00,PL01,LINE_D,B,STANDARD,68.28,1,0.8614,0.25,0.0562,45.41,34.06,32.15,1.76,52.52,18.44,16.53,87.48,4.324,4.477,0.099
2025-09-26 17:57:00,PL03,LINE_A,B,STANDARD,31.92,2,0.834,0.25,0.15,188.11,141.08,119.92,2.39,50.69,15.86,25.11,91.66,3.039,3.154,0.358
2025-09-26 18:50:00,PL03,LINE_C,C,PREMIUM,53.88,2,0.8563,0.071,0.0175,114.42,106.29,104.43,2.77,48.8,13.18,24.95,86.93,3.585,3.599,0.048
2025-09-26 19:16:00,PL03,LINE_B,B,PREMIUM,52.71,4,0.8388,0.0908,0.15,229.17,208.36,177.1,3.97,49.66,16.39,21.1,87.15,4.388,4.461,0.595
2025-09-26 19:33:00,PL03,LINE_B,A,STANDARD,21.41,2,0.8833,0.1573,0.15,297.1,250.38,212.83,2.97,45.93,11.18,26.43,83.54,3.307,3.366,0.446
2025-09-26 19:38:00,PL03,LINE_A,B,PREMIUM,49.4,1,0.887,0.1285,0.0708,64.64,56.33,52.34,3.08,50.25,15.31,26.35,91.91,4.707,4.831,0.218
2025-09-26 19:58:00,PL03,LINE_A,B,STANDARD,38.86,1,0.8851,0.1456,0.0265,81.99,70.06,68.2,2.04,46.95,16.04,22.93,85.92,3.266,3.3,0.054
2025-09-26 20:03:00,PL01,LINE_C,C,STANDARD,28.35,2,0.8837,0.0087,0.0379,224.45,222.49,214.04,2.14,61.66,21.6,26.41,109.68,2.63,2.65,0.081
2025-09-26 20:04:00,PL03,LINE_B,C,PREMIUM,42.48,2,0.8354,0.25,0.1176,141.59,106.2,93.71,2.79,48.02,18.17,19.41,85.6,3.596,3.704,0.328
2025-09-26 20:49:00,PL01,LINE_B,C,PREMIUM,41.63,1,0.8785,0.1698,0.0823,75.96,63.07,57.87,3.9,58.17,20.85,23.22,102.24,5.522,5.668,0.321
2025-09-26 20:53:00,PL03,LINE_C,A,STANDARD,50.68,1,0.7805,0.1216,0.1051,55.44,48.69,43.57,2.38,46.19,11.39,29.46,87.03,4.17,4.38,0.25
2025-09-26 21:00:00,PL01,LINE_B,B,STANDARD,14.48,2,0.7888,0.1246,0.0967,392.25,343.36,310.16,1.95,55.11,14.47,28.51,98.08,2.237,2.267,0.189
2025-09-26 22:38:00,PL01,LINE_B,B,STANDARD,28.25,2,0.7192,0.25,0.1467,183.34,137.5,117.33,2.26,59.01,19.65,20.48,99.14,2.984,3.108,0.332
2025-09-26 22:59:00,PL01,LINE_B,C,HEAVY,48.14,2,0.8035,0.0447,0.0419,120.17,114.8,109.99,3.99,57.81,27.05,19.04,103.9,4.891,4.931,0.167
2025-09-26 23:55:00,PL01,LINE_D,B,STANDARD,47.89,1,0.7921,0.25,0.15,59.54,44.66,37.96,1.81,59.24,12.58,24.54,96.36,3.967,4.347,0.271
2025-09-27 00:01:00,PL03,LINE_D,C,STANDARD,38.34,2,0.7722,0.25,0.089,145.0,108.75,99.07,2.52,52.27,20.55,23.66,96.49,3.411,3.498,0.225
2025-09-27 00:08:00,PL02,LINE_A,B,PREMIUM,60.02,1,0.8929,0.1613,0.0556,53.55,44.92,42.42,3.12,50.33,15.46,23.36,89.15,5.106,5.222,0.174
2025-09-27 00:10:00,PL01,LINE_B,A,PREMIUM,33.58,1,0.9112,0.25,0.0764,97.69,73.27,67.67,2.65,51.93,15.96,24.37,92.26,3.905,4.009,0.202
2025-09-27 00:26:00,PL02,LINE_B,C,PREMIUM,39.98,1,0.8727,0.2129,0.0321,78.59,61.86,59.87,3.7,54.03,16.42,20.57,91.02,5.167,5.216,0.119
2025-09-27 00:54:00,PL02,LINE_C,B,STANDARD,36.39,1,0.8463,0.1355,0.0958,83.73,72.38,65.44,1.39,52.66,24.15,23.24,100.05,2.777,2.923,0.134
2025-09-27 01:11:00,PL01,LINE_B,B,STANDARD,23.01,1,0.886,0.2092,0.0545,138.65,109.65,103.67,1.82,56.4,20.33,30.82,107.54,2.799,2.856,0.099
2025-09-27 03:06:00,PL02,LINE_C,B,PREMIUM,39.11,2,0.8086,0.25,0.15,148.84,111.63,94.89,2.65,51.51,13.13,17.42,82.07,3.384,3.513,0.397
2025-09-27 03:13:00,PL02,LINE_C,A,STANDARD,24.64,2,0.9001,0.25,0.1476,263.06,197.3,168.17,2.44,50.92,14.36,24.82,90.1,2.897,2.976,0.36
2025-09-27 03:13:00,PL01,LINE_A,C,STANDARD,26.62,1,0.9465,0.1977,0.1216,127.99,102.68,90.2,2.26,59.21,14.58,19.08,92.86,3.169,3.294,0.275
2025-09-27 05:15:00,PL02,LINE_A,A,PREMIUM,76.86,1,0.9693,0.1343,0.15,45.4,39.3,33.41,3.87,48.03,16.02,21.05,85.1,6.033,6.415,0.58
2025-09-27 05:19:00,PL01,LINE_B,A,STANDARD,38.5,2,0.98,0.1737,0.0935,183.26,151.42,137.26,2.44,54.42,13.5,25.03,92.96,3.058,3.121,0.229
2025-09-27 05:24:00,PL02,LINE_C,A,PREMIUM,51.94,1,0.8885,0.2452,0.0817,61.59,46.49,42.69,3.49,50.16,17.87,23.77,91.8,5.462,5.637,0.285
2025-09-27 05:41:00,PL02,LINE_B,B,PREMIUM,33.53,1,0.8673,0.1153,0.15,93.12,82.38,70.02,3.84,53.26,10.28,15.87,79.4,4.808,4.978,0.577
2025-09-27 05:52:00,PL01,LINE_D,C,STANDARD,41.44,2,0.7937,0.1512,0.1182,137.91,117.05,103.21,2.33,54.8,24.14,24.81,103.75,3.221,3.34,0.276
2025-09-27 05:53:00,PL01,LINE_B,A,STANDARD,43.04,2,0.817,0.0506,0.15,136.67,129.76,110.29,2.56,54.02,19.63,26.06,99.7,3.326,3.461,0.384
2025-09-27 08:41:00,PL02,LINE_B,A,PREMIUM,71.22,2,0.868,0.1113,0.047,87.74,77.98,74.32,2.53,49.73,14.4,11.56,75.69,3.502,3.55,0.119
2025-09-27 08:51:00,PL01,LINE_A,C,PREMIUM,53.09,4,0.8972,0.062,0.0423,243.37,228.28,218.63,3.43,58.61,14.58,15.59,88.78,3.816,3.833,0.145
2025-09-27 10:47:00,PL02,LINE_D,A,PREMIUM,47.47,1,0.8276,0.25,0.079,62.76,47.07,43.35,2.1,46.69,18.52,20.47,85.68,3.917,4.073,0.166
2025-09-27 13:13:00,PL03,LINE_B,B,PREMIUM,37.34,4,0.7883,0.018,0.0368,304.06,298.59,287.59,2.99,48.52,16.8,15.89,81.22,3.266,3.277,0.11
2025-09-27 13:22:00,PL01,LINE_C,C,PREMIUM,52.64,4,0.8571,0.0987,0.0334,234.49,211.35,204.28,2.79,60.12,23.66,21.46,105.24,3.286,3.304,0.093
2025-09-27 13:24:00,PL02,LINE_B,A,HEAVY,76.83,1,0.8322,0.1412,0.0248,38.99,33.49,32.66,5.54,51.39,19.71,29.45,100.55,8.538,8.614,0.137
2025-09-27 13:25:00,PL02,LINE_D,B,STANDARD,33.18,1,0.9497,0.2111,0.1473,103.06,81.31,69.33,3.02,48.41,17.34,25.21,90.96,4.137,4.33,0.444
2025-09-27 14:12:00,PL02,LINE_B,C,PREMIUM,33.76,1,0.7804,0.1244,0.0659,83.22,72.86,68.06,1.83,55.11,15.01,20.38,90.5,3.068,3.156,0.12
2025-09-27 14:34:00,PL01,LINE_C,B,PREMIUM,58.18,2,0.8604,0.1481,0.15,106.49,90.71,77.11,3.17,58.75,18.99,21.47,99.22,4.265,4.458,0.476
2025-09-27 16:24:00,PL02,LINE_A,A,HEAVY,57.36,2,0.7704,0.1647,0.0595,96.7,80.78,75.97,5.91,50.92,25.05,14.47,90.45,7.035,7.105,0.352
2025-09-27 16:46:00,PL03,LINE_D,C,STANDARD,25.95,4,0.7675,0.1412,0.0412,425.91,365.75,350.68,2.42,54.58,12.75,20.04,87.37,2.659,2.669,0.1
2025-09-27 17:04:00,PL01,LINE_A,A,PREMIUM,47.5,1,0.8387,0.2345,0.1289,63.57,48.66,42.39,3.05,57.43,21.93,18.68,98.04,5.062,5.36,0.393
2025-09-27 18:53:00,PL03,LINE_B,A,PREMIUM,43.55,2,0.8321,0.1716,0.0604,137.56,113.95,107.07,3.35,51.12,14.49,21.6,87.21,4.115,4.164,0.202
2025-09-27 19:43:00,PL01,LINE_A,B,PREMIUM,39.12,2,0.8734,0.25,0.1288,160.74,120.56,105.03,2.99,56.25,17.2,14.26,87.71,3.718,3.825,0.385
2025-09-27 21:27:00,PL02,LINE_C,C,HEAVY,47.16,1,0.7703,0.1311,0.0484,58.8,51.09,48.62,4.41,53.73,25.47,23.07,102.26,6.41,6.512,0.213
2025-09-27 21:51:00,PL01,LINE_D,A,STANDARD,49.54,2,0.8545,0.1828,0.1097,124.18,101.48,90.34,2.56,55.36,23.13,26.47,104.96,3.595,3.723,0.281
2025-09-27 21:59:00,PL03,LINE_A,B,PREMIUM,35.33,2,0.7632,0.2296,0.15,155.55,119.84,101.86,3.06,47.69,13.56,13.21,74.46,3.676,3.786,0.458
2025-09-27 22:18:00,PL03,LINE_C,C,STANDARD,17.92,1,0.7821,0.1648,0.0725,157.09,131.2,121.69,2.79,47.26,19.51,24.84,91.61,3.488,3.543,0.202
2025-09-28 01:19:00,PL01,LINE_C,B,PREMIUM,69.18,1,0.8627,0.1601,0.1151,44.89,37.71,33.37,3.26,55.35,14.89,22.78,93.01,5.723,6.044,0.375
2025-09-28 02:41:00,PL02,LINE_D,B,STANDARD,43.3,1,0.6827,0.1621,0.0141,56.76,47.56,46.89,2.37,48.93,16.68,24.3,89.91,4.263,4.29,0.034
2025-09-28 03:27:00,PL02,LINE_D,C,PREMIUM,45.14,2,0.8448,0.0937,0.0498,134.74,122.12,116.04,3.77,57.04,14.1,16.53,87.67,4.484,4.522,0.187
2025-09-28 03:35:00,PL03,LINE_B,A,STANDARD,37.71,1,0.7749,0.1098,0.15,73.96,65.84,55.96,2.31,48.84,13.67,17.95,80.46,3.528,3.743,0.346
2025-09-28 04:46:00,PL03,LINE_C,B,PREMIUM,32.33,4,0.8426,0.1492,0.0894,375.31,319.31,290.76,2.59,48.43,17.89,23.37,89.7,2.867,2.895,0.231
2025-09-28 06:21:00,PL02,LINE_B,A,PREMIUM,51.98,2,0.9413,0.0774,0.15,130.4,120.31,102.26,3.05,50.26,18.25,18.02,86.53,3.77,3.897,0.458
2025-09-28 06:43:00,PL01,LINE_A,A,PREMIUM,43.92,2,0.7521,0.2334,0.0938,123.29,94.51,85.65,2.79,54.38,17.07,23.18,94.64,3.789,3.892,0.261
2025-09-28 06:57:00,PL03,LINE_D,A,PREMIUM,59.76,1,0.9703,0.0588,0.15,58.45,55.02,46.76,3.94,43.98,21.96,24.01,89.95,5.574,5.863,0.591
2025-09-28 07:34:00,PL02,LINE_B,C,STANDARD,28.04,2,0.8089,0.1618,0.1489,207.7,174.11,148.19,1.43,50.11,12.15,14.9,77.16,1.874,1.951,0.213
2025-09-28 07:37:00,PL03,LINE_B,C,HEAVY,31.42,1,0.9016,0.25,0.1114,103.28,77.46,68.83,5.7,50.35,23.92,21.68,95.95,6.934,7.089,0.634
2025-09-28 08:56:00,PL01,LINE_D,C,STANDARD,34.02,1,0.7978,0.25,0.1072,84.42,63.31,56.52,1.86,59.3,19.0,24.36,102.67,3.485,3.68,0.2
2025-09-28 09:09:00,PL01,LINE_A,A,HEAVY,62.37,2,0.8835,0.1622,0.043,101.99,85.44,81.77,5.87,51.9,18.3,10.01,80.2,6.809,6.851,0.252
2025-09-28 09:56:00,PL01,LINE_D,A,STANDARD,35.77,2,0.8069,0.1205,0.0857,162.42,142.84,130.59,1.81,53.8,14.0,21.03,88.83,2.43,2.488,0.155
2025-09-28 10:15:00,PL02,LINE_B,A,PREMIUM,67.75,2,0.877,0.25,0.0294,93.21,69.91,67.85,3.19,47.32,23.25,23.76,94.33,4.539,4.58,0.094
2025-09-28 10:17:00,PL01,LINE_A,B,STANDARD,33.58,2,0.803,0.0307,0.0444,172.19,166.91,159.5,1.76,56.16,17.9,24.39,98.45,2.347,2.374,0.078
2025-09-28 10:34:00,PL01,LINE_C,C,STANDARD,37.32,2,0.953,0.0172,0.094,183.88,180.71,163.72,2.06,58.88,17.17,25.01,101.07,2.622,2.68,0.194
2025-09-28 12:32:00,PL02,LINE_A,B,HEAVY,80.96,1,0.8985,0.0606,0.0631,39.95,37.53,35.16,4.43,52.9,21.85,27.58,102.33,7.157,7.341,0.28
2025-09-28 12:37:00,PL02,LINE_D,C,PREMIUM,35.75,2,0.7268,0.1836,0.127,146.39,119.51,104.33,3.7,54.52,12.92,24.38,91.82,4.47,4.582,0.47
2025-09-28 12:37:00,PL03,LINE_D,B,PREMIUM,38.92,2,0.832,0.1607,0.0738,153.93,129.2,119.66,2.37,47.52,11.15,20.5,79.17,2.984,3.033,0.175
2025-09-28 13:08:00,PL01,LINE_A,A,STANDARD,52.93,1,0.8432,0.25,0.1247,57.35,43.01,37.65,2.33,53.67,24.37,27.09,105.14,4.774,5.122,0.29
2025-09-28 13:35:00,PL03,LINE_B,A,STANDARD,32.55,1,0.9616,0.25,0.0949,106.37,79.77,72.2,2.31,50.87,29.81,20.28,100.97,3.573,3.706,0.219
2025-09-28 14:20:00,PL02,LINE_A,A,HEAVY,53.23,1,0.841,0.25,0.1096,56.87,42.65,37.98,6.65,45.91,20.85,20.88,87.64,8.703,8.955,0.729
2025-09-28 14:28:00,PL02,LINE_C,C,STANDARD,44.52,1,0.865,0.1439,0.0801,69.95,59.89,55.09,1.65,49.35,13.94,26.53,89.82,3.153,3.284,0.132
2025-09-28 14:44:00,PL02,LINE_C,A,PREMIUM,59.36,2,0.7801,0.25,0.0982,94.62,70.97,64.0,3.78,49.84,13.9,14.19,77.93,4.877,4.997,0.371
2025-09-28 15:52:00,PL02,LINE_C,A,HEAVY,64.5,1,0.9416,0.054,0.0751,52.55,49.72,45.98,5.43,49.4,26.6,22.88,98.87,7.424,7.585,0.408
2025-09-28 16:13:00,PL02,LINE_B,B,STANDARD,63.96,4,0.8534,0.0685,0.1448,192.15,179.0,153.07,2.65,52.19,18.98,25.96,97.13,3.195,3.287,0.384
2025-09-28 16:21:00,PL02,LINE_C,B,STANDARD,21.22,2,0.9428,0.1425,0.032,319.92,274.33,265.57,2.17,51.18,19.41,18.9,89.49,2.499,2.51,0.069
2025-09-28 16:28:00,PL02,LINE_B,B,PREMIUM,30.52,1,0.9115,0.1647,0.15,107.53,89.82,76.35,3.15,50.84,15.33,22.04,88.21,4.131,4.304,0.472
2025-09-28 16:29:00,PL02,LINE_C,C,HEAVY,51.17,1,0.8115,0.1097,0.0064,57.1,50.83,50.5,4.67,55.36,22.13,24.78,102.27,6.683,6.696,0.03
2025-09-28 16:34:00,PL01,LINE_B,B,STANDARD,25.05,1,0.7527,0.25,0.0817,108.16,81.12,74.49,2.14,58.48,12.8,14.94,86.22,3.201,3.296,0.175
2025-09-28 16:47:00,PL02,LINE_B,A,STANDARD,34.54,1,0.8968,0.2172,0.0665,93.47,73.17,68.3,2.21,49.55,20.73,20.71,90.99,3.458,3.546,0.147
2025-09-28 19:00:00,PL02,LINE_C,B,HEAVY,49.01,1,0.7934,0.25,0.1212,58.28,43.71,38.41,5.63,51.16,26.09,17.04,94.29,7.785,8.083,0.682
2025-09-28 19:24:00,PL02,LINE_C,A,PREMIUM,28.09,1,0.9261,0.2166,0.0768,118.69,92.98,85.84,3.73,51.14,19.18,20.8,91.12,4.707,4.788,0.286
2025-09-28 19:36:00,PL01,LINE_C,B,PREMIUM,52.05,1,0.8262,0.0182,0.0854,57.14,56.1,51.31,3.18,53.73,19.48,22.5,95.71,4.886,5.045,0.272
2025-09-28 20:04:00,PL02,LINE_C,A,HEAVY,49.02,1,0.9326,0.0903,0.0747,68.49,62.3,57.65,4.13,45.22,14.62,17.17,77.01,5.363,5.462,0.308
2025-09-28 21:19:00,PL02,LINE_B,A,STANDARD,24.8,2,0.8397,0.0726,0.0499,243.76,226.08,214.8,1.76,49.6,13.74,21.82,85.17,2.138,2.158,0.088
2025-09-28 23:31:00,PL02,LINE_C,C,PREMIUM,31.5,2,0.8354,0.1669,0.0808,190.92,159.06,146.21,3.14,54.27,18.0,17.59,89.86,3.7,3.75,0.253
2025-09-28 23:32:00,PL02,LINE_A,C,STANDARD,43.44,1,0.8064,0.0608,0.1098,66.83,62.77,55.88,2.32,54.14,25.56,20.05,99.74,3.908,4.104,0.255
2025-09-29 00:34:00,PL01,LINE_D,C,PREMIUM,51.39,1,0.8671,0.1946,0.0325,60.75,48.93,47.33,2.87,58.01,12.39,20.78,91.18,4.732,4.795,0.093
2025-09-29 01:03:00,PL02,LINE_D,C,PREMIUM,63.62,2,0.8237,0.1012,0.0861,93.22,83.79,76.57,2.21,46.53,21.07,31.45,99.04,3.389,3.5,0.19
2025-09-29 01:58:00,PL01,LINE_A,A,STANDARD,30.22,2,0.98,0.2063,0.0605,233.52,185.34,174.12,2.16,58.78,15.31,19.95,94.04,2.664,2.697,0.13
2025-09-29 02:20:00,PL03,LINE_A,C,STANDARD,30.92,1,0.9184,0.0259,0.0401,106.94,104.17,100.0,2.12,51.12,19.24,17.54,87.9,2.966,3.002,0.085
2025-09-29 02:24:00,PL01,LINE_C,A,STANDARD,30.28,1,0.9568,0.0344,0.044,113.74,109.82,105.0,2.3,55.69,13.82,19.97,89.48,3.116,3.153,0.101
2025-09-29 03:23:00,PL03,LINE_C,B,PREMIUM,45.08,2,0.9112,0.2272,0.15,145.53,112.47,95.6,3.99,46.72,22.8,29.75,99.27,4.874,5.03,0.599
2025-09-29 04:20:00,PL01,LINE_C,B,STANDARD,37.83,1,0.8672,0.1142,0.0587,82.53,73.11,68.81,2.15,57.06,21.43,15.68,94.17,3.438,3.519,0.126
2025-09-29 04:21:00,PL02,LINE_B,B,STANDARD,49.17,4,0.8224,0.0897,0.1257,240.86,219.26,191.71,1.77,52.55,15.05,20.22,87.82,2.171,2.229,0.223
2025-09-29 04:29:00,PL01,LINE_B,C,PREMIUM,43.81,2,0.8393,0.1406,0.15,137.92,118.53,100.75,3.81,61.07,17.47,14.47,93.01,4.594,4.732,0.571
2025-09-29 04:50:00,PL01,LINE_A,C,STANDARD,34.6,1,0.8014,0.0972,0.0381,83.38,75.28,72.41,2.16,58.46,13.86,20.62,92.94,3.39,3.439,0.082
2025-09-29 05:10:00,PL01,LINE_B,A,STANDARD,20.31,1,0.8744,0.1812,0.0899,154.98,126.9,115.5,2.67,53.99,7.15,31.92,93.06,3.398,3.471,0.239
2025-09-29 06:12:00,PL01,LINE_D,A,STANDARD,61.2,2,0.812,0.1542,0.0749,95.53,80.8,74.75,1.89,55.65,17.0,11.32,83.97,2.926,3.01,0.141
2025-09-29 06:35:00,PL02,LINE_C,C,STANDARD,60.45,1,0.8451,0.0889,0.075,50.33,45.86,42.42,2.11,56.06,13.21,26.47,95.74,4.2,4.369,0.158
2025-09-29 08:07:00,PL02,LINE_C,C,STANDARD,63.86,2,0.8401,0.116,0.0212,94.73,83.74,81.97,2.08,53.01,15.2,27.78,95.99,3.227,3.252,0.044
2025-09-29 08:09:00,PL01,LINE_C,A,PREMIUM,59.88,1,0.8847,0.25,0.0708,53.19,39.89,37.07,3.69,60.23,15.95,30.9,107.08,6.372,6.576,0.261
2025-09-29 09:09:00,PL01,LINE_C,C,STANDARD,40.08,2,0.826,0.2002,0.15,148.39,118.68,100.88,1.87,56.34,21.07,24.35,101.75,2.724,2.876,0.28
2025-09-29 09:42:00,PL02,LINE_A,B,STANDARD,32.05,1,0.9651,0.1688,0.1097,108.41,90.11,80.23,2.35,52.03,17.44,8.0,77.47,3.214,3.32,0.258
2025-09-29 10:12:00,PL01,LINE_C,A,STANDARD,45.75,2,0.8515,0.0311,0.0802,134.02,129.86,119.44,1.95,52.79,15.5,19.58,87.88,2.631,2.69,0.157
2025-09-29 10:27:00,PL01,LINE_D,B,PREMIUM,20.64,1,0.8244,0.1417,0.1308,143.81,123.43,107.29,3.51,55.97,18.77,19.08,93.82,4.272,4.386,0.459
2025-09-29 12:19:00,PL03,LINE_C,C,STANDARD,31.97,2,0.8553,0.25,0.15,192.65,144.49,122.82,1.98,49.41,17.98,27.79,95.18,2.638,2.755,0.297
2025-09-29 12:32:00,PL01,LINE_C,B,STANDARD,21.38,4,0.8118,0.0822,0.0654,546.74,501.82,468.98,2.37,56.91,18.74,16.41,92.05,2.549,2.561,0.155
2025-09-29 12:49:00,PL03,LINE_B,B,HEAVY,50.59,1,0.9569,0.237,0.15,68.1,51.96,44.16,5.8,49.95,22.86,11.01,83.82,7.412,7.696,0.87
2025-09-29 13:07:00,PL02,LINE_C,C,STANDARD,42.33,4,0.8347,0.25,0.1144,283.93,212.95,188.57,2.57,53.88,14.36,21.44,89.68,2.989,3.044,0.294
2025-09-29 13:13:00,PL01,LINE_A,C,STANDARD,22.71,2,0.7872,0.0701,0.1387,249.57,232.07,199.88,2.28,57.43,21.04,17.98,96.44,2.693,2.76,0.316
2025-09-29 13:51:00,PL02,LINE_C,B,PREMIUM,42.18,1,0.8717,0.1128,0.15,74.4,66.01,56.11,3.31,51.71,11.74,11.63,75.08,4.443,4.644,0.496
2025-09-29 14:27:00,PL01,LINE_A,B,STANDARD,35.06,2,0.8388,0.25,0.0603,172.23,129.18,121.39,2.4,56.75,22.82,20.55,100.11,3.176,3.226,0.145
2025-09-29 14:47:00,PL01,LINE_D,C,PREMIUM,41.23,2,0.7568,0.2359,0.0385,132.18,101.0,97.11,3.47,60.84,13.97,13.53,88.35,4.341,4.376,0.134
2025-09-29 14:59:00,PL02,LINE_A,A,STANDARD,36.04,2,0.9177,0.1172,0.1255,183.35,161.86,141.54,2.79,52.2,20.42,27.22,99.84,3.403,3.492,0.35
2025-09-29 15:13:00,PL01,LINE_A,C,STANDARD,37.82,1,0.8869,0.0951,0.043,84.42,76.39,73.11,2.33,56.25,18.31,17.72,92.28,3.542,3.596,0.1
2025-09-29 15:40:00,PL01,LINE_A,B,STANDARD,38.34,4,0.8926,0.239,0.117,335.3,255.18,225.33,3.28,55.03,11.08,22.85,88.97,3.625,3.671,0.383
2025-09-29 15:58:00,PL01,LINE_C,C,HEAVY,50.56,1,0.8307,0.25,0.15,59.15,44.36,37.71,4.7,57.4,24.31,20.74,102.44,7.006,7.414,0.705
2025-09-29 16:02:00,PL03,LINE_A,C,STANDARD,29.2,1,0.9035,0.25,0.15,111.4,83.55,71.02,1.59,49.31,32.88,21.62,103.82,2.835,3.055,0.239
2025-09-29 16:57:00,PL03,LINE_B,B,HEAVY,82.19,2,0.9207,0.1265,0.1351,80.65,70.45,60.93,3.36,50.08,18.03,21.74,89.85,4.636,4.836,0.454
2025-09-29 17:50:00,PL02,LINE_B,C,PREMIUM,62.32,1,0.9365,0.0497,0.0369,54.1,51.41,49.51,3.51,56.32,16.47,26.92,99.71,5.448,5.523,0.13
2025-09-29 18:17:00,PL01,LINE_A,C,STANDARD,36.26,2,0.8886,0.0699,0.1329,176.47,164.13,142.31,2.38,58.32,10.99,15.74,85.06,2.895,2.975,0.316
2025-09-29 19:39:00,PL01,LINE_B,C,PREMIUM,40.79,2,0.9165,0.1197,0.0328,161.78,142.42,137.74,3.38,58.52,22.17,27.41,108.1,4.135,4.161,0.111
2025-09-29 20:47:00,PL02,LINE_A,A,STANDARD,48.55,1,0.8277,0.0157,0.0348,61.37,60.4,58.31,2.23,49.39,24.78,22.88,97.05,3.841,3.899,0.078
2025-09-29 20:59:00,PL02,LINE_B,A,PREMIUM,126.19,1,0.8461,0.1185,0.0629,24.14,21.28,19.94,4.26,51.14,19.23,24.23,94.6,8.704,9.002,0.268
2025-09-29 21:03:00,PL03,LINE_A,C,HEAVY,83.94,1,0.8435,0.0034,0.1092,36.17,36.05,32.11,5.56,50.56,20.52,29.74,100.83,8.352,8.695,0.607
2025-09-29 21:24:00,PL02,LINE_C,C,PREMIUM,53.65,1,0.8366,0.25,0.1179,56.13,42.1,37.14,3.53,54.61,24.47,22.93,102.01,5.954,6.277,0.416
2025-09-29 21:56:00,PL02,LINE_A,C,PREMIUM,55.95,2,0.829,0.1741,0.115,106.68,88.11,77.97,2.88,53.67,20.59,20.9,95.15,3.963,4.103,0.332
2025-09-29 21:59:00,PL01,LINE_B,A,STANDARD,37.37,1,0.8024,0.1817,0.15,77.29,63.25,53.76,1.88,53.26,21.21,22.98,97.45,3.42,3.692,0.282
2025-09-29 23:02:00,PL03,LINE_C,A,HEAVY,58.6,2,0.7864,0.25,0.15,96.63,72.47,61.6,4.44,45.23,20.05,20.02,85.3,5.62,5.828,0.667
2025-09-30 00:11:00,PL02,LINE_A,A,HEAVY,50.8,1,0.7817,0.1368,0.0612,55.4,47.83,44.9,7.12,50.72,27.93,24.84,103.49,9.287,9.428,0.436
2025-09-30 00:17:00,PL02,LINE_A,C,PREMIUM,43.21,1,0.8429,0.25,0.0906,70.22,52.67,47.89,4.15,52.29,16.99,27.87,97.15,5.996,6.18,0.376
2025-09-30 00:21:00,PL01,LINE_B,C,PREMIUM,44.66,4,0.8337,0.18,0.15,268.83,220.45,187.38,3.63,58.76,17.3,24.94,101.0,4.092,4.173,0.545
2025-09-30 01:01:00,PL01,LINE_C,C,STANDARD,25.87,2,0.8935,0.25,0.0394,248.66,186.49,179.15,1.49,57.08,18.92,22.13,98.14,2.013,2.034,0.059
2025-09-30 02:02:00,PL01,LINE_A,B,STANDARD,34.93,4,0.8561,0.0204,0.0533,352.9,345.69,327.27,2.07,53.82,17.23,30.17,101.22,2.359,2.376,0.11
2025-09-30 02:57:00,PL02,LINE_B,B,PREMIUM,42.02,1,0.8215,0.0963,0.0518,70.37,63.6,60.3,4.08,53.4,15.72,29.42,98.54,5.632,5.716,0.212
2025-09-30 03:08:00,PL02,LINE_A,C,STANDARD,34.05,1,0.9187,0.2116,0.048,97.13,76.57,72.9,2.13,52.78,14.1,24.49,91.37,3.322,3.383,0.102
2025-09-30 03:36:00,PL01,LINE_B,B,STANDARD,29.13,2,0.7853,0.25,0.1046,194.12,145.59,130.36,2.4,58.08,20.97,11.7,90.76,3.024,3.097,0.251
2025-09-30 04:11:00,PL02,LINE_D,C,PREMIUM,56.14,1,0.7287,0.1607,0.1009,46.73,39.22,35.26,2.7,54.82,14.03,17.92,86.77,4.91,5.158,0.272
2025-09-30 04:18:00,PL01,LINE_D,B,PREMIUM,45.46,2,0.8303,0.25,0.1374,131.52,98.64,85.09,3.69,60.09,22.05,27.7,109.84,4.805,4.982,0.507
2025-09-30 05:30:00,PL01,LINE_B,B,HEAVY,44.08,1,0.8131,0.1186,0.0121,66.4,58.53,57.82,5.37,57.79,22.18,20.05,100.01,7.081,7.102,0.065
2025-09-30 05:33:00,PL01,LINE_B,B,HEAVY,48.09,2,0.8431,0.0889,0.076,126.22,115.0,106.26,7.23,56.54,18.32,32.9,107.76,8.163,8.24,0.549
2025-09-30 06:02:00,PL01,LINE_B,B,STANDARD,28.59,2,0.8668,0.0867,0.1133,218.29,199.37,176.77,2.57,54.82,18.29,21.21,94.31,3.047,3.108,0.292
2025-09-30 06:14:00,PL03,LINE_B,B,STANDARD,44.44,2,0.9229,0.1366,0.05,149.52,129.1,122.65,1.66,50.48,14.63,23.06,88.16,2.346,2.382,0.083
2025-09-30 07:10:00,PL01,LINE_A,A,PREMIUM,43.27,1,0.9141,0.1226,0.15,76.05,66.73,56.72,3.32,52.32,15.74,15.53,83.58,4.57,4.791,0.498
2025-09-30 07:27:00,PL01,LINE_B,B,STANDARD,30.7,1,0.8273,0.1624,0.0922,97.01,81.26,73.76,1.69,57.85,12.13,26.32,96.3,2.877,2.997,0.156
2025-09-30 09:23:00,PL03,LINE_B,A,PREMIUM,64.63,2,0.8859,0.0821,0.1368,98.7,90.59,78.2,3.26,49.53,15.34,16.75,81.62,4.164,4.307,0.446
2025-09-30 09:25:00,PL02,LINE_D,C,STANDARD,46.67,1,0.7311,0.25,0.1114,56.4,42.3,37.59,1.8,53.52,16.08,30.58,100.18,4.167,4.464,0.2
2025-09-30 09:45:00,PL02,LINE_B,C,STANDARD,32.37,2,0.8078,0.1052,0.1167,179.66,160.75,141.99,2.87,52.47,20.0,17.16,89.63,3.426,3.5,0.335
2025-09-30 10:19:00,PL02,LINE_A,C,PREMIUM,45.4,2,0.9045,0.25,0.0474,143.44,107.58,102.49,2.2,53.75,22.55,22.38,98.68,3.121,3.167,0.104
2025-09-30 10:58:00,PL01,LINE_C,B,STANDARD,46.15,1,0.9108,0.0985,0.0341,71.05,64.05,61.86,2.06,54.24,18.0,23.33,95.57,3.549,3.602,0.07
2025-09-30 12:01:00,PL02,LINE_A,A,STANDARD,20.59,2,0.8708,0.1708,0.15,304.46,252.45,214.58,2.7,48.44,13.0,25.0,86.43,3.042,3.103,0.405
2025-09-30 12:35:00,PL01,LINE_A,B,PREMIUM,34.4,2,0.9606,0.0373,0.0812,201.03,193.53,177.81,3.0,56.74,20.54,28.07,105.35,3.545,3.593,0.244
2025-09-30 13:43:00,PL01,LINE_C,B,STANDARD,61.74,2,0.8508,0.1769,0.0207,99.21,81.66,79.97,1.74,57.22,15.34,25.16,97.72,2.934,2.959,0.036
2025-09-30 13:53:00,PL01,LINE_A,C,STANDARD,29.12,1,0.7379,0.0942,0.0567,91.23,82.63,77.95,2.1,53.64,20.7,27.82,102.16,3.336,3.41,0.119
2025-09-30 16:45:00,PL01,LINE_B,B,STANDARD,39.85,2,0.9475,0.25,0.0812,171.19,128.39,117.97,1.48,56.79,18.79,17.4,92.97,2.2,2.264,0.12
2025-09-30 17:01:00,PL02,LINE_C,A,PREMIUM,31.42,2,0.8574,0.0065,0.15,196.46,195.19,165.91,3.16,53.99,18.59,22.12,94.7,3.646,3.731,0.474
2025-09-30 18:05:00,PL01,LINE_C,B,PREMIUM,37.34,4,0.7577,0.0883,0.0989,292.22,266.41,240.05,2.93,53.0,21.66,15.22,89.88,3.269,3.306,0.29
2025-09-30 18:34:00,PL02,LINE_C,B,HEAVY,76.03,1,0.8127,0.1972,0.1234,38.48,30.89,27.08,6.22,49.17,16.35,17.61,83.13,8.912,9.291,0.767
2025-09-30 18:42:00,PL03,LINE_B,B,STANDARD,38.42,1,0.797,0.0787,0.1231,74.69,68.81,60.34,2.11,50.0,13.18,19.82,83.01,3.318,3.488,0.26
2025-09-30 19:27:00,PL01,LINE_D,A,PREMIUM,51.07,1,0.8198,0.1255,0.0786,57.78,50.53,46.56,2.69,54.98,20.74,27.87,103.59,4.741,4.916,0.212
2025-09-30 19:35:00,PL01,LINE_B,C,STANDARD,28.04,1,0.7523,0.2086,0.0249,96.58,76.43,74.53,2.01,55.66,18.93,13.88,88.47,3.167,3.196,0.05
2025-09-30 19:40:00,PL01,LINE_B,C,PREMIUM,44.18,2,0.8729,0.25,0.0327,142.28,106.71,103.22,4.01,56.41,15.97,27.9,100.28,4.948,4.98,0.131
2025-09-30 19:48:00,PL01,LINE_D,B,HEAVY,71.16,2,0.7755,0.25,0.0921,78.46,58.85,53.43,3.31,54.27,22.46,34.04,110.76,5.187,5.378,0.304
2025-09-30 20:19:00,PL02,LINE_B,A,PREMIUM,63.63,1,0.8159,0.1103,0.0528,46.16,41.07,38.9,3.34,51.39,14.53,23.12,89.04,5.507,5.628,0.176
2025-09-30 20:30:00,PL01,LINE_A,A,PREMIUM,79.3,4,0.8692,0.25,0.0629,157.85,118.39,110.94,3.36,61.26,15.98,17.11,94.35,4.16,4.214,0.212
2025-09-30 20:50:00,PL02,LINE_A,C,STANDARD,35.29,2,0.8677,0.1462,0.1057,177.03,151.15,135.17,2.06,50.74,14.56,21.4,86.71,2.634,2.702,0.218
2025-09-30 21:10:00,PL02,LINE_A,C,STANDARD,28.46,1,0.821,0.1513,0.0835,103.85,88.13,80.77,2.14,49.42,17.62,14.53,81.57,3.061,3.145,0.178
2025-09-30 23:21:00,PL01,LINE_C,B,STANDARD,57.16,2,0.8455,0.25,0.0866,106.5,79.87,72.95,1.54,55.86,15.52,21.67,93.05,2.708,2.819,0.134
2025-09-30 23:56:00,PL01,LINE_B,C,STANDARD,31.48,1,0.9384,0.0712,0.1345,107.3,99.66,86.26,2.5,61.24,17.22,17.05,95.51,3.458,3.607,0.336
2025-09-30 23:59:00,PL01,LINE_A,B,HEAVY,32.2,1,0.8782,0.1502,0.0525,98.17,83.43,79.05,4.37,57.05,27.92,21.41,106.38,5.644,5.714,0.229
2025-10-01 00:09:00,PL03,LINE_C,C,STANDARD,34.39,2,0.8499,0.2101,0.0351,177.94,140.56,135.63,2.93,54.68,16.11,29.2,99.99,3.639,3.665,0.103
2025-10-01 00:33:00,PL01,LINE_B,A,STANDARD,37.79,2,0.9003,0.2495,0.0923,171.54,128.74,116.86,1.76,57.21,18.98,20.52,96.72,2.507,2.584,0.162
2025-10-01 01:08:00,PL01,LINE_B,B,STANDARD,45.58,1,0.864,0.1675,0.0438,68.24,56.81,54.32,2.14,57.68,20.53,27.69,105.91,4.007,4.092,0.094
2025-10-01 01:36:00,PL02,LINE_A,C,STANDARD,26.64,1,0.9079,0.0144,0.0945,122.68,120.92,109.49,2.2,53.91,18.93,24.61,97.46,3.006,3.09,0.208
2025-10-01 01:44:00,PL01,LINE_C,B,PREMIUM,27.92,2,0.888,0.168,0.065,228.97,190.5,178.11,2.78,55.56,20.89,26.16,102.62,3.318,3.355,0.181
2025-10-01 01:58:00,PL02,LINE_A,A,STANDARD,41.95,2,0.8463,0.0719,0.0765,145.25,134.8,124.49,1.95,52.32,15.71,15.02,83.04,2.567,2.618,0.149
2025-10-01 02:13:00,PL01,LINE_B,B,PREMIUM,52.36,2,0.7883,0.2459,0.15,108.4,81.74,69.48,3.66,55.21,20.32,23.62,99.15,4.874,5.088,0.549
2025-10-01 02:33:00,PL02,LINE_A,C,HEAVY,51.71,2,0.7454,0.1837,0.012,103.78,84.72,83.7,6.48,52.51,21.68,15.8,89.98,7.542,7.555,0.078
2025-10-01 02:33:00,PL01,LINE_A,A,PREMIUM,45.2,1,0.8593,0.1895,0.0928,68.45,55.48,50.33,2.32,53.1,16.27,19.7,89.07,3.926,4.09,0.215
2025-10-01 02:56:00,PL01,LINE_A,C,STANDARD,26.59,2,0.9075,0.25,0.0222,245.75,184.31,180.23,2.21,59.22,17.2,29.06,105.47,2.783,2.796,0.049
2025-10-01 04:08:00,PL02,LINE_A,B,STANDARD,36.95,2,0.8534,0.0665,0.15,166.27,155.22,131.94,2.67,50.96,17.13,25.74,93.83,3.27,3.377,0.4
2025-10-01 04:24:00,PL03,LINE_A,C,STANDARD,48.34,1,0.9178,0.0614,0.0449,68.36,64.16,61.28,1.92,46.77,20.58,18.96,86.3,3.265,3.328,0.086
2025-10-01 04:45:00,PL03,LINE_B,A,PREMIUM,42.57,1,0.9127,0.2024,0.0915,77.18,61.56,55.93,3.29,49.61,20.14,21.95,91.7,4.78,4.93,0.301
2025-10-01 04:55:00,PL03,LINE_A,C,STANDARD,37.18,4,0.7354,0.2122,0.0741,284.82,224.37,207.74,1.8,52.42,21.91,20.29,94.62,2.221,2.255,0.133
2025-10-01 05:17:00,PL01,LINE_A,C,PREMIUM,33.62,4,0.8878,0.0764,0.0731,380.2,351.16,325.51,3.75,59.21,25.63,17.37,102.21,4.037,4.06,0.274
2025-10-01 06:01:00,PL01,LINE_B,C,STANDARD,32.28,1,0.8294,0.1975,0.0597,92.51,74.24,69.81,2.24,57.19,16.9,20.7,94.78,3.517,3.598,0.134
2025-10-01 06:22:00,PL03,LINE_D,C,HEAVY,40.03,2,0.9504,0.0486,0.1204,170.92,162.62,143.04,5.27,51.9,19.97,19.08,90.95,5.827,5.903,0.634
2025-10-01 06:43:00,PL01,LINE_B,C,STANDARD,36.61,2,0.856,0.178,0.0439,168.36,138.4,132.33,1.7,59.87,18.62,21.4,99.9,2.424,2.457,0.075
2025-10-01 07:06:00,PL01,LINE_D,A,PREMIUM,67.49,1,0.7746,0.25,0.1446,41.32,30.99,26.51,3.99,53.08,16.76,15.89,85.73,6.755,7.223,0.577
2025-10-01 07:16:00,PL02,LINE_B,C,PREMIUM,53.02,1,0.8359,0.1887,0.0534,56.76,46.05,43.59,3.17,55.11,22.66,19.15,96.92,5.275,5.394,0.169
2025-10-01 07:30:00,PL03,LINE_B,A,PREMIUM,35.87,2,0.9394,0.2382,0.15,188.56,143.64,122.09,2.92,47.83,25.18,13.07,86.08,3.523,3.628,0.439
2025-10-01 08:24:00,PL01,LINE_A,B,STANDARD,41.64,1,0.8357,0.0438,0.0568,72.26,69.09,65.17,2.54,55.58,14.37,28.99,98.94,3.976,4.063,0.145
2025-10-01 08:47:00,PL01,LINE_A,A,STANDARD,33.11,2,0.98,0.1243,0.0328,213.13,186.64,180.52,1.38,51.98,12.67,20.56,85.21,1.832,1.848,0.045
2025-10-01 09:44:00,PL02,LINE_A,A,PREMIUM,30.62,1,0.7009,0.1672,0.15,82.4,68.63,58.33,2.33,48.81,18.1,20.16,87.06,3.598,3.822,0.349
2025-10-01 11:07:00,PL02,LINE_B,B,HEAVY,55.99,1,0.8525,0.068,0.0175,54.81,51.08,50.19,6.23,52.82,28.08,22.89,103.79,8.262,8.299,0.109
2025-10-01 11:33:00,PL01,LINE_A,B,STANDARD,41.93,2,0.8096,0.0581,0.0702,139.0,130.93,121.73,2.51,57.58,25.55,20.76,103.89,3.303,3.363,0.176
2025-10-01 13:05:00,PL01,LINE_B,C,STANDARD,22.97,1,0.8152,0.15,0.0221,127.73,108.58,106.18,2.23,59.2,14.65,27.23,101.09,3.158,3.179,0.049
2025-10-01 13:49:00,PL01,LINE_D,A,PREMIUM,46.67,4,0.7757,0.0896,0.1192,239.34,217.9,191.94,3.47,58.22,10.38,13.98,82.59,3.849,3.9,0.413
2025-10-01 13:52:00,PL01,LINE_B,B,STANDARD,33.99,1,0.783,0.2071,0.0421,82.93,65.76,62.99,2.57,56.35,14.22,23.09,93.66,3.998,4.06,0.108
2025-10-01 14:02:00,PL01,LINE_C,A,STANDARD,30.23,1,0.8331,0.0894,0.0773,99.19,90.32,83.35,2.13,54.41,12.32,24.62,91.35,3.141,3.226,0.165
2025-10-01 14:07:00,PL03,LINE_D,C,STANDARD,21.59,2,0.7919,0.1225,0.0823,264.08,231.73,212.66,2.58,48.46,15.57,24.82,88.85,2.967,3.001,0.213
2025-10-01 14:14:00,PL01,LINE_A,B,PREMIUM,25.83,1,0.8587,0.214,0.15,119.66,94.05,79.94,3.86,55.29,25.34,25.96,106.59,4.994,5.194,0.579
2025-10-01 14:40:00,PL01,LINE_C,A,STANDARD,34.52,1,0.8686,0.1545,0.0936,90.58,76.58,69.41,2.6,56.92,19.8,22.04,98.75,3.892,4.026,0.244
2025-10-01 15:01:00,PL01,LINE_A,B,STANDARD,24.36,2,0.888,0.1447,0.0327,262.46,224.47,217.14,2.19,55.17,16.29,28.56,100.02,2.635,2.65,0.072
2025-10-01 15:37:00,PL01,LINE_A,A,HEAVY,56.44,1,0.98,0.0545,0.15,62.51,59.1,50.23,4.57,57.06,19.33,23.79,100.18,6.262,6.562,0.685
2025-10-01 16:12:00,PL02,LINE_B,B,PREMIUM,39.36,2,0.9635,0.1998,0.1175,176.24,141.03,124.46,3.05,50.79,24.21,23.78,98.78,3.755,3.848,0.359
2025-10-01 16:28:00,PL02,LINE_C,B,STANDARD,32.98,2,0.9077,0.1715,0.0129,198.17,164.2,162.08,1.52,54.07,20.17,19.26,93.5,2.093,2.1,0.02
2025-10-01 16:31:00,PL01,LINE_D,C,STANDARD,38.07,1,0.7583,0.25,0.0813,71.7,53.78,49.41,2.7,57.98,16.7,18.84,93.53,4.441,4.595,0.22
2025-10-01 16:35:00,PL01,LINE_B,B,PREMIUM,33.86,1,0.7371,0.1997,0.1032,78.37,62.72,56.25,2.29,56.84,19.33,19.09,95.25,3.81,3.984,0.236
2025-10-01 17:11:00,PL03,LINE_B,B,PREMIUM,51.06,1,0.864,0.2017,0.0716,60.91,48.62,45.14,3.63,49.28,17.89,24.81,91.98,5.521,5.666,0.26
2025-10-01 17:46:00,PL02,LINE_B,A,STANDARD,39.24,1,0.89,0.0527,0.1471,81.66,77.35,65.98,1.68,47.97,13.18,14.82,75.97,2.664,2.833,0.247
2025-10-01 18:25:00,PL03,LINE_C,B,STANDARD,21.95,2,0.8806,0.1946,0.0854,288.85,232.63,212.76,2.17,47.64,18.15,15.26,81.05,2.52,2.552,0.185
2025-10-01 19:37:00,PL01,LINE_B,C,PREMIUM,44.51,4,0.7754,0.0352,0.1075,250.86,242.02,216.0,4.4,59.07,17.08,24.09,100.24,4.817,4.867,0.473
2025-10-01 19:49:00,PL03,LINE_B,C,PREMIUM,52.0,1,0.9232,0.2354,0.0417,63.92,48.87,46.83,3.32,48.85,15.92,22.19,86.95,5.095,5.173,0.138
2025-10-01 20:11:00,PL01,LINE_A,A,STANDARD,36.74,2,0.9417,0.1321,0.0239,184.55,160.16,156.33,1.99,55.54,13.76,29.63,98.92,2.607,2.623,0.048
2025-10-01 20:18:00,PL01,LINE_A,C,HEAVY,75.88,2,0.74,0.2403,0.15,70.22,53.34,45.34,5.06,56.3,20.33,23.87,100.5,6.941,7.274,0.759
2025-10-01 20:53:00,PL01,LINE_B,A,STANDARD,34.54,2,0.7948,0.1744,0.1146,165.68,136.79,121.11,1.84,56.69,16.71,28.38,101.77,2.581,2.677,0.211
2025-10-01 21:00:00,PL02,LINE_B,C,STANDARD,26.75,2,0.8223,0.0333,0.15,221.3,213.92,181.83,2.64,51.39,17.46,12.96,81.81,3.02,3.087,0.396
2025-10-01 21:13:00,PL01,LINE_C,A,PREMIUM,82.35,1,0.8303,0.0545,0.15,36.3,34.32,29.17,3.89,51.18,20.76,31.86,103.79,6.912,7.445,0.583
2025-10-02 00:04:00,PL03,LINE_A,B,STANDARD,52.78,2,0.8165,0.0504,0.0502,111.39,105.77,100.46,1.97,48.02,12.62,23.94,84.58,2.77,2.812,0.099
2025-10-02 01:20:00,PL02,LINE_A,C,HEAVY,48.24,1,0.9629,0.011,0.0346,71.86,71.07,68.61,5.73,54.31,28.4,23.93,106.64,7.231,7.285,0.198
2025-10-02 02:05:00,PL03,LINE_A,B,PREMIUM,44.59,2,0.795,0.1259,0.15,128.37,112.2,95.37,4.02,47.95,16.44,24.08,88.47,4.807,4.946,0.603
2025-10-02 03:33:00,PL02,LINE_A,A,STANDARD,35.81,2,0.8936,0.0253,0.1016,179.65,175.11,157.31,2.68,51.22,12.92,20.81,84.95,3.168,3.222,0.273
2025-10-02 04:05:00,PL02,LINE_C,C,PREMIUM,25.56,4,0.9164,0.25,0.0472,516.22,387.17,368.89,3.31,53.6,13.14,23.92,90.66,3.545,3.557,0.156
2025-10-02 04:07:00,PL03,LINE_A,C,STANDARD,36.68,4,0.8179,0.25,0.0657,321.08,240.81,224.99,2.34,49.14,20.05,25.36,94.55,2.729,2.757,0.153
2025-10-02 04:20:00,PL01,LINE_D,C,STANDARD,44.05,1,0.8647,0.061,0.0311,70.67,66.36,64.3,1.82,60.52,20.08,21.09,101.69,3.351,3.4,0.057
2025-10-02 04:25:00,PL01,LINE_C,C,STANDARD,28.78,2,0.9619,0.1099,0.0929,240.65,214.2,194.3,2.32,57.9,17.63,18.76,94.29,2.761,2.806,0.216
2025-10-02 04:29:00,PL01,LINE_A,C,HEAVY,100.48,1,0.8928,0.057,0.1196,31.99,30.16,26.55,5.22,57.36,16.84,22.58,96.78,8.429,8.865,0.625
2025-10-02 05:00:00,PL02,LINE_C,B,STANDARD,36.35,1,0.7698,0.178,0.15,76.25,62.68,53.28,2.21,53.29,12.02,19.35,84.65,3.565,3.804,0.332
2025-10-02 05:15:00,PL01,LINE_B,C,STANDARD,32.37,1,0.85,0.25,0.096,94.52,70.89,64.09,2.46,60.36,21.57,18.61,100.54,3.883,4.033,0.237
2025-10-02 05:23:00,PL02,LINE_A,B,STANDARD,56.39,4,0.9392,0.1489,0.1029,239.82,204.12,183.11,2.15,54.16,15.53,21.34,91.03,2.597,2.648,0.221
2025-10-02 05:29:00,PL02,LINE_D,B,STANDARD,31.69,2,0.7435,0.0513,0.0483,168.94,160.28,152.54,2.24,51.19,16.61,22.2,90.01,2.799,2.827,0.108
2025-10-02 05:41:00,PL02,LINE_A,B,STANDARD,26.58,1,0.8686,0.2142,0.15,117.65,92.45,78.58,2.34,53.56,19.32,26.6,99.47,3.415,3.604,0.351
2025-10-02 06:45:00,PL02,LINE_A,C,STANDARD,40.96,1,0.895,0.0636,0.0277,78.66,73.65,71.61,1.95,52.59,19.9,21.48,93.98,3.227,3.263,0.054
2025-10-02 06:50:00,PL01,LINE_D,C,STANDARD,45.9,2,0.83,0.1503,0.1122,130.21,110.64,98.22,1.72,55.12,16.38,17.52,89.01,2.521,2.622,0.193
2025-10-02 07:15:00,PL01,LINE_C,B,STANDARD,40.57,1,0.7157,0.105,0.0041,63.51,56.84,56.6,2.18,59.53,16.31,22.52,98.36,3.907,3.914,0.009
2025-10-02 07:24:00,PL01,LINE_A,C,PREMIUM,50.6,2,0.8303,0.1368,0.0457,118.16,102.0,97.33,3.52,58.05,21.09,24.66,103.8,4.542,4.591,0.161
2025-10-02 07:42:00,PL02,LINE_D,A,STANDARD,36.45,2,0.7812,0.25,0.1282,154.31,115.73,100.9,2.15,52.23,23.41,20.66,96.3,2.983,3.105,0.276
2025-10-02 10:06:00,PL02,LINE_A,B,STANDARD,23.35,1,0.8631,0.25,0.0366,133.07,99.81,96.15,1.94,50.76,18.11,17.69,86.56,2.809,2.842,0.071
2025-10-02 10:17:00,PL01,LINE_C,C,PREMIUM,58.22,1,0.98,0.25,0.09,60.6,45.45,41.36,3.72,56.51,17.3,20.62,94.43,5.799,6.005,0.335
2025-10-02 10:26:00,PL01,LINE_A,C,STANDARD,50.75,2,0.8503,0.2273,0.0535,120.63,93.21,88.23,2.06,62.89,21.52,28.37,112.78,3.271,3.339,0.11
2025-10-02 10:30:00,PL02,LINE_B,C,STANDARD,55.68,2,0.758,0.1874,0.093,98.01,79.64,72.23,2.13,51.76,14.3,23.6,89.66,3.257,3.373,0.198
2025-10-02 11:27:00,PL01,LINE_C,B,STANDARD,27.14,2,0.9003,0.1537,0.0675,238.81,202.11,188.47,2.9,53.36,18.5,23.99,95.84,3.373,3.407,0.196
2025-10-02 11:50:00,PL02,LINE_A,C,PREMIUM,42.46,2,0.8055,0.25,0.15,136.6,102.45,87.08,4.14,52.35,24.43,19.06,95.84,5.076,5.241,0.621
2025-10-02 12:01:00,PL01,LINE_A,A,STANDARD,25.27,4,0.7686,0.25,0.15,437.96,328.47,279.2,2.05,53.44,17.64,26.33,97.42,2.351,2.404,0.308
2025-10-02 13:13:00,PL03,LINE_D,A,PREMIUM,46.69,1,0.8419,0.1247,0.1366,64.92,56.82,49.06,3.42,47.74,22.27,15.39,85.4,4.927,5.164,0.468
2025-10-02 13:43:00,PL02,LINE_C,A,HEAVY,48.67,1,0.8375,0.0946,0.0088,61.94,56.08,55.59,5.55,51.6,22.1,16.99,90.69,7.167,7.181,0.049
2025-10-02 13:55:00,PL02,LINE_B,B,STANDARD,46.77,1,0.9284,0.25,0.15,71.46,53.6,45.56,2.42,48.84,20.72,18.05,87.62,4.056,4.345,0.363
2025-10-02 14:14:00,PL02,LINE_B,C,STANDARD,34.5,2,0.8947,0.0945,0.103,186.74,169.09,151.68,2.85,53.16,21.0,26.53,100.7,3.441,3.51,0.293
2025-10-02 14:20:00,PL01,LINE_C,B,STANDARD,34.65,1,0.8482,0.1375,0.0974,88.13,76.01,68.61,2.54,55.96,20.24,14.44,90.63,3.733,3.862,0.247
2025-10-02 14:21:00,PL02,LINE_B,A,STANDARD,44.79,2,0.7582,0.1267,0.0446,121.89,106.45,101.7,2.0,51.6,22.1,26.06,99.76,2.94,2.984,0.089
2025-10-02 14:27:00,PL02,LINE_C,B,STANDARD,22.73,4,0.7593,0.194,0.0693,480.93,387.63,360.78,1.92,52.92,10.84,20.48,84.25,2.137,2.153,0.133
2025-10-02 14:35:00,PL01,LINE_C,B,STANDARD,34.66,1,0.8811,0.019,0.0669,91.51,89.78,83.77,2.53,56.63,24.6,20.47,101.69,3.666,3.747,0.169
2025-10-02 15:15:00,PL01,LINE_C,C,STANDARD,38.42,4,0.8837,0.1893,0.15,331.26,268.54,228.26,2.42,58.55,20.71,28.48,107.74,2.82,2.89,0.363
2025-10-02 15:41:00,PL01,LINE_B,A,STANDARD,40.49,1,0.9221,0.2245,0.0516,81.99,63.58,60.3,2.03,55.03,21.27,24.87,101.17,3.619,3.706,0.105
2025-10-02 16:05:00,PL01,LINE_B,C,STANDARD,30.47,2,0.8558,0.0601,0.0369,202.21,190.06,183.05,2.31,58.3,15.78,19.01,93.09,2.8,2.819,0.085
2025-10-02 16:07:00,PL02,LINE_B,C,PREMIUM,49.48,2,0.875,0.1744,0.15,127.33,105.12,89.36,3.26,52.92,17.53,19.71,90.16,4.122,4.274,0.49
2025-10-02 16:08:00,PL01,LINE_B,A,STANDARD,35.56,2,0.7728,0.1197,0.0657,156.47,137.74,128.69,2.3,60.08,15.26,21.7,97.04,3.004,3.053,0.151
2025-10-02 16:26:00,PL01,LINE_A,B,STANDARD,55.19,1,0.9548,0.0574,0.077,62.28,58.7,54.19,2.68,57.88,23.8,21.2,102.88,4.429,4.575,0.206
2025-10-02 17:18:00,PL01,LINE_A,A,HEAVY,32.89,1,0.8635,0.1877,0.0838,94.51,76.77,70.34,4.63,52.28,20.1,21.29,93.68,5.852,5.964,0.388
2025-10-02 18:48:00,PL03,LINE_C,C,HEAVY,52.23,2,0.7771,0.0829,0.15,107.12,98.24,83.5,4.84,49.07,14.32,22.73,86.13,5.716,5.871,0.726
2025-10-02 19:34:00,PL01,LINE_C,C,PREMIUM,42.11,2,0.7964,0.0374,0.15,136.17,131.08,111.42,3.66,57.23,14.75,26.3,98.27,4.412,4.544,0.549
2025-10-02 20:28:00,PL02,LINE_D,A,STANDARD,28.47,2,0.8817,0.1793,0.0467,222.96,182.99,174.45,3.0,48.98,23.16,18.25,90.38,3.492,3.516,0.14
2025-10-02 20:36:00,PL01,LINE_B,A,HEAVY,49.71,2,0.8478,0.1753,0.0484,122.8,101.27,96.37,4.89,53.38,23.82,18.29,95.49,5.833,5.881,0.237
2025-10-02 21:15:00,PL01,LINE_A,A,STANDARD,47.9,1,0.8631,0.2035,0.1451,64.87,51.67,44.17,1.6,57.48,20.79,16.06,94.34,3.425,3.734,0.232
2025-10-02 22:27:00,PL02,LINE_B,A,STANDARD,26.2,4,0.7546,0.0353,0.15,414.75,400.12,340.1,2.54,53.91,14.18,26.18,94.27,2.772,2.813,0.38
2025-10-02 23:16:00,PL01,LINE_C,A,STANDARD,43.09,4,0.8653,0.0527,0.15,289.14,273.9,232.82,2.54,52.31,20.45,19.77,92.52,2.879,2.939,0.381
2025-10-02 23:33:00,PL01,LINE_D,C,STANDARD,44.62,2,0.8341,0.1204,0.15,134.59,118.39,100.63,2.19,57.65,26.26,26.28,110.19,3.122,3.286,0.329
2025-10-02 23:59:00,PL02,LINE_B,B,STANDARD,47.74,2,0.8633,0.1086,0.0736,130.2,116.06,107.52,2.77,50.71,21.37,23.56,95.64,3.597,3.662,0.204
2025-10-03 00:50:00,PL02,LINE_D,B,STANDARD,39.08,4,0.9488,0.1148,0.0375,349.65,309.51,297.9,2.23,55.8,19.15,22.84,97.78,2.546,2.559,0.084
2025-10-03 02:07:00,PL02,LINE_A,C,PREMIUM,39.23,1,0.8743,0.25,0.0623,80.22,60.16,56.41,3.49,50.38,18.64,24.03,93.04,5.035,5.138,0.218
2025-10-03 03:27:00,PL03,LINE_B,B,PREMIUM,48.31,1,0.8695,0.0471,0.0745,64.79,61.74,57.14,3.17,45.5,15.91,18.05,79.46,4.457,4.56,0.236
2025-10-03 03:33:00,PL01,LINE_B,A,STANDARD,36.98,2,0.8746,0.2059,0.0683,170.29,135.23,125.99,2.03,53.85,12.77,17.07,83.69,2.648,2.693,0.139
2025-10-03 03:41:00,PL01,LINE_B,B,STANDARD,36.2,2,0.9081,0.0958,0.0777,180.63,163.32,150.63,2.45,54.81,18.19,17.52,90.52,3.002,3.048,0.19
2025-10-03 04:54:00,PL03,LINE_C,B,STANDARD,31.55,1,0.8238,0.1405,0.1305,93.99,80.79,70.24,2.2,50.01,23.22,27.5,100.73,3.446,3.633,0.287
2025-10-03 05:46:00,PL02,LINE_B,B,PREMIUM,35.49,2,0.8685,0.25,0.15,176.19,132.14,112.32,3.29,49.76,19.4,20.21,89.37,3.969,4.089,0.494
2025-10-03 05:54:00,PL02,LINE_A,A,STANDARD,51.82,2,0.8269,0.0804,0.107,114.89,105.65,94.35,1.94,50.03,17.42,19.33,86.78,2.759,2.857,0.207
2025-10-03 06:10:00,PL02,LINE_D,B,STANDARD,33.23,1,0.7189,0.2119,0.126,77.88,61.38,53.64,2.2,52.79,18.39,16.78,87.96,3.631,3.838,0.277
2025-10-03 08:45:00,PL01,LINE_D,A,STANDARD,30.95,1,0.8733,0.0722,0.1243,101.59,94.25,82.54,2.12,54.96,13.71,16.35,85.01,3.025,3.153,0.264
2025-10-03 09:20:00,PL01,LINE_D,B,PREMIUM,25.46,2,0.8173,0.1817,0.0589,231.18,189.18,178.04,3.37,55.95,14.93,24.05,94.93,3.867,3.899,0.198
2025-10-03 09:30:00,PL02,LINE_B,C,PREMIUM,41.53,2,0.8876,0.1102,0.15,153.88,136.93,116.39,3.8,54.04,27.19,24.04,105.27,4.566,4.701,0.57
2025-10-03 11:23:00,PL01,LINE_B,C,PREMIUM,31.59,1,0.8839,0.081,0.1022,100.73,92.57,83.12,3.91,57.82,15.9,22.95,96.68,4.953,5.072,0.399
2025-10-03 13:08:00,PL01,LINE_A,C,STANDARD,38.56,2,0.7861,0.2011,0.1241,146.81,117.28,102.72,2.27,56.89,18.57,29.19,104.65,3.16,3.286,0.281
2025-10-03 13:53:00,PL01,LINE_B,C,PREMIUM,44.04,2,0.8765,0.2117,0.0398,143.3,112.96,108.47,3.81,57.22,16.04,29.66,102.92,4.722,4.759,0.152
2025-10-03 14:21:00,PL01,LINE_C,A,STANDARD,29.92,1,0.6967,0.232,0.0521,83.83,64.38,61.03,2.31,53.16,20.55,25.37,99.08,3.852,3.936,0.12
2025-10-03 15:00:00,PL01,LINE_C,A,STANDARD,54.31,1,0.8149,0.1012,0.1447,54.02,48.55,41.52,3.0,56.61,20.64,24.98,102.23,5.108,5.464,0.435
2025-10-03 16:19:00,PL01,LINE_C,B,HEAVY,77.33,1,0.8855,0.1525,0.0672,41.22,34.94,32.59,4.06,57.43,22.91,20.89,101.23,6.961,7.17,0.273
2025-10-03 16:53:00,PL01,LINE_C,B,PREMIUM,33.26,2,0.9573,0.2057,0.15,207.26,164.62,139.93,4.04,51.03,15.09,22.12,88.24,4.577,4.672,0.606
2025-10-03 17:01:00,PL02,LINE_D,A,STANDARD,37.04,1,0.8222,0.2316,0.0677,79.91,61.4,57.24,2.36,48.3,24.88,22.63,95.81,3.924,4.037,0.16
2025-10-03 17:38:00,PL01,LINE_A,A,PREMIUM,47.44,2,0.8532,0.1584,0.0324,129.49,108.98,105.45,3.67,54.31,17.59,20.5,92.4,4.522,4.55,0.119
2025-10-03 17:53:00,PL02,LINE_B,C,STANDARD,34.77,2,0.7806,0.0694,0.1369,161.63,150.41,129.82,2.74,51.24,19.31,31.62,102.17,3.421,3.529,0.375
2025-10-03 18:27:00,PL01,LINE_C,B,STANDARD,36.8,2,0.9143,0.1039,0.0572,178.89,160.31,151.14,2.45,58.03,20.56,13.93,92.52,3.026,3.061,0.14
2025-10-03 18:27:00,PL01,LINE_B,B,STANDARD,34.57,2,0.8912,0.1948,0.0647,185.63,149.47,139.8,2.35,58.13,17.24,32.92,108.29,3.076,3.126,0.152
2025-10-03 19:04:00,PL02,LINE_B,A,STANDARD,36.35,1,0.7509,0.25,0.1234,74.38,55.78,48.9,2.56,46.44,18.75,20.81,86.0,4.105,4.322,0.316
2025-10-03 19:37:00,PL02,LINE_A,A,STANDARD,37.37,1,0.8794,0.25,0.0713,84.7,63.53,59.0,1.68,48.65,13.84,22.0,84.49,3.013,3.115,0.12
2025-10-03 20:44:00,PL02,LINE_C,B,PREMIUM,60.41,1,0.8683,0.0383,0.0278,51.74,49.76,48.38,3.44,52.21,17.46,27.21,96.88,5.385,5.441,0.096
2025-10-03 20:55:00,PL03,LINE_A,B,STANDARD,37.8,2,0.9025,0.25,0.0744,171.89,128.92,119.33,2.05,48.37,22.95,22.65,93.96,2.779,2.837,0.153
2025-10-03 22:03:00,PL02,LINE_A,A,STANDARD,48.35,2,0.8146,0.1272,0.0823,121.29,105.86,97.15,1.89,52.52,14.66,25.93,93.11,2.771,2.85,0.156
2025-10-03 23:44:00,PL01,LINE_B,B,STANDARD,47.24,1,0.8429,0.1498,0.073,64.24,54.62,50.63,2.5,55.86,22.2,24.33,102.39,4.371,4.518,0.182
2025-10-04 00:38:00,PL02,LINE_D,B,STANDARD,35.71,4,0.7357,0.1135,0.043,296.65,263.0,251.69,1.66,52.07,22.23,26.36,100.66,2.046,2.063,0.071
2025-10-04 01:35:00,PL01,LINE_D,A,STANDARD,34.51,1,0.9096,0.157,0.0722,94.87,79.98,74.21,2.28,57.31,23.46,24.42,105.19,3.6,3.702,0.165
2025-10-04 01:38:00,PL02,LINE_A,C,STANDARD,40.19,2,0.9014,0.25,0.0689,161.5,121.13,112.78,2.22,56.43,18.67,19.01,94.11,3.001,3.058,0.153
2025-10-04 01:59:00,PL02,LINE_C,A,STANDARD,39.2,2,0.7615,0.1246,0.15,139.89,122.45,104.08,2.67,46.81,13.97,26.25,87.04,3.377,3.502,0.4
2025-10-04 02:02:00,PL02,LINE_A,C,PREMIUM,33.2,2,0.8004,0.0869,0.0785,173.56,158.47,146.03,2.29,53.86,22.7,15.5,92.06,2.871,2.921,0.18
2025-10-04 02:18:00,PL01,LINE_D,C,PREMIUM,44.94,1,0.7911,0.118,0.0838,63.37,55.9,51.21,3.21,53.28,19.99,17.22,90.49,4.827,4.975,0.269
2025-10-04 03:35:00,PL01,LINE_C,A,STANDARD,43.73,1,0.8368,0.1742,0.0733,68.89,56.89,52.72,2.03,55.41,23.37,25.39,104.17,3.861,4.006,0.149
2025-10-04 03:47:00,PL01,LINE_A,C,PREMIUM,41.69,2,0.8442,0.1276,0.0832,145.78,127.19,116.61,4.29,58.44,17.06,11.84,87.34,4.976,5.038,0.357
2025-10-04 03:49:00,PL01,LINE_C,A,STANDARD,47.35,1,0.8817,0.0528,0.0948,67.03,63.5,57.48,2.01,57.22,8.09,19.56,84.87,3.343,3.483,0.19
2025-10-04 04:20:00,PL01,LINE_A,B,PREMIUM,66.64,4,0.7944,0.2207,0.1309,171.67,133.78,116.27,4.52,51.86,16.67,26.09,94.62,5.23,5.337,0.592
2025-10-04 04:44:00,PL01,LINE_B,C,HEAVY,46.75,1,0.8146,0.0712,0.018,62.73,58.26,57.21,5.62,57.72,16.79,15.43,89.94,7.163,7.191,0.101
2025-10-04 04:49:00,PL01,LINE_C,B,STANDARD,25.43,4,0.9478,0.0325,0.15,536.81,519.39,441.48,1.82,56.44,15.58,16.19,88.21,1.99,2.02,0.273
2025-10-04 06:08:00,PL03,LINE_C,C,STANDARD,58.58,1,0.9348,0.25,0.15,57.45,43.09,36.62,1.98,52.05,14.75,22.91,89.71,4.064,4.431,0.297
2025-10-04 06:34:00,PL01,LINE_B,B,STANDARD,35.94,1,0.9281,0.1299,0.0587,92.95,80.88,76.13,2.64,57.9,21.21,23.91,103.01,3.909,3.989,0.155
2025-10-04 07:39:00,PL01,LINE_C,A,STANDARD,44.57,1,0.8782,0.25,0.0419,70.94,53.2,50.98,1.95,54.62,15.19,20.25,90.06,3.639,3.713,0.082
2025-10-04 08:43:00,PL01,LINE_B,C,STANDARD,26.4,1,0.8574,0.25,0.0201,116.91,87.68,85.92,2.88,59.4,22.72,21.79,103.9,4.068,4.092,0.058
2025-10-04 10:31:00,PL01,LINE_A,C,STANDARD,26.32,1,0.8288,0.1538,0.0284,113.34,95.9,93.18,1.92,58.28,21.41,26.47,106.16,3.028,3.06,0.055
2025-10-04 10:44:00,PL01,LINE_C,A,STANDARD,39.33,1,0.8331,0.25,0.1032,76.26,57.2,51.29,2.3,53.6,18.22,27.96,99.78,4.045,4.246,0.237
2025-10-04 11:40:00,PL01,LINE_C,B,STANDARD,29.56,2,0.8206,0.1893,0.0265,199.85,162.02,157.72,1.93,56.15,22.41,21.41,99.96,2.548,2.564,0.051
2025-10-04 11:54:00,PL01,LINE_C,B,STANDARD,26.47,1,0.9061,0.1312,0.021,123.25,107.08,104.83,2.19,60.04,22.44,17.1,99.57,3.123,3.143,0.046
2025-10-04 11:59:00,PL01,LINE_A,A,PREMIUM,36.69,1,0.9368,0.25,0.0864,91.91,68.93,62.98,3.45,54.87,13.71,18.91,87.49,4.719,4.84,0.298
2025-10-04 12:29:00,PL01,LINE_C,B,STANDARD,34.38,1,0.8459,0.1019,0.0989,88.56,79.54,71.68,2.09,56.99,16.9,24.57,98.46,3.327,3.462,0.206
2025-10-04 12:40:00,PL01,LINE_A,A,STANDARD,32.79,1,0.926,0.25,0.0172,101.66,76.25,74.94,2.19,53.39,12.2,20.17,85.77,3.311,3.33,0.038
2025-10-04 12:40:00,PL01,LINE_B,B,STANDARD,24.23,4,0.8866,0.25,0.1001,527.0,395.25,355.68,2.09,57.54,19.71,22.92,100.17,2.347,2.375,0.21
2025-10-04 12:49:00,PL01,LINE_C,B,PREMIUM,47.36,4,0.8384,0.0955,0.15,254.9,230.55,195.97,2.78,55.54,20.18,29.69,105.41,3.236,3.317,0.417
2025-10-04 12:52:00,PL01,LINE_A,B,STANDARD,35.84,2,0.7971,0.1711,0.1146,160.12,132.73,117.51,1.89,59.08,23.75,10.43,93.26,2.59,2.68,0.216
2025-10-04 13:24:00,PL02,LINE_C,A,STANDARD,46.31,1,0.8942,0.1177,0.1205,69.51,61.33,53.94,2.09,49.75,20.05,35.22,105.01,3.8,4.035,0.252
2025-10-04 15:13:00,PL01,LINE_A,A,STANDARD,28.42,1,0.8743,0.1174,0.0198,110.74,97.74,95.8,2.68,56.73,15.71,15.66,88.1,3.586,3.604,0.053
2025-10-04 16:46:00,PL02,LINE_C,A,STANDARD,33.7,2,0.8346,0.25,0.15,178.32,133.74,113.68,2.11,50.65,11.75,25.32,87.73,2.767,2.883,0.317
2025-10-04 17:46:00,PL01,LINE_C,A,STANDARD,44.32,1,0.7647,0.1253,0.0626,62.12,54.33,50.93,2.11,52.52,16.83,14.66,84.02,3.657,3.76,0.132
2025-10-04 18:03:00,PL01,LINE_D,B,HEAVY,113.59,1,0.6929,0.25,0.149,21.96,16.47,14.02,5.94,59.74,26.91,22.34,108.99,12.559,13.718,0.886
2025-10-04 18:18:00,PL01,LINE_D,C,PREMIUM,61.71,4,0.8237,0.1624,0.15,192.19,160.97,136.82,3.58,55.18,20.89,16.71,92.78,4.157,4.259,0.537
2025-10-04 19:08:00,PL02,LINE_B,C,PREMIUM,41.04,1,0.8091,0.104,0.1071,70.97,63.58,56.77,3.54,51.5,23.82,23.61,98.93,5.098,5.284,0.379
2025-10-04 19:19:00,PL02,LINE_A,A,STANDARD,38.12,1,0.8833,0.25,0.0305,83.43,62.57,60.66,2.23,46.23,16.18,14.37,76.78,3.458,3.496,0.068
2025-10-04 20:13:00,PL03,LINE_D,A,STANDARD,37.01,2,0.8433,0.1375,0.085,164.05,141.5,129.47,2.2,44.77,20.71,29.28,94.76,2.874,2.936,0.187
2025-10-04 20:40:00,PL02,LINE_C,C,STANDARD,41.5,1,0.8754,0.0427,0.1035,75.93,72.68,65.16,2.14,49.73,19.78,18.49,87.99,3.354,3.493,0.222
2025-10-04 21:09:00,PL01,LINE_D,A,STANDARD,49.52,1,0.7384,0.2294,0.15,53.69,41.37,35.16,2.5,52.25,22.0,29.48,103.73,5.01,5.452,0.375
2025-10-04 21:12:00,PL01,LINE_C,C,HEAVY,72.37,1,0.919,0.1408,0.1004,45.71,39.28,35.33,4.92,55.4,17.55,18.81,91.77,7.252,7.512,0.493
2025-10-04 21:51:00,PL03,LINE_A,C,PREMIUM,35.31,4,0.9041,0.0625,0.15,368.7,345.67,293.82,4.71,48.02,19.62,16.64,84.27,4.952,4.995,0.706
2025-10-04 21:59:00,PL01,LINE_B,B,STANDARD,42.76,1,0.888,0.1152,0.0527,74.76,66.15,62.66,1.78,58.05,14.01,26.73,98.79,3.278,3.361,0.094
2025-10-04 22:27:00,PL01,LINE_D,A,STANDARD,32.42,2,0.843,0.25,0.0404,187.2,140.4,134.74,1.79,54.64,18.25,20.7,93.59,2.456,2.485,0.072
2025-10-04 22:37:00,PL01,LINE_B,B,HEAVY,73.68,1,0.8963,0.1209,0.0281,43.79,38.5,37.42,4.4,55.67,24.76,21.12,101.55,7.035,7.111,0.124
2025-10-04 22:59:00,PL02,LINE_B,B,HEAVY,37.09,1,0.8517,0.1324,0.15,82.67,71.73,60.97,5.5,50.31,21.68,24.94,96.93,6.854,7.093,0.825
2025-10-04 23:12:00,PL01,LINE_A,C,PREMIUM,82.2,2,0.8613,0.0523,0.15,75.43,71.49,60.76,3.23,55.89,12.47,19.09,87.45,4.455,4.671,0.485
2025-10-04 23:17:00,PL01,LINE_C,A,STANDARD,35.17,1,0.8812,0.1296,0.06,90.2,78.5,73.79,1.98,52.53,14.0,18.7,85.23,3.066,3.136,0.119
2025-10-04 23:34:00,PL03,LINE_C,A,PREMIUM,42.29,1,0.8981,0.0374,0.0308,76.46,73.6,71.33,3.73,46.74,16.43,17.87,81.03,4.834,4.869,0.115
2025-10-04 23:35:00,PL01,LINE_B,B,HEAVY,44.67,1,0.8636,0.25,0.0543,69.6,52.2,49.37,5.87,56.05,19.1,12.54,87.69,7.551,7.648,0.319
2025-10-05 00:14:00,PL01,LINE_A,B,STANDARD,37.0,2,0.8358,0.25,0.15,162.64,121.98,103.68,1.88,51.87,27.4,21.1,100.37,2.701,2.846,0.282
2025-10-05 00:55:00,PL02,LINE_A,C,PREMIUM,74.87,1,0.9469,0.1057,0.0711,45.53,40.72,37.82,3.22,55.11,12.79,25.63,93.53,5.521,5.697,0.229
2025-10-05 02:10:00,PL01,LINE_A,A,HEAVY,48.6,1,0.8625,0.0862,0.0229,63.89,58.39,57.05,4.17,52.33,22.03,17.1,91.47,5.741,5.777,0.096
2025-10-05 02:22:00,PL01,LINE_B,A,STANDARD,34.47,1,0.8315,0.1601,0.1395,86.85,72.95,62.77,1.59,57.64,12.08,23.7,93.43,2.867,3.075,0.221
2025-10-05 02:47:00,PL02,LINE_B,C,PREMIUM,33.26,1,0.8597,0.25,0.0798,93.06,69.79,64.23,3.97,51.05,15.66,27.64,94.35,5.326,5.443,0.317
2025-10-05 03:06:00,PL01,LINE_D,A,PREMIUM,23.41,1,0.8334,0.1553,0.1496,128.15,108.24,92.05,3.48,51.7,9.24,14.82,75.75,4.178,4.301,0.52
2025-10-05 03:26:00,PL02,LINE_D,A,STANDARD,31.32,1,0.7416,0.0661,0.0906,85.23,79.6,72.38,2.32,52.14,18.19,29.82,100.15,3.576,3.701,0.21
2025-10-05 03:44:00,PL01,LINE_D,B,STANDARD,26.48,4,0.946,0.2497,0.1084,514.49,386.04,344.18,2.62,54.72,20.65,27.96,103.33,2.891,2.924,0.284
2025-10-05 03:58:00,PL02,LINE_C,C,PREMIUM,43.28,1,0.8278,0.1132,0.15,68.86,61.06,51.9,3.17,52.67,20.95,21.28,94.9,4.727,5.001,0.476
2025-10-05 05:50:00,PL03,LINE_B,C,STANDARD,26.33,1,0.8227,0.0171,0.0601,112.48,110.56,103.91,1.9,48.07,20.0,25.29,93.36,2.742,2.796,0.114
2025-10-05 06:26:00,PL01,LINE_A,B,HEAVY,57.01,2,0.8155,0.25,0.0609,103.0,77.25,72.54,5.19,58.86,17.11,21.21,97.19,6.451,6.533,0.316
2025-10-05 06:32:00,PL01,LINE_B,B,HEAVY,74.65,2,0.8109,0.1915,0.0643,78.21,63.23,59.16,4.69,56.77,19.23,21.82,97.83,6.238,6.345,0.302
2025-10-05 06:47:00,PL03,LINE_C,A,STANDARD,28.6,1,0.8522,0.25,0.0173,107.26,80.45,79.05,2.47,51.63,23.31,16.56,91.5,3.611,3.631,0.043
2025-10-05 06:49:00,PL01,LINE_D,C,STANDARD,30.85,2,0.7991,0.25,0.15,186.52,139.89,118.91,2.5,60.3,18.56,20.32,99.19,3.21,3.335,0.375
2025-10-05 07:53:00,PL01,LINE_A,B,STANDARD,48.0,2,0.8006,0.0286,0.15,120.08,116.64,99.15,2.18,53.08,21.82,25.05,99.94,3.04,3.191,0.327
2025-10-05 08:15:00,PL02,LINE_C,C,HEAVY,94.33,1,0.838,0.0341,0.15,31.98,30.89,26.26,5.31,52.45,21.49,16.46,90.39,8.24,8.756,0.797
2025-10-05 08:21:00,PL02,LINE_B,C,HEAVY,49.71,1,0.8004,0.0563,0.0844,57.96,54.7,50.09,4.91,51.13,21.33,17.21,89.67,6.554,6.705,0.415
2025-10-05 08:26:00,PL01,LINE_D,A,STANDARD,39.68,2,0.8342,0.1764,0.0287,151.36,124.65,121.07,1.84,57.91,12.5,25.1,95.51,2.601,2.624,0.053
2025-10-05 08:40:00,PL01,LINE_B,C,HEAVY,50.65,1,0.906,0.1497,0.1143,64.4,54.76,48.49,6.46,56.65,19.88,14.1,90.63,8.113,8.327,0.738
2025-10-05 09:23:00,PL01,LINE_A,B,HEAVY,60.0,1,0.8989,0.1516,0.15,53.93,45.75,38.89,4.82,56.22,19.09,19.52,94.83,6.89,7.256,0.723
2025-10-05 09:38:00,PL01,LINE_C,A,STANDARD,44.85,1,0.8534,0.1962,0.0798,68.5,55.06,50.67,2.45,52.73,16.99,22.4,92.13,4.124,4.269,0.196
2025-10-05 10:28:00,PL01,LINE_B,A,STANDARD,21.69,2,0.8232,0.1748,0.0442,273.27,225.52,215.55,1.56,55.4,24.45,20.12,99.97,2.007,2.027,0.069
2025-10-05 10:33:00,PL03,LINE_C,C,STANDARD,38.41,1,0.7652,0.0192,0.1119,71.71,70.34,62.47,2.02,51.19,17.35,18.89,87.43,3.266,3.423,0.226
2025-10-05 10:37:00,PL01,LINE_A,B,STANDARD,49.59,2,0.7498,0.25,0.137,108.87,81.65,70.47,1.33,58.1,14.04,25.0,97.14,2.524,2.713,0.183
2025-10-05 11:12:00,PL01,LINE_A,B,PREMIUM,51.38,1,0.8783,0.1044,0.15,61.54,55.12,46.85,3.78,57.93,20.5,23.63,102.05,5.633,5.96,0.567
2025-10-05 11:23:00,PL02,LINE_D,C,HEAVY,54.75,1,0.8069,0.25,0.0311,53.05,39.79,38.55,5.12,51.2,28.35,24.04,103.6,7.722,7.806,0.159
2025-10-05 11:31:00,PL02,LINE_D,A,HEAVY,111.78,2,0.7837,0.0665,0.0373,50.48,47.12,45.36,3.21,52.82,21.85,35.25,109.92,5.547,5.638,0.12
2025-10-05 11:54:00,PL01,LINE_A,B,STANDARD,40.58,2,0.9126,0.0788,0.1124,161.93,149.17,132.41,3.07,56.36,12.26,21.63,90.25,3.678,3.755,0.345
2025-10-05 12:22:00,PL02,LINE_B,A,PREMIUM,50.85,2,0.8777,0.2064,0.15,124.28,98.63,83.84,3.75,49.58,17.95,16.04,83.57,4.596,4.745,0.562
2025-10-05 13:16:00,PL03,LINE_A,B,PREMIUM,40.69,2,0.8428,0.1684,0.0875,149.15,124.03,113.17,3.39,45.45,16.99,23.16,85.6,4.076,4.142,0.296
2025-10-05 13:54:00,PL01,LINE_B,C,STANDARD,37.49,1,0.7958,0.1758,0.15,76.41,62.98,53.53,2.22,59.76,21.59,31.54,112.88,4.011,4.328,0.333
2025-10-05 14:12:00,PL02,LINE_C,C,STANDARD,43.25,1,0.9272,0.1319,0.15,77.17,67.0,56.95,2.21,51.97,14.15,21.42,87.54,3.52,3.751,0.332
2025-10-05 14:22:00,PL01,LINE_C,B,PREMIUM,61.15,4,0.8046,0.1588,0.1047,189.49,159.41,142.71,4.07,53.05,23.2,27.37,103.62,4.721,4.797,0.426
2025-10-05 14:55:00,PL01,LINE_B,A,STANDARD,42.16,1,0.9108,0.0684,0.0814,77.76,72.44,66.54,2.54,53.3,10.99,18.42,82.71,3.686,3.787,0.207
2025-10-05 15:44:00,PL01,LINE_B,C,STANDARD,43.3,1,0.8048,0.0828,0.0536,66.9,61.37,58.08,2.37,58.83,21.7,21.64,102.17,4.039,4.133,0.127
2025-10-05 15:47:00,PL02,LINE_D,C,PREMIUM,64.23,1,0.6446,0.1329,0.0258,36.13,31.33,30.52,4.09,58.16,6.58,20.35,85.08,6.804,6.875,0.105
2025-10-05 16:23:00,PL01,LINE_A,C,STANDARD,30.25,1,0.8231,0.1655,0.0776,97.95,81.74,75.39,1.67,59.63,14.74,14.66,89.03,2.756,2.848,0.129
2025-10-05 16:54:00,PL02,LINE_C,C,PREMIUM,53.49,2,0.8628,0.25,0.1055,116.14,87.1,77.91,3.46,55.12,16.5,22.37,93.99,4.538,4.666,0.365
2025-10-05 17:07:00,PL02,LINE_B,A,PREMIUM,51.95,1,0.7426,0.2177,0.1372,51.46,40.26,34.73,3.35,49.43,28.66,25.73,103.82,5.927,6.337,0.459
2025-10-05 18:06:00,PL02,LINE_B,B,PREMIUM,50.92,1,0.8705,0.1087,0.0888,61.54,54.85,49.98,3.41,53.51,23.31,18.44,95.26,5.146,5.315,0.303
2025-10-05 18:33:00,PL01,LINE_B,C,STANDARD,64.52,1,0.903,0.1951,0.15,50.39,40.56,34.47,1.98,58.51,22.3,24.46,105.28,4.58,5.038,0.298
2025-10-05 19:15:00,PL01,LINE_A,A,STANDARD,32.27,1,0.9195,0.1752,0.15,102.57,84.6,71.91,1.77,53.11,22.13,29.19,104.43,2.999,3.217,0.265
2025-10-05 19:43:00,PL01,LINE_C,B,HEAVY,101.82,2,0.938,0.25,0.0621,66.33,49.75,46.66,6.09,55.48,25.63,25.69,106.8,8.24,8.382,0.378
2025-10-05 19:56:00,PL02,LINE_B,B,STANDARD,34.69,4,0.7693,0.1785,0.15,319.37,262.36,223.01,2.62,51.95,11.6,23.87,87.42,2.949,3.008,0.392
2025-10-05 19:57:00,PL01,LINE_A,B,HEAVY,87.14,1,0.9016,0.0868,0.0775,37.25,34.01,31.38,5.09,57.11,22.12,22.68,101.91,8.087,8.339,0.395
2025-10-05 20:17:00,PL01,LINE_B,A,STANDARD,40.17,4,0.8059,0.0636,0.0375,288.9,270.52,260.38,2.58,53.32,14.36,31.33,99.01,2.946,2.96,0.097
2025-10-05 20:48:00,PL02,LINE_A,B,PREMIUM,87.63,1,0.8503,0.2038,0.0998,34.93,27.81,25.04,3.76,52.0,15.92,26.14,94.07,7.145,7.52,0.375
2025-10-05 21:19:00,PL01,LINE_C,B,STANDARD,26.88,1,0.8047,0.2055,0.15,107.78,85.63,72.78,2.28,53.3,14.76,20.07,88.13,3.309,3.49,0.342
2025-10-05 21:49:00,PL02,LINE_B,B,STANDARD,49.23,1,0.8412,0.2131,0.15,61.51,48.41,41.15,2.21,52.36,15.45,18.65,86.45,4.0,4.315,0.332
2025-10-05 21:57:00,PL02,LINE_A,A,STANDARD,43.68,2,0.8999,0.25,0.1001,148.32,111.24,100.1,1.89,53.3,15.39,19.06,87.75,2.683,2.771,0.19
2025-10-05 22:12:00,PL01,LINE_B,C,STANDARD,66.0,1,0.98,0.1305,0.0656,53.45,46.47,43.43,1.7,57.89,23.44,18.94,100.26,3.861,4.012,0.112
2025-10-05 22:45:00,PL02,LINE_A,C,STANDARD,66.91,1,0.8318,0.1219,0.0681,44.76,39.3,36.62,2.82,50.81,16.8,22.68,90.29,5.12,5.288,0.192
2025-10-05 22:50:00,PL03,LINE_A,A,STANDARD,39.28,1,0.8867,0.0531,0.0921,81.27,76.96,69.87,1.85,47.4,19.84,25.26,92.5,3.051,3.173,0.17
2025-10-05 23:15:00,PL01,LINE_B,C,STANDARD,24.14,2,0.7923,0.1389,0.01,236.29,203.48,201.44,2.19,56.89,15.21,14.66,86.76,2.62,2.624,0.022
2025-10-05 23:29:00,PL03,LINE_A,A,STANDARD,24.77,1,0.8239,0.25,0.1007,119.73,89.8,80.75,2.78,47.74,19.93,17.91,85.58,3.731,3.838,0.28
2025-10-06 00:39:00,PL01,LINE_A,A,STANDARD,37.24,1,0.7912,0.0266,0.0639,76.5,74.46,69.7,2.64,53.93,20.61,25.61,100.14,3.987,4.079,0.169
2025-10-06 00:52:00,PL02,LINE_B,A,PREMIUM,38.81,1,0.9143,0.1486,0.15,84.82,72.22,61.39,2.99,48.37,23.47,22.76,94.61,4.303,4.534,0.449
2025-10-06 01:10:00,PL02,LINE_B,A,HEAVY,65.6,2,0.7227,0.1804,0.0573,79.32,65.01,61.29,5.03,52.06,20.69,14.19,86.94,6.363,6.444,0.288
2025-10-06 01:50:00,PL03,LINE_C,A,STANDARD,30.74,1,0.9464,0.1497,0.0843,110.84,94.25,86.3,2.16,48.48,19.21,21.93,89.61,3.108,3.195,0.182
2025-10-06 01:51:00,PL02,LINE_C,C,STANDARD,47.09,1,0.7736,0.0985,0.1106,59.14,53.32,47.42,2.4,54.84,12.64,15.74,83.22,3.963,4.157,0.266
2025-10-06 02:06:00,PL02,LINE_A,A,STANDARD,22.79,1,0.9101,0.0486,0.1065,143.78,136.8,122.22,2.45,51.92,19.25,17.08,88.24,3.096,3.173,0.261
2025-10-06 02:39:00,PL01,LINE_A,C,PREMIUM,51.18,2,0.9283,0.25,0.0907,130.6,97.95,89.06,3.8,58.52,14.64,8.0,81.16,4.624,4.707,0.344
2025-10-06 02:53:00,PL01,LINE_B,B,PREMIUM,74.14,2,0.889,0.1599,0.0317,86.33,72.52,70.23,4.44,52.99,8.63,22.37,83.99,5.597,5.635,0.141
2025-10-06 03:32:00,PL02,LINE_A,C,PREMIUM,63.58,1,0.7993,0.1154,0.0724,45.26,40.04,37.14,2.69,54.86,15.51,19.16,89.52,4.926,5.101,0.195
2025-10-06 03:44:00,PL02,LINE_B,A,STANDARD,30.42,1,0.8278,0.0855,0.0479,97.98,89.6,85.31,2.63,46.87,10.13,27.64,84.63,3.573,3.62,0.126
2025-10-06 04:10:00,PL02,LINE_C,C,HEAVY,77.92,1,0.85,0.01,0.15,39.27,38.88,33.05,3.88,55.38,23.33,17.67,96.39,6.363,6.801,0.583
2025-10-06 04:24:00,PL02,LINE_B,A,STANDARD,31.04,2,0.8653,0.25,0.1156,200.7,150.52,133.13,2.26,51.18,27.07,24.53,102.77,2.94,3.029,0.261
2025-10-06 05:51:00,PL02,LINE_C,C,PREMIUM,48.06,1,0.8352,0.0409,0.0121,62.56,60.0,59.28,4.31,54.45,14.1,29.41,97.95,5.943,5.963,0.052
2025-10-06 07:28:00,PL01,LINE_A,A,HEAVY,79.7,1,0.8648,0.0454,0.087,39.06,37.29,34.04,4.93,52.68,16.48,17.16,86.32,7.246,7.467,0.429
2025-10-06 07:29:00,PL01,LINE_B,C,STANDARD,48.88,2,0.98,0.1703,0.0779,144.36,119.78,110.45,1.86,58.77,20.01,25.14,103.92,2.725,2.798,0.145
2025-10-06 07:51:00,PL03,LINE_C,C,PREMIUM,41.95,1,0.7988,0.0767,0.0821,68.55,63.29,58.09,2.94,46.15,23.79,24.42,94.36,4.433,4.566,0.242
2025-10-06 09:13:00,PL02,LINE_C,A,PREMIUM,30.0,2,0.784,0.0559,0.1071,188.14,177.62,158.6,3.29,50.93,13.26,26.28,90.47,3.796,3.857,0.352
2025-10-06 09:29:00,PL01,LINE_A,C,PREMIUM,34.97,2,0.9527,0.0647,0.0711,196.13,183.44,170.4,3.34,56.32,16.74,11.42,84.48,3.799,3.834,0.237
2025-10-06 10:30:00,PL03,LINE_C,A,PREMIUM,41.49,1,0.9672,0.2091,0.0883,83.91,66.36,60.51,2.81,49.39,18.54,25.87,93.79,4.22,4.356,0.248
2025-10-06 11:09:00,PL01,LINE_C,C,STANDARD,37.74,1,0.8842,0.1942,0.15,84.33,67.95,57.76,1.81,57.92,22.79,28.43,109.14,3.413,3.696,0.271
2025-10-06 11:24:00,PL02,LINE_C,C,STANDARD,24.17,2,0.7861,0.0961,0.1022,234.15,211.66,190.02,2.47,56.48,17.02,11.93,85.43,2.875,2.921,0.253
2025-10-06 11:46:00,PL01,LINE_A,B,STANDARD,44.11,1,0.8004,0.25,0.1355,65.33,49.0,42.36,2.46,56.54,17.47,21.47,95.49,4.405,4.71,0.333
2025-10-06 12:36:00,PL01,LINE_B,B,PREMIUM,37.31,1,0.8713,0.2432,0.1461,84.07,63.63,54.33,4.06,58.75,16.36,26.62,101.73,5.658,5.931,0.593
2025-10-06 12:47:00,PL01,LINE_C,B,STANDARD,27.11,1,0.8893,0.1804,0.15,118.1,96.79,82.27,2.44,59.24,20.73,16.89,96.85,3.437,3.613,0.365
2025-10-06 13:30:00,PL01,LINE_B,A,STANDARD,29.03,4,0.9204,0.1229,0.1322,456.54,400.45,347.49,1.65,52.78,18.34,22.77,93.89,1.884,1.92,0.218
2025-10-06 15:53:00,PL02,LINE_A,C,HEAVY,41.29,2,0.8334,0.1021,0.0863,145.33,130.49,119.23,5.45,52.31,23.73,15.28,91.32,6.153,6.219,0.47
2025-10-06 16:39:00,PL02,LINE_A,C,STANDARD,31.79,1,0.7975,0.1264,0.15,90.31,78.9,67.06,2.84,53.21,19.41,22.39,95.01,4.049,4.261,0.427
2025-10-06 17:07:00,PL01,LINE_B,C,PREMIUM,45.84,4,0.7494,0.22,0.15,235.42,183.64,156.09,3.41,60.63,15.2,17.05,92.89,3.911,4.0,0.511
2025-10-06 17:55:00,PL03,LINE_C,C,PREMIUM,38.65,2,0.9215,0.2156,0.15,171.69,134.67,114.47,4.14,51.61,16.36,25.4,93.37,4.829,4.951,0.62
2025-10-06 19:06:00,PL02,LINE_A,B,PREMIUM,28.72,1,0.8935,0.1005,0.085,112.0,100.75,92.18,4.06,51.57,14.46,18.75,84.77,4.902,4.98,0.345
2025-10-06 19:07:00,PL02,LINE_A,B,STANDARD,31.95,4,0.98,0.25,0.15,441.67,331.25,281.56,2.64,50.58,12.7,23.95,87.23,2.908,2.954,0.397
2025-10-06 19:25:00,PL01,LINE_C,C,HEAVY,95.98,1,0.8962,0.2464,0.0907,33.62,25.33,23.03,6.23,57.87,23.83,19.18,100.88,10.213,10.611,0.565
2025-10-06 19:27:00,PL01,LINE_D,A,STANDARD,30.16,2,0.9226,0.25,0.0582,220.25,165.19,155.58,2.47,58.2,21.73,15.41,95.34,3.051,3.086,0.144
2025-10-06 19:36:00,PL01,LINE_B,B,STANDARD,29.81,1,0.8923,0.25,0.1129,107.75,80.81,71.68,1.65,57.22,25.59,19.82,102.63,2.922,3.084,0.187
2025-10-06 20:09:00,PL01,LINE_A,C,STANDARD,37.57,1,0.8629,0.0413,0.0554,82.68,79.26,74.87,2.03,57.65,18.92,23.26,99.84,3.289,3.363,0.112
2025-10-06 20:30:00,PL02,LINE_D,B,STANDARD,30.99,1,0.8317,0.0627,0.15,96.61,90.55,76.97,2.2,51.75,19.77,10.2,81.72,3.1,3.259,0.33
2025-10-06 22:05:00,PL03,LINE_B,B,STANDARD,45.16,2,0.8355,0.0516,0.0545,133.21,126.33,119.45,2.63,46.81,23.83,19.77,90.4,3.35,3.392,0.143
2025-10-06 22:06:00,PL03,LINE_C,B,STANDARD,27.3,1,0.8677,0.1602,0.1331,114.43,96.1,83.31,2.11,48.63,21.09,20.69,90.42,3.055,3.2,0.281
2025-10-06 23:40:00,PL01,LINE_B,A,PREMIUM,47.18,1,0.7974,0.25,0.093,60.84,45.63,41.38,3.12,52.99,8.76,28.24,89.99,5.091,5.293,0.29
2025-10-07 00:34:00,PL01,LINE_A,A,HEAVY,85.13,2,0.8291,0.1693,0.0617,70.12,58.25,54.65,5.71,54.08,19.64,25.79,99.51,7.414,7.526,0.352
2025-10-07 00:35:00,PL03,LINE_B,C,STANDARD,29.27,1,0.8881,0.2355,0.0609,109.23,83.5,78.41,1.71,51.4,18.89,15.9,86.19,2.743,2.81,0.104
2025-10-07 00:51:00,PL02,LINE_A,C,PREMIUM,37.26,1,0.8657,0.2368,0.15,83.66,63.85,54.27,3.28,53.53,22.74,15.45,91.73,4.72,4.973,0.492
2025-10-07 01:45:00,PL03,LINE_B,A,HEAVY,57.9,1,0.9454,0.1501,0.1199,58.78,49.96,43.97,5.82,45.66,24.37,29.25,99.28,7.803,8.074,0.697
2025-10-07 01:46:00,PL03,LINE_C,B,STANDARD,32.91,1,0.8069,0.0694,0.15,88.27,82.15,69.82,2.59,50.4,21.84,26.34,98.58,3.785,3.997,0.388
2025-10-07 02:12:00,PL02,LINE_A,B,PREMIUM,37.59,1,0.8352,0.1237,0.1037,79.98,70.09,62.82,3.32,51.7,20.32,17.42,89.45,4.592,4.74,0.344
2025-10-07 03:01:00,PL01,LINE_B,B,PREMIUM,65.15,1,0.9126,0.1359,0.0836,50.43,43.58,39.93,2.63,54.93,19.55,11.89,86.37,4.616,4.797,0.22
2025-10-07 03:24:00,PL02,LINE_D,C,STANDARD,37.55,2,0.8425,0.1325,0.0356,161.54,140.13,135.15,2.36,54.68,20.72,25.68,101.08,3.086,3.113,0.084
2025-10-07 03:38:00,PL03,LINE_C,A,PREMIUM,54.2,2,0.8138,0.1433,0.1362,108.12,92.62,80.01,3.43,48.27,9.16,18.07,75.5,4.24,4.369,0.466
2025-10-07 03:48:00,PL02,LINE_B,A,STANDARD,24.61,2,0.7788,0.0731,0.1,227.87,211.22,190.1,2.2,52.49,16.14,20.32,88.95,2.625,2.672,0.22
2025-10-07 03:48:00,PL01,LINE_D,A,STANDARD,33.67,1,0.8223,0.2067,0.0654,87.92,69.75,65.19,1.63,55.6,20.71,23.24,99.56,3.06,3.16,0.107
2025-10-07 04:40:00,PL01,LINE_B,A,STANDARD,34.86,2,0.9307,0.25,0.1491,192.24,144.18,122.68,2.4,58.28,24.4,15.38,98.06,3.08,3.2,0.358
2025-10-07 04:42:00,PL01,LINE_C,C,STANDARD,53.51,1,0.7968,0.0778,0.0984,53.61,49.44,44.57,2.99,56.57,16.37,31.37,104.31,5.098,5.329,0.294
2025-10-07 04:48:00,PL02,LINE_A,B,PREMIUM,47.17,1,0.8693,0.0452,0.0472,66.35,63.35,60.36,2.41,48.77,16.89,28.22,93.89,3.896,3.969,0.114
2025-10-07 04:49:00,PL02,LINE_C,A,PREMIUM,37.66,1,0.9011,0.2421,0.111,86.14,65.29,58.04,4.1,51.13,21.26,20.9,93.29,5.53,5.708,0.455
2025-10-07 04:59:00,PL01,LINE_A,C,PREMIUM,39.56,1,0.7569,0.1182,0.15,68.88,60.74,51.63,2.87,55.23,16.08,20.77,92.08,4.383,4.65,0.43
2025-10-07 05:01:00,PL03,LINE_A,C,STANDARD,28.55,4,0.8211,0.13,0.0722,414.1,360.27,334.27,1.99,54.55,18.92,24.42,97.89,2.261,2.283,0.144
2025-10-07 07:00:00,PL03,LINE_C,A,STANDARD,31.26,1,0.9238,0.0667,0.0488,106.39,99.29,94.45,2.45,47.61,17.52,23.45,88.57,3.345,3.39,0.12
2025-10-07 07:02:00,PL01,LINE_C,B,HEAVY,62.03,1,0.9171,0.1893,0.0672,53.23,43.15,40.25,5.26,58.4,16.13,30.3,104.83,7.692,7.868,0.354
2025-10-07 07:12:00,PL03,LINE_B,B,STANDARD,37.17,1,0.797,0.1545,0.14,77.2,65.27,56.13,2.83,49.51,17.12,25.21,91.84,4.239,4.468,0.396
2025-10-07 09:02:00,PL02,LINE_C,C,STANDARD,31.65,2,0.7915,0.056,0.15,180.07,169.99,144.49,2.14,50.63,15.37,24.02,90.01,2.665,2.758,0.32
2025-10-07 09:17:00,PL03,LINE_A,C,PREMIUM,41.07,1,0.8242,0.25,0.1055,72.25,54.19,48.47,4.06,49.03,18.53,30.37,97.94,5.864,6.077,0.428
2025-10-07 10:39:00,PL03,LINE_C,A,STANDARD,35.97,2,0.9493,0.25,0.068,190.02,142.51,132.82,2.06,47.23,15.55,27.54,90.32,2.69,2.737,0.14
2025-10-07 11:33:00,PL03,LINE_C,C,STANDARD,29.81,2,0.9238,0.1009,0.1381,223.16,200.64,172.95,2.25,48.26,18.51,20.76,87.52,2.686,2.756,0.311
2025-10-07 11:35:00,PL02,LINE_A,A,STANDARD,36.7,1,0.8263,0.25,0.0105,81.05,60.79,60.15,2.46,51.12,13.14,15.36,79.62,3.767,3.781,0.026
2025-10-07 13:06:00,PL01,LINE_A,B,PREMIUM,44.49,4,0.8525,0.079,0.116,275.95,254.14,224.65,3.21,63.66,17.37,24.56,105.59,3.628,3.683,0.373
2025-10-07 13:50:00,PL02,LINE_C,C,STANDARD,33.95,4,0.8537,0.0639,0.0988,362.14,338.99,305.49,1.91,55.12,12.87,22.96,90.95,2.175,2.204,0.188
2025-10-07 14:15:00,PL01,LINE_A,B,STANDARD,17.0,2,0.8975,0.1423,0.0536,380.08,325.98,308.5,1.96,55.48,24.67,10.86,91.01,2.234,2.25,0.105
2025-10-07 14:59:00,PL03,LINE_A,A,STANDARD,33.49,1,0.8372,0.25,0.0648,89.98,67.48,63.11,2.18,46.44,17.68,22.2,86.32,3.46,3.549,0.141
2025-10-07 15:12:00,PL01,LINE_B,C,PREMIUM,57.03,2,0.7838,0.1541,0.082,98.94,83.7,76.83,2.84,62.37,15.53,24.81,102.7,4.069,4.178,0.233
2025-10-07 15:17:00,PL03,LINE_A,A,STANDARD,45.56,1,0.7943,0.1869,0.1096,62.77,51.04,45.44,2.39,46.74,17.98,18.63,83.35,4.024,4.225,0.262
2025-10-07 16:03:00,PL02,LINE_A,B,STANDARD,36.61,1,0.914,0.2251,0.1017,89.88,69.65,62.57,2.55,50.35,15.73,24.62,90.69,3.849,3.996,0.259
2025-10-07 17:42:00,PL01,LINE_A,B,HEAVY,38.6,1,0.8931,0.2219,0.1124,83.29,64.81,57.53,4.49,58.26,17.03,21.34,96.64,5.978,6.167,0.504
2025-10-07 18:11:00,PL01,LINE_B,B,STANDARD,20.18,1,0.8495,0.0839,0.1017,151.54,138.83,124.71,2.19,56.91,13.98,16.75,87.63,2.82,2.891,0.223
2025-10-07 18:43:00,PL02,LINE_D,A,PREMIUM,19.36,2,0.7744,0.1991,0.1462,288.01,230.68,196.96,2.2,49.28,16.96,26.73,92.96,2.605,2.674,0.322
2025-10-07 19:39:00,PL02,LINE_C,A,STANDARD,37.4,1,0.8309,0.25,0.031,79.97,59.98,58.12,1.94,48.59,19.29,17.06,84.94,3.36,3.405,0.06
2025-10-07 19:47:00,PL03,LINE_B,A,PREMIUM,44.83,1,0.8489,0.1325,0.0218,68.17,59.14,57.85,3.58,49.01,8.93,22.44,80.38,4.942,4.972,0.078
2025-10-07 20:58:00,PL01,LINE_C,A,STANDARD,19.69,1,0.8139,0.1361,0.0794,148.81,128.56,118.36,1.71,54.45,19.21,12.33,85.99,2.381,2.438,0.136
2025-10-07 21:07:00,PL01,LINE_A,B,PREMIUM,45.01,1,0.8469,0.0368,0.0969,67.73,65.24,58.92,3.85,55.74,18.03,16.58,90.34,5.237,5.385,0.373
2025-10-07 21:07:00,PL02,LINE_B,A,HEAVY,55.24,2,0.8197,0.25,0.0537,106.84,80.13,75.83,5.11,50.13,15.25,18.87,84.25,6.161,6.22,0.274
2025-10-07 23:46:00,PL02,LINE_C,A,STANDARD,32.71,1,0.931,0.0435,0.064,102.46,98.0,91.73,1.95,48.41,17.59,20.41,86.41,2.828,2.888,0.125
2025-10-08 01:49:00,PL02,LINE_D,A,STANDARD,51.83,2,0.6985,0.25,0.0707,97.03,72.78,67.63,2.46,53.51,14.65,20.27,88.44,3.671,3.764,0.174
2025-10-08 02:10:00,PL01,LINE_C,A,PREMIUM,62.77,2,0.8837,0.1253,0.15,101.36,88.66,75.36,3.8,55.91,21.3,24.79,102.0,4.947,5.15,0.57
2025-10-08 02:12:00,PL03,LINE_B,B,STANDARD,33.24,2,0.8926,0.0904,0.1237,193.36,175.87,154.12,2.31,47.91,17.2,19.42,84.53,2.794,2.862,0.286
2025-10-08 03:05:00,PL02,LINE_C,A,STANDARD,33.52,2,0.806,0.1392,0.0646,173.15,149.06,139.44,2.05,47.99,20.57,26.16,94.72,2.688,2.732,0.133
2025-10-08 05:14:00,PL02,LINE_B,B,STANDARD,26.78,2,0.8144,0.25,0.1099,219.0,164.25,146.21,2.41,52.7,22.9,31.69,107.29,3.062,3.142,0.265
2025-10-08 05:43:00,PL02,LINE_C,B,HEAVY,54.98,1,0.9244,0.0807,0.1174,60.53,55.64,49.11,4.47,52.45,25.76,32.32,110.53,6.46,6.725,0.525
2025-10-08 06:21:00,PL02,LINE_C,C,STANDARD,21.22,1,0.7714,0.25,0.0834,130.87,98.16,89.97,2.09,53.34,19.31,20.54,93.18,3.035,3.121,0.174
2025-10-08 06:43:00,PL02,LINE_B,C,STANDARD,42.15,1,0.7335,0.0843,0.1202,62.64,57.36,50.47,1.45,52.51,21.74,18.68,92.93,3.068,3.289,0.174
2025-10-08 07:32:00,PL02,LINE_D,A,PREMIUM,38.26,1,0.9055,0.1609,0.15,85.2,71.5,60.77,3.48,52.23,23.04,16.38,91.64,4.758,4.985,0.522
2025-10-08 08:00:00,PL02,LINE_A,A,HEAVY,57.92,2,0.9234,0.25,0.1042,114.79,86.09,77.12,5.2,50.33,15.71,23.51,89.55,6.241,6.362,0.542
2025-10-08 08:18:00,PL02,LINE_D,C,PREMIUM,103.73,2,0.8698,0.1043,0.1435,60.38,54.08,46.32,3.43,55.03,15.53,25.27,95.83,5.203,5.5,0.492
2025-10-08 08:43:00,PL01,LINE_C,C,STANDARD,26.53,1,0.8678,0.1183,0.15,117.76,103.83,88.25,2.83,59.24,15.2,25.05,99.5,3.789,3.958,0.425
2025-10-08 08:53:00,PL02,LINE_A,C,PREMIUM,29.39,4,0.861,0.1014,0.1304,421.89,379.1,329.66,3.22,53.54,17.24,19.0,89.78,3.454,3.49,0.42
2025-10-08 09:19:00,PL02,LINE_B,C,STANDARD,30.0,4,0.8619,0.0119,0.0679,413.69,408.78,381.03,1.94,51.78,18.77,17.21,87.76,2.151,2.167,0.131
2025-10-08 09:20:00,PL03,LINE_D,B,PREMIUM,42.33,2,0.8691,0.2166,0.0965,147.81,115.8,104.62,3.57,51.05,22.1,20.41,93.56,4.38,4.467,0.345
2025-10-08 09:23:00,PL01,LINE_B,A,STANDARD,32.94,2,0.8634,0.2156,0.0412,188.74,148.05,141.94,2.66,57.39,19.02,22.5,98.91,3.327,3.355,0.11
2025-10-08 10:08:00,PL01,LINE_B,A,PREMIUM,38.95,1,0.9384,0.0611,0.1193,86.74,81.44,71.72,3.25,55.29,21.32,20.07,96.68,4.438,4.599,0.388
2025-10-08 10:25:00,PL01,LINE_C,A,HEAVY,62.98,1,0.8585,0.203,0.15,49.07,39.11,33.24,4.86,55.12,21.87,24.91,101.89,7.462,7.921,0.728
2025-10-08 10:51:00,PL01,LINE_C,A,STANDARD,44.15,4,0.8319,0.1146,0.0249,271.29,240.19,234.21,2.95,56.91,12.17,21.71,90.79,3.324,3.334,0.073
2025-10-08 10:55:00,PL03,LINE_A,A,STANDARD,22.12,1,0.8992,0.25,0.1478,146.34,109.75,93.53,2.06,49.11,13.77,29.52,92.39,2.907,3.053,0.305
2025-10-08 11:38:00,PL03,LINE_D,C,STANDARD,30.17,2,0.7962,0.1978,0.15,189.99,152.4,129.54,2.34,46.83,15.77,28.06,90.66,2.934,3.039,0.351
2025-10-08 12:12:00,PL02,LINE_C,C,STANDARD,30.28,1,0.7812,0.0772,0.1369,92.88,85.71,73.97,2.82,56.32,23.72,24.99,105.03,4.046,4.24,0.386
2025-10-08 12:14:00,PL01,LINE_C,C,STANDARD,22.91,4,0.8618,0.2026,0.15,541.6,431.9,367.12,1.47,58.62,16.63,18.82,94.07,1.687,1.725,0.22
2025-10-08 12:28:00,PL03,LINE_A,A,PREMIUM,32.29,1,0.8253,0.0918,0.1077,92.01,83.57,74.57,3.52,43.52,19.31,19.27,82.1,4.506,4.625,0.379
2025-10-08 13:11:00,PL01,LINE_C,C,STANDARD,34.23,1,0.8021,0.2328,0.0472,84.35,64.71,61.66,1.74,59.85,17.45,26.06,103.37,3.336,3.416,0.082
2025-10-08 13:19:00,PL01,LINE_A,C,STANDARD,48.97,1,0.8631,0.1874,0.07,63.45,51.56,47.95,1.84,59.25,16.23,17.68,93.17,3.648,3.784,0.129
2025-10-08 14:55:00,PL03,LINE_A,C,HEAVY,87.08,2,0.9205,0.1527,0.1111,76.11,64.48,57.32,4.55,50.26,19.23,19.87,89.36,5.94,6.113,0.506
2025-10-08 15:06:00,PL03,LINE_C,C,PREMIUM,45.63,2,0.8401,0.2322,0.15,132.57,101.78,86.52,2.45,48.54,16.22,15.9,80.67,3.246,3.385,0.368
2025-10-08 15:52:00,PL03,LINE_C,A,STANDARD,28.41,1,0.7899,0.25,0.15,100.09,75.07,63.81,2.65,44.17,25.21,20.9,90.28,3.857,4.069,0.398
2025-10-08 16:10:00,PL03,LINE_D,B,PREMIUM,30.29,2,0.7381,0.1722,0.0432,175.48,145.27,139.0,3.48,46.69,28.17,19.37,94.24,4.133,4.162,0.15
2025-10-08 16:26:00,PL01,LINE_A,A,HEAVY,47.39,2,0.8418,0.25,0.0054,127.9,95.92,95.4,4.54,56.62,16.78,19.65,93.05,5.508,5.513,0.025
2025-10-08 17:37:00,PL01,LINE_C,A,STANDARD,40.28,1,0.8927,0.0858,0.0686,79.79,72.95,67.94,2.03,54.03,11.32,26.61,91.96,3.287,3.38,0.139
2025-10-08 18:49:00,PL01,LINE_B,A,PREMIUM,55.3,1,0.7793,0.2009,0.0937,50.74,40.54,36.75,4.38,56.01,25.14,17.65,98.81,6.813,7.065,0.41
2025-10-08 18:54:00,PL02,LINE_B,B,STANDARD,33.54,1,0.8716,0.1254,0.015,93.54,81.81,80.59,2.28,49.14,15.89,20.42,85.45,3.327,3.343,0.034
2025-10-08 19:37:00,PL01,LINE_B,A,STANDARD,49.58,1,0.9047,0.1972,0.1295,65.7,52.74,45.91,1.83,52.82,20.17,23.0,95.99,3.655,3.925,0.238
2025-10-08 19:55:00,PL01,LINE_C,C,PREMIUM,50.8,1,0.8477,0.25,0.0195,60.07,45.05,44.18,3.24,59.32,20.65,23.39,103.36,5.533,5.579,0.063
2025-10-08 19:55:00,PL03,LINE_A,C,STANDARD,32.29,1,0.7859,0.1401,0.1453,87.62,75.35,64.4,2.08,49.89,16.37,25.26,91.52,3.294,3.5,0.302
2025-10-08 21:06:00,PL01,LINE_D,C,STANDARD,34.36,2,0.9546,0.0982,0.1257,200.01,180.36,157.69,1.94,57.55,18.29,25.06,100.91,2.503,2.583,0.244
2025-10-08 21:10:00,PL03,LINE_A,B,STANDARD,52.67,4,0.8906,0.1212,0.1101,243.47,213.96,190.4,2.76,49.21,20.02,21.29,90.51,3.178,3.231,0.303
2025-10-08 22:56:00,PL01,LINE_A,A,PREMIUM,38.74,2,0.7948,0.2099,0.1499,147.7,116.69,99.2,4.71,54.34,16.08,9.65,80.07,5.4,5.521,0.706
2025-10-08 23:04:00,PL03,LINE_A,A,STANDARD,57.01,2,0.9044,0.25,0.0976,114.22,85.67,77.31,2.46,44.47,27.96,17.68,90.11,3.514,3.628,0.24
2025-10-09 01:26:00,PL02,LINE_C,A,STANDARD,33.91,1,0.821,0.25,0.1222,87.16,65.37,57.38,2.18,47.79,18.78,16.65,83.23,3.456,3.633,0.267
2025-10-09 02:02:00,PL02,LINE_C,A,STANDARD,40.38,1,0.8411,0.1483,0.0328,74.99,63.86,61.77,2.36,48.56,20.33,16.77,85.66,3.7,3.746,0.077
2025-10-09 02:12:00,PL03,LINE_A,C,PREMIUM,38.05,1,0.98,0.0994,0.15,92.73,83.51,70.99,2.85,50.32,19.01,25.41,94.74,3.981,4.181,0.427
2025-10-09 02:53:00,PL02,LINE_B,B,STANDARD,33.44,1,0.915,0.1069,0.15,98.52,87.98,74.79,1.78,47.67,21.11,26.92,95.71,2.869,3.061,0.267
2025-10-09 03:04:00,PL02,LINE_B,B,HEAVY,92.25,2,0.7688,0.094,0.15,60.0,54.36,46.21,6.1,48.85,17.96,22.22,89.02,7.734,8.023,0.914
2025-10-09 03:19:00,PL03,LINE_B,A,PREMIUM,47.69,1,0.8204,0.25,0.059,61.93,46.45,43.71,3.94,45.78,17.39,26.75,89.93,5.871,5.993,0.232
2025-10-09 04:48:00,PL03,LINE_A,A,PREMIUM,59.16,2,0.9212,0.1876,0.15,112.13,91.09,77.43,3.14,45.29,20.22,25.29,90.79,4.139,4.315,0.471
2025-10-09 05:27:00,PL01,LINE_C,A,STANDARD,30.82,1,0.8327,0.0112,0.0487,97.26,96.17,91.48,2.65,58.22,18.56,27.75,104.52,3.738,3.793,0.129
2025-10-09 06:22:00,PL01,LINE_C,A,STANDARD,27.47,1,0.8735,0.1891,0.1404,114.48,92.83,79.8,2.51,55.51,15.28,19.39,90.17,3.48,3.638,0.352
2025-10-09 06:32:00,PL03,LINE_D,B,STANDARD,33.33,2,0.8454,0.0778,0.0852,182.62,168.41,154.07,2.21,49.57,15.27,23.24,88.08,2.734,2.783,0.188
2025-10-09 06:44:00,PL03,LINE_C,A,STANDARD,41.77,4,0.9378,0.137,0.0508,323.31,279.01,264.83,2.56,46.43,17.51,21.16,85.1,2.868,2.884,0.13
2025-10-09 07:22:00,PL03,LINE_D,B,STANDARD,28.07,1,0.8854,0.2197,0.0964,113.57,88.62,80.08,1.87,46.23,17.66,30.83,94.72,2.941,3.055,0.18
2025-10-09 08:04:00,PL03,LINE_C,A,HEAVY,48.48,1,0.8312,0.1057,0.0379,61.73,55.2,53.11,5.72,45.41,19.97,24.52,89.9,7.344,7.409,0.216
2025-10-09 08:19:00,PL02,LINE_B,A,PREMIUM,49.5,1,0.7132,0.1265,0.0594,51.87,45.3,42.61,3.84,45.76,19.77,25.02,90.55,5.836,5.962,0.228
2025-10-09 08:49:00,PL02,LINE_A,A,PREMIUM,50.59,2,0.7681,0.0351,0.0908,109.32,105.48,95.9,3.38,52.68,19.67,14.57,86.92,4.206,4.288,0.307
2025-10-09 08:53:00,PL01,LINE_A,B,HEAVY,36.65,1,0.8619,0.0664,0.15,84.65,79.04,67.18,3.8,56.24,27.48,17.16,100.89,5.075,5.3,0.57
2025-10-09 09:15:00,PL02,LINE_A,A,STANDARD,54.75,4,0.8384,0.0728,0.1323,220.5,204.45,177.39,3.11,53.04,21.78,17.43,92.25,3.562,3.631,0.412
2025-10-09 09:28:00,PL02,LINE_D,A,HEAVY,78.33,2,0.7914,0.25,0.0989,72.74,54.56,49.16,5.29,49.45,22.73,9.76,81.94,6.794,6.959,0.523
2025-10-09 10:11:00,PL01,LINE_B,A,STANDARD,37.65,1,0.769,0.0191,0.0682,73.53,72.13,67.21,2.12,55.44,15.69,13.62,84.75,3.299,3.385,0.145
2025-10-09 10:12:00,PL02,LINE_D,B,STANDARD,33.42,2,0.8278,0.2381,0.15,178.36,135.89,115.5,2.46,50.07,12.71,21.02,83.8,3.077,3.186,0.369
2025-10-09 10:35:00,PL01,LINE_C,B,STANDARD,27.92,1,0.8726,0.172,0.0929,112.51,93.16,84.5,2.37,56.0,31.29,24.48,111.77,3.568,3.691,0.22
2025-10-09 10:46:00,PL01,LINE_A,B,PREMIUM,45.79,4,0.975,0.1621,0.15,306.62,256.91,218.38,2.8,58.03,22.39,19.55,99.97,3.189,3.257,0.42
2025-10-09 10:57:00,PL01,LINE_B,C,HEAVY,98.06,1,0.905,0.1782,0.0353,33.23,27.31,26.34,4.22,59.59,27.62,13.5,100.71,7.903,8.038,0.149
2025-10-09 13:16:00,PL02,LINE_C,A,PREMIUM,52.57,2,0.8583,0.0325,0.15,117.56,113.74,96.68,2.66,48.76,11.8,18.04,78.6,3.348,3.47,0.399
2025-10-09 14:07:00,PL01,LINE_B,B,STANDARD,16.49,1,0.9246,0.0445,0.0082,201.89,192.9,191.33,2.09,58.69,20.12,21.2,100.01,2.612,2.616,0.017
2025-10-09 14:54:00,PL02,LINE_D,A,STANDARD,21.87,1,0.9181,0.142,0.1322,151.14,129.67,112.53,2.24,49.9,17.46,22.01,89.38,2.927,3.032,0.296
2025-10-09 14:57:00,PL01,LINE_D,B,PREMIUM,40.92,1,0.838,0.1359,0.15,73.74,63.71,54.16,3.08,55.92,10.73,21.32,87.97,4.462,4.706,0.462
2025-10-09 15:09:00,PL03,LINE_A,C,PREMIUM,31.53,1,0.8318,0.0352,0.0356,94.97,91.63,88.37,3.16,48.16,18.54,30.34,97.03,4.224,4.263,0.113
2025-10-09 15:38:00,PL01,LINE_B,A,PREMIUM,57.79,1,0.9024,0.104,0.1251,56.22,50.37,44.07,3.89,54.16,19.35,30.67,104.18,5.957,6.253,0.487
2025-10-09 15:39:00,PL02,LINE_A,B,HEAVY,45.19,1,0.8035,0.058,0.0146,64.0,60.29,59.41,5.45,51.62,22.36,14.31,88.29,6.915,6.937,0.08
2025-10-09 18:21:00,PL03,LINE_C,C,STANDARD,28.27,2,0.8442,0.1563,0.15,215.02,181.42,154.2,2.35,49.37,8.88,17.54,75.79,2.771,2.844,0.353
2025-10-09 20:02:00,PL01,LINE_B,B,PREMIUM,57.83,1,0.7967,0.0636,0.1164,49.59,46.44,41.03,3.55,55.0,19.42,26.36,100.78,5.722,6.008,0.413
2025-10-09 20:20:00,PL02,LINE_D,C,STANDARD,41.11,1,0.8781,0.1619,0.0536,76.9,64.46,61.0,1.59,56.4,16.69,24.32,97.4,3.099,3.185,0.085
2025-10-09 22:08:00,PL02,LINE_C,A,PREMIUM,51.86,1,0.862,0.25,0.1459,59.84,44.88,38.33,2.77,51.35,14.14,30.15,95.63,4.901,5.265,0.404
2025-10-09 22:46:00,PL03,LINE_C,A,STANDARD,34.98,1,0.9254,0.2109,0.0662,95.22,75.14,70.17,1.7,46.62,18.38,23.35,88.35,2.875,2.959,0.113
2025-10-09 22:56:00,PL01,LINE_B,A,STANDARD,20.95,1,0.833,0.1761,0.1321,143.13,117.92,102.34,2.06,55.96,20.08,22.73,98.78,2.902,3.03,0.273
2025-10-09 23:16:00,PL01,LINE_B,B,STANDARD,33.47,1,0.7854,0.1244,0.0693,84.49,73.97,68.85,2.36,55.1,20.89,20.92,96.91,3.674,3.772,0.164
2025-10-10 00:10:00,PL02,LINE_B,B,STANDARD,41.43,1,0.8953,0.2065,0.0467,77.79,61.73,58.85,1.65,50.58,13.85,26.74,91.18,3.132,3.204,0.077
2025-10-10 01:45:00,PL03,LINE_D,B,STANDARD,30.77,2,0.7666,0.1828,0.15,179.36,146.57,124.59,2.64,47.21,15.5,25.58,88.28,3.245,3.351,0.396
2025-10-10 02:05:00,PL02,LINE_A,C,STANDARD,39.49,1,0.8474,0.25,0.0731,77.24,57.93,53.69,1.79,51.58,20.69,18.49,90.76,3.358,3.482,0.131
2025-10-10 02:23:00,PL02,LINE_B,C,STANDARD,22.76,2,0.9051,0.1055,0.0723,286.39,256.19,237.65,2.68,53.91,13.77,15.85,83.52,3.005,3.031,0.194
2025-10-10 02:36:00,PL02,LINE_C,A,STANDARD,31.25,1,0.9173,0.2204,0.0293,105.68,82.39,79.98,2.09,50.19,17.83,29.46,97.48,3.27,3.306,0.061
2025-10-10 03:06:00,PL03,LINE_C,A,PREMIUM,47.12,1,0.7853,0.25,0.0633,59.99,45.0,42.15,3.14,45.92,19.16,21.34,86.43,5.061,5.19,0.199
2025-10-10 03:14:00,PL01,LINE_B,B,PREMIUM,55.24,4,0.8448,0.1645,0.15,220.21,184.0,156.4,3.98,58.37,15.17,25.06,98.61,4.519,4.613,0.597
2025-10-10 03:32:00,PL03,LINE_B,B,PREMIUM,38.39,2,0.7964,0.2469,0.15,149.35,112.48,95.61,3.07,47.78,19.33,23.26,90.38,3.871,4.013,0.46
2025-10-10 04:05:00,PL01,LINE_C,A,STANDARD,30.48,1,0.9194,0.25,0.0461,108.6,81.45,77.7,1.73,53.85,18.16,22.06,94.07,2.89,2.946,0.08
2025-10-10 04:39:00,PL01,LINE_D,A,PREMIUM,40.11,2,0.8246,0.1621,0.1035,148.01,124.02,111.19,3.93,54.76,12.77,26.73,94.25,4.69,4.778,0.407
2025-10-10 05:02:00,PL02,LINE_A,C,PREMIUM,59.02,2,0.8814,0.25,0.0529,107.52,80.64,76.37,3.41,52.71,20.78,27.08,100.57,4.653,4.723,0.18
2025-10-10 05:26:00,PL01,LINE_C,B,STANDARD,45.87,1,0.9368,0.0105,0.0932,73.53,72.76,65.98,2.88,56.5,17.33,21.12,94.95,4.188,4.322,0.269
2025-10-10 05:35:00,PL01,LINE_D,B,STANDARD,39.78,1,0.809,0.25,0.0975,73.21,54.91,49.56,2.56,56.32,20.38,28.19,104.89,4.47,4.676,0.25
2025-10-10 06:34:00,PL01,LINE_A,A,PREMIUM,79.98,2,0.9047,0.2423,0.15,81.44,61.71,52.46,3.79,59.35,18.2,26.4,103.94,5.474,5.772,0.569
2025-10-10 06:55:00,PL01,LINE_C,A,PREMIUM,38.44,2,0.8482,0.1661,0.0594,158.9,132.51,124.64,4.04,55.68,23.87,17.8,97.35,4.772,4.818,0.24
2025-10-10 07:42:00,PL02,LINE_A,C,STANDARD,57.12,1,0.8715,0.0191,0.15,54.93,53.88,45.8,2.65,53.9,18.04,12.24,84.18,4.209,4.484,0.397
2025-10-10 07:48:00,PL03,LINE_C,B,HEAVY,107.23,1,0.9092,0.0646,0.0188,30.52,28.55,28.02,6.56,46.46,22.4,19.32,88.19,9.645,9.704,0.123
2025-10-10 07:49:00,PL01,LINE_B,B,STANDARD,35.41,2,0.8219,0.17,0.0888,167.11,138.7,126.38,2.71,56.03,6.0,17.97,80.0,3.288,3.344,0.241
2025-10-10 08:56:00,PL02,LINE_C,C,PREMIUM,31.53,1,0.8956,0.25,0.15,102.27,76.7,65.19,3.43,54.55,15.3,19.67,89.52,4.593,4.799,0.514
2025-10-10 08:57:00,PL02,LINE_B,A,STANDARD,39.97,1,0.926,0.1062,0.0497,83.41,74.55,70.84,2.28,48.44,25.2,13.94,87.59,3.458,3.52,0.114
2025-10-10 10:25:00,PL02,LINE_A,A,STANDARD,41.71,2,0.7981,0.25,0.1466,137.76,103.32,88.18,1.44,49.26,16.27,12.24,77.78,2.19,2.32,0.211
2025-10-10 11:21:00,PL03,LINE_D,B,PREMIUM,50.01,2,0.8241,0.25,0.0405,118.65,88.99,85.38,2.79,51.7,18.88,20.72,91.3,3.814,3.858,0.113
2025-10-10 11:21:00,PL01,LINE_B,C,STANDARD,34.9,2,0.7782,0.086,0.0483,160.52,146.72,139.64,3.02,54.63,21.48,15.77,91.88,3.649,3.681,0.146
2025-10-10 11:55:00,PL02,LINE_B,C,STANDARD,47.74,1,0.8847,0.0519,0.0755,66.71,63.25,58.47,2.21,52.12,11.75,23.76,87.63,3.599,3.712,0.167
2025-10-10 13:23:00,PL02,LINE_D,C,PREMIUM,33.45,4,0.7755,0.1828,0.0912,333.85,272.83,247.96,3.6,55.15,21.31,23.25,99.71,3.961,3.998,0.328
2025-10-10 13:46:00,PL01,LINE_A,A,STANDARD,40.11,2,0.8589,0.0595,0.1144,154.17,145.0,128.42,1.9,57.33,23.23,25.95,106.5,2.637,2.732,0.218
2025-10-10 14:03:00,PL02,LINE_A,B,STANDARD,38.43,2,0.8235,0.064,0.0188,154.28,144.41,141.7,2.7,48.32,21.9,22.59,92.81,3.341,3.353,0.051
2025-10-10 14:24:00,PL01,LINE_B,C,PREMIUM,46.53,1,0.8646,0.1495,0.0986,66.9,56.9,51.29,3.3,56.6,20.07,25.97,102.64,5.107,5.304,0.326
2025-10-10 14:27:00,PL03,LINE_C,B,STANDARD,35.31,1,0.8585,0.0519,0.1197,87.51,82.97,73.05,2.6,46.49,15.55,21.91,83.95,3.608,3.745,0.311
2025-10-10 15:26:00,PL03,LINE_C,C,PREMIUM,42.45,1,0.8482,0.2338,0.0847,71.93,55.11,50.44,3.65,47.24,13.92,22.05,83.21,5.156,5.296,0.309
2025-10-10 16:26:00,PL01,LINE_D,C,PREMIUM,47.79,4,0.805,0.2204,0.15,242.53,189.06,160.7,3.79,58.56,9.42,26.8,94.78,4.292,4.38,0.569
2025-10-10 16:38:00,PL01,LINE_A,A,STANDARD,33.26,2,0.8352,0.1701,0.0591,180.79,150.04,141.18,2.18,53.57,14.04,19.45,87.06,2.757,2.794,0.129
2025-10-10 18:20:00,PL01,LINE_A,C,PREMIUM,17.48,1,0.9047,0.0647,0.0816,186.35,174.29,160.07,2.88,62.67,17.74,24.9,105.31,3.48,3.534,0.235
2025-10-10 18:22:00,PL03,LINE_C,B,STANDARD,43.8,1,0.8614,0.1855,0.15,70.79,57.66,49.01,2.27,50.97,18.78,22.97,92.72,3.88,4.164,0.341
2025-10-10 18:29:00,PL02,LINE_B,A,PREMIUM,42.25,2,0.8492,0.1347,0.117,144.7,125.2,110.56,3.11,47.86,23.96,16.06,87.88,3.813,3.906,0.364
2025-10-10 19:17:00,PL03,LINE_A,C,PREMIUM,59.36,2,0.98,0.1321,0.0782,118.86,103.16,95.1,1.96,52.52,21.45,21.46,95.44,2.885,2.964,0.153
2025-10-10 19:24:00,PL03,LINE_D,C,STANDARD,27.86,1,0.8682,0.0684,0.15,112.17,104.5,88.83,2.25,51.64,13.25,28.4,93.28,3.145,3.303,0.338
2025-10-10 19:45:00,PL01,LINE_C,B,STANDARD,18.96,1,0.806,0.1532,0.15,153.06,129.61,110.17,2.42,52.59,23.53,18.28,94.4,3.15,3.279,0.363
2025-10-10 20:06:00,PL01,LINE_B,C,STANDARD,36.23,2,0.7997,0.1479,0.0736,158.91,135.41,125.44,2.49,57.49,12.74,25.22,95.44,3.2,3.256,0.184
2025-10-10 20:13:00,PL01,LINE_C,B,PREMIUM,42.94,2,0.7889,0.0631,0.15,132.29,123.93,105.34,3.16,58.36,14.51,28.36,101.23,3.978,4.122,0.474
2025-10-10 20:20:00,PL03,LINE_C,B,STANDARD,33.3,1,0.8556,0.1806,0.0255,92.49,75.79,73.86,2.66,47.79,14.94,17.58,80.31,3.717,3.745,0.068
2025-10-10 20:35:00,PL01,LINE_D,A,PREMIUM,88.36,1,0.8413,0.1142,0.0569,34.28,30.36,28.63,3.52,53.74,14.0,26.45,94.19,6.622,6.809,0.2
2025-10-10 21:22:00,PL01,LINE_A,C,STANDARD,20.85,1,0.8412,0.1036,0.0432,145.24,130.2,124.57,1.99,60.11,20.94,12.24,93.3,2.706,2.738,0.086
2025-10-10 21:43:00,PL02,LINE_A,A,HEAVY,56.04,2,0.83,0.2157,0.095,106.65,83.64,75.69,5.2,50.79,26.81,19.16,96.76,6.353,6.475,0.494
2025-10-10 23:04:00,PL02,LINE_B,A,STANDARD,30.88,2,0.8161,0.1779,0.0916,190.26,156.4,142.08,2.23,48.41,23.25,18.48,90.14,2.811,2.869,0.205
2025-10-10 23:07:00,PL01,LINE_A,C,STANDARD,32.28,2,0.8225,0.0642,0.0505,183.46,171.68,163.0,2.71,57.17,9.32,27.96,94.45,3.262,3.291,0.137
2025-10-10 23:16:00,PL02,LINE_B,B,PREMIUM,34.04,1,0.8659,0.1691,0.0985,91.57,76.09,68.59,3.32,51.37,17.79,15.25,84.41,4.43,4.551,0.327
2025-10-11 00:15:00,PL02,LINE_C,A,PREMIUM,72.8,2,0.82,0.2015,0.1045,81.11,64.76,57.99,3.15,48.47,15.66,19.28,83.42,4.437,4.587,0.329
2025-10-11 00:19:00,PL02,LINE_C,A,PREMIUM,53.38,1,0.7416,0.0398,0.0168,50.01,48.02,47.21,2.95,51.64,16.44,20.48,88.56,4.797,4.828,0.05
2025-10-11 00:51:00,PL03,LINE_B,A,PREMIUM,46.66,1,0.8686,0.2414,0.0828,67.01,50.84,46.63,3.54,45.03,16.93,12.1,74.06,5.001,5.133,0.293
2025-10-11 00:51:00,PL03,LINE_A,A,STANDARD,60.22,1,0.7764,0.25,0.0472,46.41,34.81,33.17,2.34,47.47,22.93,19.84,90.25,4.936,5.065,0.111
2025-10-11 01:25:00,PL02,LINE_A,B,STANDARD,32.18,2,0.8726,0.097,0.1072,195.23,176.3,157.4,2.53,53.25,13.74,19.31,86.29,3.018,3.077,0.271
2025-10-11 01:34:00,PL01,LINE_B,B,STANDARD,38.97,1,0.8912,0.25,0.0623,82.34,61.76,57.91,2.7,57.32,20.3,20.42,98.03,4.285,4.391,0.168
2025-10-11 01:37:00,PL02,LINE_C,C,STANDARD,38.84,4,0.8092,0.1692,0.0986,300.0,249.23,224.65,2.5,52.69,20.6,25.12,98.41,2.899,2.943,0.247
2025-10-11 02:06:00,PL02,LINE_C,A,STANDARD,38.62,1,0.8258,0.1382,0.15,76.98,66.34,56.39,2.21,49.11,21.3,21.67,92.08,3.593,3.838,0.331
2025-10-11 02:32:00,PL03,LINE_B,C,PREMIUM,31.55,2,0.7881,0.2194,0.15,179.87,140.41,119.34,3.58,49.69,20.71,17.92,88.31,4.207,4.318,0.537
2025-10-11 02:54:00,PL02,LINE_A,B,STANDARD,36.75,1,0.8211,0.0877,0.0229,80.43,73.38,71.7,2.09,51.68,23.4,24.92,100.0,3.453,3.485,0.048
2025-10-11 02:56:00,PL02,LINE_A,C,PREMIUM,59.37,2,0.7576,0.1388,0.0377,91.88,79.12,76.14,3.57,57.55,12.28,26.56,96.39,4.787,4.835,0.135
2025-10-11 03:26:00,PL02,LINE_A,A,HEAVY,69.09,1,0.9001,0.1426,0.0446,46.9,40.21,38.42,5.04,51.04,25.66,13.38,90.08,7.285,7.39,0.225
2025-10-11 04:30:00,PL01,LINE_C,A,STANDARD,34.0,1,0.8485,0.25,0.15,89.85,67.39,57.28,1.96,56.48,25.85,23.64,105.97,3.533,3.811,0.294
2025-10-11 05:01:00,PL01,LINE_B,C,STANDARD,25.21,1,0.8686,0.1274,0.0423,124.06,108.26,103.68,2.29,60.24,14.82,19.23,94.29,3.165,3.203,0.097
2025-10-11 05:15:00,PL01,LINE_C,A,STANDARD,30.37,4,0.8857,0.0108,0.0736,419.98,415.43,384.87,2.24,56.51,17.56,20.94,95.01,2.464,2.483,0.164
2025-10-11 05:22:00,PL01,LINE_B,A,STANDARD,34.73,1,0.8855,0.1369,0.15,91.78,79.22,67.34,2.51,52.08,18.96,18.52,89.56,3.644,3.844,0.377
2025-10-11 06:15:00,PL03,LINE_D,B,STANDARD,36.98,4,0.7574,0.2294,0.1009,294.94,227.28,204.35,1.89,46.4,14.14,25.73,86.28,2.266,2.309,0.19
2025-10-11 06:43:00,PL01,LINE_B,C,PREMIUM,36.7,4,0.8541,0.1595,0.1428,335.17,281.71,241.49,3.51,57.57,17.43,25.36,100.36,3.869,3.929,0.502
2025-10-11 07:12:00,PL01,LINE_A,B,STANDARD,51.58,4,0.9317,0.1693,0.0474,260.1,216.07,205.83,2.57,52.7,20.39,26.95,100.03,3.036,3.059,0.122
2025-10-11 07:37:00,PL02,LINE_C,C,STANDARD,34.81,1,0.8615,0.0302,0.0805,89.09,86.4,79.44,1.46,52.59,15.87,27.19,95.65,2.571,2.668,0.118
2025-10-11 07:41:00,PL03,LINE_C,C,PREMIUM,53.03,1,0.98,0.25,0.0801,66.53,49.9,45.9,4.08,49.99,19.59,15.95,85.53,5.798,5.947,0.327
2025-10-11 08:19:00,PL02,LINE_A,B,STANDARD,30.12,1,0.9437,0.0815,0.0371,112.79,103.59,99.75,1.48,51.05,19.92,20.09,91.07,2.364,2.398,0.055
2025-10-11 08:19:00,PL02,LINE_B,A,PREMIUM,54.59,1,0.858,0.2469,0.034,56.58,42.61,41.16,3.06,53.04,19.42,18.54,90.99,5.198,5.273,0.104
2025-10-11 08:41:00,PL03,LINE_A,A,HEAVY,88.64,2,0.8765,0.1274,0.1383,71.2,62.13,53.54,5.94,44.68,24.47,21.12,90.27,7.389,7.622,0.821
2025-10-11 10:05:00,PL02,LINE_B,A,STANDARD,49.06,2,0.98,0.0862,0.0059,143.82,131.43,130.65,2.43,51.93,15.77,11.45,79.15,3.029,3.032,0.014
2025-10-11 10:11:00,PL02,LINE_B,C,PREMIUM,71.97,2,0.814,0.25,0.064,81.43,61.07,57.16,1.78,57.5,11.0,29.68,98.18,3.383,3.492,0.114
2025-10-11 10:19:00,PL02,LINE_C,B,HEAVY,26.81,2,0.8741,0.1333,0.1237,234.72,203.42,178.26,6.01,49.28,20.6,29.48,99.37,6.494,6.563,0.743
2025-10-11 10:27:00,PL01,LINE_A,B,PREMIUM,31.72,1,0.8141,0.1264,0.15,92.38,80.7,68.6,4.13,57.8,19.04,29.35,106.18,5.445,5.677,0.619
2025-10-11 11:02:00,PL01,LINE_D,B,STANDARD,28.31,2,0.814,0.1958,0.079,207.05,166.51,153.36,2.58,56.09,22.39,28.01,106.5,3.22,3.275,0.204
2025-10-11 11:28:00,PL01,LINE_A,B,HEAVY,85.59,1,0.9247,0.0964,0.0913,38.9,35.15,31.94,5.05,57.26,25.38,16.18,98.81,7.857,8.14,0.461
2025-10-11 11:33:00,PL01,LINE_B,C,STANDARD,48.88,1,0.8874,0.0961,0.0503,65.35,59.07,56.1,1.97,56.4,17.26,16.62,90.29,3.503,3.584,0.099
2025-10-11 12:34:00,PL01,LINE_A,C,HEAVY,76.27,1,0.8448,0.25,0.0343,39.87,29.91,28.88,5.78,56.97,26.2,20.18,103.35,9.232,9.355,0.198
2025-10-11 12:36:00,PL02,LINE_C,B,STANDARD,50.19,1,0.8816,0.25,0.15,63.23,47.42,40.31,2.61,49.59,17.9,16.42,83.91,4.382,4.695,0.392
2025-10-11 12:48:00,PL01,LINE_B,C,PREMIUM,41.33,4,0.8049,0.22,0.0993,280.42,218.71,197.0,2.94,55.93,18.72,17.67,92.31,3.357,3.404,0.291
2025-10-11 13:02:00,PL01,LINE_C,C,STANDARD,43.3,1,0.7942,0.25,0.15,66.03,49.52,42.09,2.4,57.86,14.36,28.56,100.77,4.437,4.797,0.36
2025-10-11 13:02:00,PL01,LINE_C,B,STANDARD,48.37,1,0.8286,0.0322,0.1077,61.68,59.69,53.26,1.68,56.98,15.06,19.18,91.22,3.21,3.394,0.181
2025-10-11 13:10:00,PL02,LINE_C,A,STANDARD,36.37,1,0.8451,0.1445,0.029,83.64,71.56,69.49,2.04,49.34,15.1,23.19,87.63,3.262,3.298,0.059
2025-10-11 13:22:00,PL01,LINE_C,C,PREMIUM,56.97,1,0.8133,0.25,0.15,51.4,38.55,32.77,3.39,57.27,15.74,19.46,92.46,5.784,6.208,0.508
2025-10-11 14:21:00,PL01,LINE_A,A,STANDARD,47.13,1,0.8543,0.1504,0.0516,65.25,55.44,52.58,2.05,53.9,12.26,29.46,95.62,3.771,3.865,0.106
2025-10-11 14:42:00,PL03,LINE_C,A,STANDARD,35.37,1,0.8812,0.25,0.1026,89.68,67.26,60.36,1.9,43.98,15.52,33.73,93.24,3.282,3.44,0.195
2025-10-11 15:14:00,PL03,LINE_C,C,HEAVY,59.64,1,0.9361,0.2393,0.15,56.51,42.98,36.54,6.09,47.24,17.23,16.93,81.39,7.983,8.318,0.913
2025-10-11 15:19:00,PL02,LINE_B,C,PREMIUM,41.35,1,0.86,0.25,0.0656,74.88,56.16,52.48,3.5,53.34,18.18,18.47,89.99,5.102,5.215,0.23
2025-10-11 15:58:00,PL01,LINE_A,C,PREMIUM,50.94,4,0.934,0.0555,0.15,264.02,249.35,211.95,3.14,60.7,25.13,14.83,100.66,3.54,3.612,0.471
2025-10-11 17:02:00,PL01,LINE_A,B,STANDARD,34.94,1,0.8731,0.0642,0.0531,89.97,84.19,79.72,2.32,54.52,15.25,29.31,99.09,3.494,3.56,0.123
2025-10-11 17:43:00,PL02,LINE_B,A,HEAVY,79.16,1,0.7607,0.0816,0.15,34.6,31.78,27.01,6.38,49.65,21.79,24.89,96.32,9.416,9.951,0.958
2025-10-11 17:59:00,PL01,LINE_C,B,PREMIUM,58.3,2,0.9483,0.029,0.15,117.12,113.72,96.66,3.13,55.41,17.87,21.47,94.76,3.958,4.105,0.469
2025-10-11 18:44:00,PL03,LINE_C,A,STANDARD,64.7,1,0.7401,0.2275,0.0671,41.18,31.82,29.68,2.28,45.13,10.63,15.27,71.03,4.513,4.673,0.153
2025-10-11 19:36:00,PL02,LINE_D,A,STANDARD,32.78,1,0.8517,0.0593,0.0954,93.55,88.0,79.61,2.29,49.2,15.48,28.75,93.43,3.356,3.468,0.219
2025-10-11 20:39:00,PL01,LINE_A,C,HEAVY,89.05,1,0.8939,0.2473,0.15,36.14,27.2,23.12,5.76,55.55,20.3,31.7,107.55,9.718,10.415,0.865
2025-10-11 21:02:00,PL03,LINE_B,C,HEAVY,73.91,1,0.8225,0.0254,0.0901,40.06,39.05,35.53,5.1,50.75,17.67,24.61,93.04,7.486,7.722,0.46
2025-10-11 21:05:00,PL02,LINE_D,C,PREMIUM,50.35,2,0.9262,0.1757,0.1134,132.44,109.18,96.8,4.03,54.54,17.21,20.03,91.78,4.867,4.974,0.456
2025-10-11 21:09:00,PL03,LINE_A,C,PREMIUM,48.62,2,0.7914,0.1063,0.0616,117.18,104.72,98.28,2.97,44.65,14.04,21.97,80.66,3.736,3.787,0.183
2025-10-11 21:18:00,PL02,LINE_A,C,STANDARD,32.86,1,0.8431,0.2488,0.0801,92.37,69.39,63.83,1.96,53.76,12.99,24.87,91.61,3.276,3.391,0.157
2025-10-11 21:23:00,PL02,LINE_D,B,HEAVY,72.18,1,0.9027,0.25,0.049,45.02,33.77,32.11,4.82,49.47,21.35,31.54,102.36,7.85,8.006,0.236
2025-10-11 21:31:00,PL01,LINE_A,A,STANDARD,53.64,1,0.9181,0.1173,0.0433,61.62,54.39,52.04,1.79,54.55,18.1,16.44,89.08,3.429,3.503,0.078
2025-10-11 21:59:00,PL03,LINE_B,C,STANDARD,25.84,2,0.98,0.179,0.0936,273.11,224.22,203.24,1.9,51.09,17.5,22.95,91.54,2.303,2.345,0.177
2025-10-11 22:24:00,PL03,LINE_B,B,HEAVY,57.39,1,0.8134,0.1576,0.098,51.03,42.99,38.78,5.01,47.86,24.54,22.9,95.3,7.226,7.467,0.491
2025-10-12 00:14:00,PL01,LINE_C,C,HEAVY,86.37,1,0.9199,0.1265,0.0443,38.34,33.49,32.01,4.55,60.66,21.65,19.01,101.32,7.573,7.713,0.201
2025-10-12 00:37:00,PL02,LINE_A,B,PREMIUM,49.69,1,0.8031,0.2173,0.0521,58.19,45.55,43.18,2.66,53.82,15.36,16.43,85.61,4.542,4.645,0.139
2025-10-12 00:41:00,PL01,LINE_B,A,STANDARD,34.51,1,0.8394,0.0412,0.1125,87.57,83.96,74.52,2.16,52.56,14.58,25.78,92.93,3.27,3.41,0.243
2025-10-12 01:07:00,PL01,LINE_A,C,STANDARD,26.51,1,0.8584,0.0305,0.124,116.56,113.0,98.99,1.95,52.68,19.5,22.25,94.43,2.783,2.901,0.241
2025-10-12 01:26:00,PL01,LINE_A,A,STANDARD,33.72,1,0.9287,0.188,0.0346,99.15,80.51,77.73,2.88,57.14,21.82,23.46,102.42,4.152,4.198,0.1
2025-10-12 02:22:00,PL01,LINE_B,B,PREMIUM,68.31,1,0.8562,0.25,0.0809,45.12,33.84,31.11,2.87,57.23,17.48,17.64,92.35,5.599,5.839,0.232
2025-10-12 02:47:00,PL02,LINE_A,C,HEAVY,76.13,1,0.8324,0.2244,0.1074,39.36,30.53,27.25,4.55,54.79,23.08,30.72,108.58,8.106,8.534,0.489
2025-10-12 03:08:00,PL03,LINE_A,A,STANDARD,37.34,2,0.8551,0.1003,0.0732,164.87,148.34,137.48,2.43,48.66,19.55,26.45,94.65,3.065,3.116,0.178
2025-10-12 03:18:00,PL01,LINE_A,B,HEAVY,54.84,1,0.952,0.1265,0.0516,62.5,54.59,51.78,4.31,52.76,24.27,21.34,98.36,6.111,6.209,0.222
2025-10-12 03:59:00,PL02,LINE_C,C,HEAVY,45.85,1,0.8856,0.1805,0.0353,69.53,56.98,54.96,4.2,52.9,23.88,32.42,109.2,6.113,6.183,0.148
2025-10-12 06:44:00,PL01,LINE_C,B,STANDARD,31.58,2,0.8341,0.2282,0.15,190.15,146.76,124.74,2.17,56.31,20.44,19.46,96.2,2.83,2.946,0.326
2025-10-12 06:47:00,PL03,LINE_A,B,STANDARD,25.75,2,0.8566,0.2401,0.0126,239.53,182.02,179.73,2.73,46.1,15.8,24.59,86.49,3.203,3.209,0.034
2025-10-12 10:04:00,PL02,LINE_A,A,STANDARD,23.26,2,0.849,0.1001,0.0714,262.79,236.48,219.59,1.86,51.96,20.31,25.22,97.48,2.268,2.3,0.133
2025-10-12 10:16:00,PL01,LINE_B,A,STANDARD,38.24,1,0.8269,0.1907,0.15,77.83,62.99,53.54,1.62,53.6,16.93,17.62,88.15,3.024,3.271,0.244
2025-10-12 11:01:00,PL01,LINE_B,C,STANDARD,37.44,2,0.88,0.1492,0.0241,169.23,143.97,140.5,1.66,59.77,12.77,20.88,93.42,2.308,2.324,0.04
2025-10-12 11:12:00,PL02,LINE_A,B,HEAVY,81.58,1,0.8808,0.1245,0.15,38.87,34.03,28.93,6.85,53.13,21.72,26.33,101.19,9.824,10.349,1.028
2025-10-12 11:35:00,PL01,LINE_A,B,STANDARD,28.23,2,0.8815,0.1345,0.1211,224.87,194.63,171.07,1.9,55.93,18.81,22.2,96.94,2.395,2.464,0.23
2025-10-12 11:50:00,PL02,LINE_A,B,STANDARD,45.14,1,0.8772,0.25,0.0506,69.96,52.47,49.81,1.54,51.84,20.03,9.96,81.83,3.098,3.181,0.078
2025-10-12 11:52:00,PL02,LINE_B,C,PREMIUM,46.82,4,0.8765,0.1893,0.102,269.57,218.54,196.25,3.57,55.68,22.98,27.58,106.25,4.059,4.114,0.364
2025-10-12 12:15:00,PL01,LINE_C,C,STANDARD,35.25,2,0.8286,0.239,0.0363,169.25,128.8,124.13,2.03,60.2,19.18,20.21,99.58,2.802,2.831,0.074
2025-10-12 15:39:00,PL01,LINE_B,B,PREMIUM,65.71,4,0.8423,0.25,0.1462,184.57,138.42,118.19,3.04,60.74,28.01,16.1,104.85,3.794,3.924,0.444
2025-10-12 15:52:00,PL01,LINE_A,A,PREMIUM,31.29,2,0.8203,0.17,0.0173,188.75,156.65,153.95,3.89,55.74,22.0,21.2,98.94,4.523,4.534,0.067
2025-10-12 16:32:00,PL02,LINE_B,B,STANDARD,39.7,1,0.8867,0.1039,0.1315,80.4,72.05,62.57,2.61,52.61,17.09,21.19,90.89,3.869,4.06,0.343
2025-10-12 17:08:00,PL03,LINE_A,A,PREMIUM,59.78,1,0.8776,0.1348,0.1032,52.84,45.72,41.0,3.59,47.38,15.52,29.12,92.02,5.6,5.832,0.37
2025-10-12 17:13:00,PL01,LINE_A,B,PREMIUM,52.09,1,0.8992,0.197,0.0262,62.15,49.9,48.59,2.36,54.5,16.84,9.45,80.79,3.98,4.023,0.062
2025-10-12 17:13:00,PL02,LINE_B,C,STANDARD,20.61,2,0.8529,0.1874,0.113,298.0,242.16,214.78,2.38,53.17,20.65,16.71,90.52,2.75,2.798,0.269
2025-10-12 17:38:00,PL01,LINE_D,C,PREMIUM,47.9,1,0.7642,0.25,0.15,57.43,43.07,36.61,3.5,57.15,23.23,21.38,101.76,5.861,6.278,0.525
2025-10-12 19:50:00,PL01,LINE_C,B,STANDARD,60.03,1,0.8264,0.2413,0.15,49.55,37.6,31.96,1.41,58.45,13.34,19.24,91.03,3.83,4.257,0.211
2025-10-12 20:00:00,PL03,LINE_A,C,HEAVY,34.93,2,0.9084,0.1396,0.0395,187.23,161.09,154.73,5.98,53.49,19.12,11.69,84.3,6.506,6.528,0.236
2025-10-12 20:37:00,PL02,LINE_D,B,STANDARD,21.99,1,0.8045,0.1891,0.15,131.68,106.78,90.76,2.13,51.43,13.14,26.89,91.46,2.989,3.14,0.32
2025-10-12 20:42:00,PL03,LINE_C,B,PREMIUM,59.24,1,0.9275,0.25,0.1122,56.36,42.27,37.53,3.91,46.9,12.03,18.4,77.33,5.735,5.966,0.438
2025-10-12 20:47:00,PL02,LINE_A,A,PREMIUM,33.83,4,0.934,0.2464,0.0296,397.53,299.58,290.7,3.64,50.88,18.63,24.89,94.4,3.958,3.967,0.108
2025-10-12 21:42:00,PL01,LINE_B,C,STANDARD,37.47,1,0.81,0.0747,0.0357,77.83,72.02,69.44,2.6,57.2,14.03,15.12,86.35,3.797,3.841,0.093
2025-10-12 22:08:00,PL02,LINE_D,A,STANDARD,29.44,2,0.8746,0.0668,0.15,213.9,199.61,169.67,1.96,49.55,14.08,29.91,93.54,2.426,2.509,0.294
2025-10-12 22:16:00,PL02,LINE_B,B,PREMIUM,56.68,2,0.9099,0.25,0.15,115.59,86.7,73.69,2.81,53.75,15.07,26.16,94.98,3.902,4.096,0.421
2025-10-12 22:22:00,PL03,LINE_A,B,PREMIUM,61.05,2,0.9227,0.2358,0.0899,108.82,83.16,75.69,3.17,46.2,15.25,17.82,79.27,4.122,4.216,0.285
2025-10-12 22:28:00,PL02,LINE_C,C,PREMIUM,29.87,1,0.8861,0.0865,0.15,106.79,97.55,82.92,3.67,51.04,15.06,26.24,92.33,4.621,4.788,0.551
2025-10-12 22:32:00,PL01,LINE_B,B,STANDARD,31.53,1,0.8605,0.0132,0.0847,98.23,96.93,88.72,1.78,53.77,13.96,26.81,94.54,2.752,2.842,0.15
2025-10-12 23:01:00,PL01,LINE_A,B,PREMIUM,61.34,1,0.9566,0.1679,0.115,56.14,46.72,41.34,2.88,59.03,13.88,17.33,90.24,4.813,5.064,0.332
2025-10-12 23:11:00,PL02,LINE_A,A,HEAVY,70.34,2,0.8347,0.069,0.15,85.44,79.54,67.61,4.78,51.96,26.87,25.99,104.82,6.103,6.335,0.718
2025-10-12 23:14:00,PL03,LINE_C,C,STANDARD,36.95,2,0.8995,0.25,0.15,175.27,131.45,111.74,1.75,49.71,20.95,24.22,94.88,2.468,2.596,0.262
2025-10-12 23:44:00,PL02,LINE_B,C,STANDARD,30.22,1,0.8075,0.1029,0.0648,96.18,86.29,80.69,2.46,51.63,16.23,14.6,82.47,3.412,3.478,0.159
2025-10-12 23:48:00,PL01,LINE_A,C,STANDARD,47.2,2,0.8424,0.25,0.1219,128.51,96.38,84.63,2.54,63.56,18.87,21.3,103.73,3.619,3.768,0.31
2025-10-13 00:09:00,PL01,LINE_A,A,STANDARD,33.15,1,0.8928,0.1107,0.0636,96.96,86.22,80.74,2.23,55.76,18.08,19.24,93.08,3.306,3.379,0.142
2025-10-13 00:34:00,PL03,LINE_B,A,STANDARD,34.24,2,0.9093,0.1442,0.1146,191.18,163.61,144.86,1.98,46.42,22.01,27.95,96.37,2.568,2.644,0.227
2025-10-13 00:38:00,PL03,LINE_A,B,PREMIUM,66.67,2,0.8129,0.0904,0.0908,87.79,79.85,72.6,2.89,49.37,17.71,19.0,86.08,3.973,4.08,0.263
2025-10-13 02:06:00,PL02,LINE_B,B,PREMIUM,57.44,1,0.8297,0.1818,0.0375,52.0,42.54,40.95,2.71,52.05,21.34,18.81,92.2,4.874,4.958,0.102
2025-10-13 02:12:00,PL02,LINE_B,B,STANDARD,34.93,2,0.951,0.134,0.0049,195.99,169.74,168.91,2.13,50.95,24.18,25.38,100.51,2.726,2.729,0.01
2025-10-13 02:34:00,PL02,LINE_A,B,HEAVY,120.19,1,0.7845,0.0185,0.0886,23.5,23.06,21.02,5.4,50.54,19.74,29.87,100.15,9.739,10.161,0.478
2025-10-13 02:37:00,PL02,LINE_D,A,STANDARD,33.79,1,0.8534,0.25,0.0894,90.93,68.2,62.1,2.37,47.65,24.37,21.73,93.75,3.745,3.881,0.212
2025-10-13 02:46:00,PL01,LINE_D,A,STANDARD,54.66,1,0.8157,0.1177,0.0347,53.72,47.4,45.76,2.0,54.35,18.6,31.82,104.77,4.206,4.285,0.069
2025-10-13 03:30:00,PL02,LINE_A,B,HEAVY,62.82,2,0.8219,0.0784,0.0194,94.2,86.81,85.13,5.59,53.64,28.17,24.75,106.56,6.821,6.845,0.109
2025-10-13 03:45:00,PL01,LINE_A,C,HEAVY,74.53,1,0.9408,0.1562,0.0462,45.44,38.34,36.57,5.63,55.38,23.75,12.24,91.37,8.011,8.127,0.26
2025-10-13 03:46:00,PL01,LINE_B,A,STANDARD,41.49,2,0.7984,0.1163,0.1492,138.56,122.45,104.18,1.4,54.81,19.02,35.16,108.99,2.293,2.449,0.209
2025-10-13 03:55:00,PL02,LINE_C,C,HEAVY,49.83,1,0.8583,0.0769,0.1329,62.01,57.24,49.64,6.36,54.46,21.34,28.89,104.69,8.188,8.469,0.845
2025-10-13 05:05:00,PL03,LINE_A,B,STANDARD,41.57,1,0.7933,0.0641,0.0305,68.7,64.3,62.34,1.78,47.14,16.56,17.85,81.54,3.044,3.084,0.054
2025-10-13 06:22:00,PL02,LINE_D,B,HEAVY,68.49,1,0.8092,0.0492,0.15,42.53,40.44,34.38,4.31,50.38,22.12,21.35,93.85,6.629,7.039,0.646
2025-10-13 08:08:00,PL02,LINE_D,A,HEAVY,81.36,1,0.7965,0.25,0.1492,35.24,26.43,22.49,4.56,50.53,18.61,30.49,99.63,8.333,8.994,0.681
2025-10-13 08:46:00,PL01,LINE_C,B,PREMIUM,58.86,2,0.8629,0.0243,0.0408,105.56,102.99,98.79,3.18,57.33,25.26,21.14,103.73,4.184,4.227,0.13
2025-10-13 09:00:00,PL01,LINE_D,B,STANDARD,47.38,2,0.783,0.25,0.0905,118.98,89.23,81.15,2.24,57.45,25.93,30.93,114.31,3.52,3.648,0.203
2025-10-13 10:08:00,PL01,LINE_A,B,STANDARD,57.12,1,0.9389,0.1138,0.0499,59.18,52.44,49.83,1.62,54.61,14.13,23.12,91.86,3.372,3.464,0.081
2025-10-13 10:33:00,PL02,LINE_C,C,PREMIUM,48.44,1,0.8587,0.0862,0.15,63.82,58.32,49.57,3.96,51.87,23.02,21.93,96.82,5.624,5.917,0.595
2025-10-13 12:36:00,PL01,LINE_A,C,STANDARD,38.15,1,0.8481,0.1099,0.0186,80.03,71.23,69.91,2.31,60.58,17.31,17.65,95.55,3.654,3.679,0.043
2025-10-13 12:42:00,PL02,LINE_B,B,HEAVY,60.34,2,0.8395,0.1055,0.0111,100.17,89.61,88.62,4.92,52.2,17.99,14.1,84.3,5.857,5.867,0.055
2025-10-13 13:28:00,PL01,LINE_A,B,STANDARD,52.58,2,0.8291,0.25,0.0803,113.52,85.14,78.31,2.04,56.32,23.57,24.79,104.69,3.267,3.374,0.164
2025-10-13 14:46:00,PL01,LINE_A,B,STANDARD,27.76,2,0.8138,0.0965,0.0445,211.03,190.66,182.18,2.18,53.15,16.43,25.86,95.44,2.68,2.704,0.097
2025-10-13 15:58:00,PL02,LINE_C,C,STANDARD,36.92,2,0.8236,0.1243,0.1031,160.61,140.65,126.14,2.04,55.45,17.83,19.41,92.69,2.699,2.775,0.21
2025-10-13 16:35:00,PL03,LINE_D,B,HEAVY,85.31,1,0.8622,0.0713,0.0931,36.38,33.79,30.64,5.66,48.58,21.37,10.04,79.99,8.03,8.274,0.527
2025-10-13 20:03:00,PL01,LINE_D,B,STANDARD,29.12,2,0.9015,0.25,0.0479,222.87,167.15,159.15,2.84,56.32,13.55,22.11,91.97,3.392,3.42,0.136
2025-10-13 20:43:00,PL03,LINE_B,B,PREMIUM,39.43,2,0.8711,0.0197,0.15,159.09,155.95,132.56,4.04,46.26,12.52,21.61,80.38,4.558,4.649,0.606
2025-10-13 22:26:00,PL03,LINE_D,B,STANDARD,29.93,2,0.7397,0.1928,0.15,177.93,143.63,122.08,2.17,48.93,19.12,21.27,89.32,2.797,2.906,0.326
2025-10-13 23:09:00,PL01,LINE_C,C,PREMIUM,93.43,2,0.7559,0.069,0.0207,58.25,54.23,53.11,3.59,60.02,19.12,25.01,104.15,5.506,5.546,0.074
2025-10-14 00:28:00,PL02,LINE_B,A,STANDARD,26.71,2,0.7828,0.25,0.15,210.99,158.24,134.51,2.36,50.94,19.52,18.99,89.45,2.921,3.021,0.353
2025-10-14 01:03:00,PL01,LINE_C,B,PREMIUM,28.87,1,0.8406,0.0902,0.0971,104.83,95.37,86.11,3.44,57.74,20.5,20.69,98.93,4.477,4.589,0.334
2025-10-14 01:06:00,PL03,LINE_B,B,STANDARD,32.5,2,0.807,0.248,0.0402,178.77,134.43,129.02,2.4,45.06,16.44,24.15,85.65,3.035,3.062,0.096
2025-10-14 02:11:00,PL01,LINE_A,C,PREMIUM,69.71,2,0.8716,0.1977,0.0559,90.02,72.22,68.18,4.17,56.0,19.64,29.31,104.95,5.628,5.714,0.233
2025-10-14 02:28:00,PL01,LINE_C,C,STANDARD,31.62,1,0.7923,0.0743,0.0329,90.2,83.49,80.74,2.36,59.86,27.01,18.22,105.1,3.62,3.663,0.078
2025-10-14 02:41:00,PL02,LINE_A,C,STANDARD,56.05,1,0.9318,0.0904,0.0698,59.85,54.44,50.64,2.46,55.64,22.26,21.3,99.2,4.283,4.42,0.172
2025-10-14 03:02:00,PL02,LINE_A,A,STANDARD,26.9,1,0.7782,0.25,0.1424,104.12,78.09,66.97,2.62,50.16,18.35,22.83,91.34,3.789,3.983,0.373
2025-10-14 04:49:00,PL01,LINE_A,C,HEAVY,53.94,2,0.899,0.1863,0.1104,119.99,97.63,86.86,4.72,63.83,17.01,27.11,107.95,5.823,5.961,0.521
2025-10-14 04:51:00,PL03,LINE_C,A,HEAVY,47.56,1,0.8288,0.0291,0.1084,62.73,60.9,54.3,4.81,45.99,26.59,21.26,93.84,6.354,6.541,0.522
2025-10-14 04:55:00,PL02,LINE_A,A,STANDARD,41.02,2,0.8763,0.0628,0.0839,153.82,144.17,132.08,2.36,52.34,17.54,25.7,95.59,3.022,3.083,0.198
2025-10-14 04:56:00,PL02,LINE_A,C,STANDARD,46.38,1,0.8144,0.25,0.15,63.21,47.4,40.29,2.81,50.8,21.03,23.13,94.96,4.813,5.166,0.421
2025-10-14 05:48:00,PL01,LINE_B,B,PREMIUM,51.07,1,0.8953,0.1865,0.0371,63.11,51.34,49.44,3.42,59.82,22.09,13.94,95.86,5.288,5.36,0.127
2025-10-14 06:04:00,PL02,LINE_C,B,STANDARD,41.11,1,0.9299,0.1946,0.15,81.44,65.59,55.75,2.78,49.57,20.99,17.39,87.95,4.116,4.353,0.416
2025-10-14 06:19:00,PL01,LINE_A,A,HEAVY,64.1,1,0.812,0.1421,0.15,45.6,39.12,33.26,5.62,53.51,17.52,24.3,95.32,8.061,8.491,0.844
2025-10-14 06:29:00,PL02,LINE_C,C,STANDARD,45.94,1,0.829,0.135,0.1163,64.96,56.19,49.66,2.44,54.36,13.23,22.91,90.5,4.053,4.265,0.284
2025-10-14 08:25:00,PL02,LINE_D,A,HEAVY,72.44,2,0.8032,0.25,0.15,79.82,59.87,50.89,5.85,50.2,19.46,16.34,86.01,7.284,7.537,0.877
2025-10-14 08:35:00,PL01,LINE_A,C,STANDARD,31.17,1,0.9254,0.1512,0.1041,106.89,90.73,81.28,2.63,57.37,13.7,19.31,90.38,3.631,3.746,0.274
2025-10-14 08:43:00,PL01,LINE_A,C,STANDARD,30.2,1,0.8144,0.1206,0.053,97.1,85.39,80.87,2.53,56.09,10.04,18.71,84.84,3.521,3.577,0.134
2025-10-14 08:54:00,PL01,LINE_A,A,STANDARD,47.2,1,0.9047,0.1223,0.0185,69.01,60.57,59.45,2.15,54.59,23.62,18.29,96.5,3.745,3.775,0.04
2025-10-14 09:19:00,PL01,LINE_A,B,PREMIUM,43.7,1,0.8112,0.1256,0.15,66.82,58.43,49.66,3.75,57.56,10.94,8.69,77.18,5.073,5.306,0.563
2025-10-14 10:13:00,PL02,LINE_C,C,PREMIUM,41.14,1,0.8231,0.0771,0.0709,72.02,66.47,61.75,3.18,55.72,16.13,15.91,87.76,4.504,4.605,0.226
2025-10-14 10:20:00,PL02,LINE_A,C,PREMIUM,45.61,1,0.8626,0.25,0.0472,68.08,51.06,48.65,4.37,52.03,17.24,16.19,85.46,6.045,6.128,0.206
2025-10-14 10:43:00,PL01,LINE_B,A,STANDARD,39.52,1,0.871,0.2075,0.0508,79.34,62.88,59.69,2.26,54.81,15.82,30.14,100.77,3.858,3.944,0.115
2025-10-14 13:21:00,PL02,LINE_B,C,STANDARD,29.83,2,0.8865,0.0884,0.15,213.97,195.07,165.81,2.69,54.54,19.22,22.98,96.75,3.187,3.274,0.404
2025-10-14 13:59:00,PL03,LINE_B,B,STANDARD,40.54,2,0.8913,0.1588,0.0354,158.29,133.15,128.44,1.65,49.82,13.73,23.62,87.17,2.302,2.326,0.058
2025-10-14 14:45:00,PL03,LINE_D,A,STANDARD,39.28,2,0.796,0.1894,0.1064,145.91,118.28,105.69,2.24,47.08,15.95,18.58,81.61,2.929,3.011,0.238
2025-10-14 14:50:00,PL02,LINE_D,C,PREMIUM,49.33,4,0.9459,0.1596,0.1316,276.08,232.03,201.49,4.88,56.73,13.62,19.39,89.73,5.269,5.328,0.643
2025-10-14 17:04:00,PL01,LINE_A,A,STANDARD,31.07,1,0.8776,0.1007,0.0259,101.69,91.45,89.08,2.08,53.83,23.02,23.1,99.95,3.177,3.206,0.054
2025-10-14 17:05:00,PL03,LINE_B,A,PREMIUM,57.62,1,0.7835,0.2105,0.15,48.95,38.65,32.85,3.9,49.57,8.47,25.74,83.78,6.065,6.448,0.585
2025-10-14 17:26:00,PL01,LINE_C,C,STANDARD,53.29,4,0.8896,0.1635,0.15,240.4,201.1,170.93,2.37,58.58,25.24,23.89,107.72,2.901,2.996,0.355
2025-10-14 19:00:00,PL03,LINE_C,C,PREMIUM,43.44,1,0.7713,0.25,0.1261,63.93,47.95,41.9,2.91,49.46,20.18,22.96,92.6,4.838,5.116,0.367
2025-10-14 19:12:00,PL03,LINE_B,B,STANDARD,41.51,1,0.8998,0.1945,0.0643,78.03,62.86,58.81,1.75,48.5,12.55,17.1,78.16,2.99,3.075,0.112
2025-10-14 21:17:00,PL02,LINE_A,A,HEAVY,53.19,1,0.9527,0.25,0.0683,64.48,48.36,45.06,5.04,52.52,23.84,18.69,95.05,7.0,7.144,0.344
2025-10-14 22:40:00,PL01,LINE_B,C,STANDARD,43.14,1,0.8352,0.1256,0.1195,69.7,60.95,53.66,2.44,57.7,18.38,23.41,99.49,4.068,4.289,0.291
2025-10-14 23:27:00,PL01,LINE_B,A,STANDARD,26.2,2,0.9352,0.1257,0.0748,257.0,224.69,207.87,2.09,55.32,20.3,13.54,89.16,2.491,2.523,0.157
2025-10-15 00:23:00,PL03,LINE_B,C,PREMIUM,70.85,2,0.8563,0.2128,0.0394,87.02,68.5,65.8,2.71,49.82,17.62,20.73,88.17,3.994,4.047,0.107
2025-10-15 00:42:00,PL03,LINE_D,B,STANDARD,27.23,2,0.8175,0.0699,0.15,216.13,201.01,170.86,2.27,47.69,15.44,24.85,87.97,2.704,2.781,0.34
2025-10-15 00:57:00,PL02,LINE_B,B,STANDARD,29.85,2,0.7531,0.25,0.0573,181.63,136.22,128.42,2.29,52.48,12.09,27.48,92.05,2.967,3.008,0.131
2025-10-15 01:35:00,PL01,LINE_A,B,PREMIUM,25.7,2,0.8632,0.1024,0.15,241.86,217.1,184.53,3.3,57.12,14.24,26.59,97.96,3.751,3.831,0.495
2025-10-15 03:15:00,PL01,LINE_B,A,STANDARD,41.88,1,0.8682,0.25,0.0402,74.63,55.97,53.72,2.44,52.23,18.88,10.64,81.74,3.899,3.961,0.098
2025-10-15 03:46:00,PL01,LINE_C,B,STANDARD,49.7,1,0.8793,0.1053,0.15,63.69,56.99,48.44,1.99,58.85,22.38,27.6,108.82,3.899,4.236,0.298
2025-10-15 03:46:00,PL01,LINE_A,A,PREMIUM,31.76,2,0.8711,0.0625,0.0616,197.46,185.11,173.72,4.11,56.07,22.48,26.92,105.47,4.678,4.715,0.253
2025-10-15 04:05:00,PL03,LINE_B,B,STANDARD,19.93,2,0.8291,0.091,0.15,299.58,272.32,231.47,2.25,48.15,14.25,25.31,87.71,2.571,2.628,0.337
2025-10-15 04:19:00,PL01,LINE_B,B,STANDARD,21.33,4,0.9634,0.25,0.0871,650.32,487.74,445.26,2.55,58.8,15.18,33.22,107.2,2.77,2.791,0.222
2025-10-15 05:36:00,PL01,LINE_B,B,STANDARD,32.75,1,0.8636,0.0811,0.1444,94.92,87.22,74.62,2.6,57.65,21.34,25.37,104.36,3.793,3.995,0.375
2025-10-15 05:48:00,PL01,LINE_A,C,STANDARD,21.24,1,0.876,0.0581,0.0673,148.5,139.88,130.46,1.78,56.96,18.54,27.99,103.5,2.524,2.577,0.12
2025-10-15 06:41:00,PL02,LINE_A,C,STANDARD,20.97,1,0.8543,0.1045,0.1162,146.68,131.36,116.09,2.13,53.7,23.68,13.62,91.0,2.821,2.912,0.247
2025-10-15 06:49:00,PL01,LINE_C,A,PREMIUM,30.52,1,0.8572,0.25,0.1286,101.11,75.84,66.08,3.26,54.44,24.65,21.53,100.61,4.588,4.784,0.419
2025-10-15 07:17:00,PL01,LINE_D,A,STANDARD,33.2,1,0.8152,0.1592,0.0944,88.41,74.33,67.31,1.72,54.52,12.96,13.15,80.64,2.801,2.914,0.162
2025-10-15 07:36:00,PL01,LINE_B,B,STANDARD,41.06,1,0.922,0.1273,0.0174,80.84,70.55,69.33,2.52,55.88,23.46,15.46,94.8,3.865,3.889,0.044
2025-10-15 08:18:00,PL03,LINE_C,A,STANDARD,23.86,1,0.8106,0.1247,0.0347,122.31,107.06,103.34,2.33,44.8,19.02,19.65,83.47,3.111,3.139,0.081
2025-10-15 09:35:00,PL01,LINE_C,C,STANDARD,33.71,2,0.9287,0.1041,0.023,198.35,177.71,173.62,2.24,56.52,16.19,26.28,98.99,2.801,2.814,0.052
2025-10-15 09:35:00,PL03,LINE_A,B,PREMIUM,37.27,1,0.8653,0.0606,0.1041,83.57,78.5,70.33,3.72,50.75,27.78,26.55,105.07,5.062,5.217,0.387
2025-10-15 09:56:00,PL03,LINE_A,A,PREMIUM,75.86,2,0.8333,0.1612,0.0511,79.09,66.34,62.95,2.86,48.97,21.35,21.19,91.52,4.235,4.309,0.146
2025-10-15 12:39:00,PL03,LINE_A,B,HEAVY,82.42,1,0.8372,0.25,0.0983,36.57,27.43,24.73,4.25,48.78,25.09,18.71,92.58,7.625,7.992,0.418
2025-10-15 12:52:00,PL03,LINE_C,C,PREMIUM,33.55,2,0.8604,0.0448,0.15,184.63,176.36,149.91,3.5,48.56,21.15,30.52,100.23,4.066,4.167,0.525
2025-10-15 12:58:00,PL03,LINE_A,A,PREMIUM,41.43,1,0.814,0.25,0.0594,70.73,53.05,49.9,3.62,46.46,13.54,20.56,80.57,5.136,5.231,0.215
2025-10-15 13:08:00,PL02,LINE_B,A,PREMIUM,44.82,1,0.7889,0.1288,0.15,63.36,55.2,46.92,3.5,50.77,15.02,25.24,91.03,5.144,5.435,0.524
2025-10-15 13:28:00,PL01,LINE_C,B,STANDARD,38.99,1,0.98,0.1058,0.0577,90.48,80.91,76.24,2.13,54.29,18.36,23.28,95.93,3.313,3.385,0.123
2025-10-15 13:41:00,PL03,LINE_A,A,PREMIUM,41.73,1,0.8024,0.1733,0.15,69.22,57.22,48.64,3.0,46.65,19.69,22.07,88.42,4.545,4.817,0.45
2025-10-15 13:46:00,PL01,LINE_C,B,STANDARD,26.31,1,0.8861,0.25,0.0511,121.26,90.95,86.3,1.81,57.08,18.79,33.11,108.97,3.011,3.076,0.093
2025-10-15 17:25:00,PL01,LINE_C,A,STANDARD,33.05,1,0.8784,0.25,0.0489,95.68,71.76,68.25,2.58,59.49,26.12,23.82,109.43,4.1,4.179,0.126
2025-10-15 17:30:00,PL02,LINE_D,A,PREMIUM,47.44,2,0.7896,0.1139,0.0439,119.85,106.2,101.54,3.38,49.95,17.79,23.41,91.15,4.241,4.28,0.148
2025-10-15 17:52:00,PL01,LINE_A,A,PREMIUM,60.1,1,0.9028,0.154,0.1427,54.07,45.74,39.22,3.0,53.68,19.93,25.1,98.72,5.157,5.516,0.428
2025-10-15 17:58:00,PL03,LINE_A,C,STANDARD,42.76,1,0.9498,0.25,0.0868,79.97,59.98,54.77,2.18,47.97,19.5,21.12,88.58,3.66,3.801,0.189
2025-10-15 18:03:00,PL02,LINE_B,A,HEAVY,95.66,1,0.98,0.25,0.15,36.88,27.66,23.51,5.84,48.96,18.43,35.67,103.06,9.563,10.221,0.876
2025-10-15 18:19:00,PL01,LINE_B,C,STANDARD,32.88,1,0.8436,0.1106,0.09,92.37,82.15,74.75,2.2,56.1,6.86,23.94,86.9,3.26,3.364,0.198
2025-10-15 18:28:00,PL01,LINE_A,C,STANDARD,36.72,4,0.8819,0.0279,0.1201,345.87,336.22,295.83,2.11,60.44,18.66,20.33,99.44,2.407,2.448,0.254
2025-10-15 19:43:00,PL03,LINE_A,B,STANDARD,26.38,4,0.7828,0.2034,0.15,427.29,340.35,289.3,2.25,49.73,17.64,17.86,85.23,2.499,2.543,0.337
2025-10-15 20:13:00,PL01,LINE_A,A,STANDARD,27.58,2,0.8636,0.1483,0.0573,225.45,192.02,181.02,2.67,54.99,20.32,19.11,94.42,3.161,3.19,0.153
2025-10-15 21:47:00,PL01,LINE_D,A,PREMIUM,40.75,1,0.8532,0.25,0.15,75.37,56.53,48.05,4.08,52.82,21.33,31.47,105.63,5.949,6.279,0.612
2025-10-15 23:41:00,PL01,LINE_A,A,STANDARD,23.63,4,0.8449,0.1307,0.0955,514.8,447.53,404.81,2.31,48.3,13.61,8.0,69.91,2.469,2.486,0.221
2025-10-16 00:05:00,PL01,LINE_D,B,STANDARD,46.66,2,0.8397,0.0818,0.0746,129.58,118.99,110.11,1.59,56.81,20.02,23.47,100.29,2.431,2.499,0.118
2025-10-16 00:19:00,PL02,LINE_A,C,HEAVY,83.87,1,0.8341,0.1567,0.15,35.8,30.19,25.66,6.19,53.39,21.13,30.64,105.15,9.671,10.286,0.928
2025-10-16 00:30:00,PL01,LINE_A,A,STANDARD,54.05,1,0.8971,0.0284,0.1399,59.75,58.05,49.93,2.45,55.27,23.03,25.66,103.96,4.238,4.529,0.342
2025-10-16 00:46:00,PL01,LINE_C,C,STANDARD,24.45,1,0.8923,0.25,0.1062,131.35,98.51,88.05,2.27,55.98,20.17,20.75,96.91,3.254,3.371,0.241
2025-10-16 03:02:00,PL01,LINE_A,C,HEAVY,68.97,2,0.8726,0.25,0.0515,91.1,68.32,64.81,7.04,59.19,19.45,11.48,90.12,8.356,8.427,0.362
2025-10-16 03:08:00,PL01,LINE_D,B,PREMIUM,43.08,1,0.8451,0.1308,0.15,70.63,61.39,52.18,3.91,56.71,25.59,16.55,98.86,5.517,5.801,0.586
2025-10-16 03:20:00,PL01,LINE_D,B,STANDARD,32.38,1,0.8091,0.0447,0.15,89.95,85.93,73.04,2.04,55.48,13.03,27.54,96.05,3.16,3.357,0.306
2025-10-16 03:52:00,PL01,LINE_A,B,STANDARD,38.66,1,0.8376,0.1847,0.0684,78.0,63.59,59.24,2.23,54.26,18.41,13.39,86.07,3.58,3.679,0.152
2025-10-16 03:54:00,PL02,LINE_D,C,PREMIUM,40.8,1,0.7661,0.25,0.0613,67.61,50.7,47.59,2.47,53.2,21.86,22.83,97.89,4.405,4.531,0.152
2025-10-16 03:55:00,PL01,LINE_A,A,STANDARD,46.0,4,0.98,0.0505,0.15,306.76,291.26,247.57,2.24,55.52,11.36,19.39,86.27,2.538,2.59,0.336
2025-10-16 04:01:00,PL02,LINE_B,C,STANDARD,35.28,1,0.7548,0.1079,0.0936,77.02,68.71,62.28,2.19,54.35,24.98,23.56,102.89,3.691,3.845,0.205
2025-10-16 04:29:00,PL01,LINE_D,A,STANDARD,59.32,1,0.876,0.207,0.0861,53.16,42.16,38.53,2.53,57.03,21.25,19.63,97.91,4.857,5.075,0.218
2025-10-16 05:45:00,PL02,LINE_C,B,HEAVY,58.19,1,0.8716,0.25,0.0372,53.93,40.45,38.94,5.11,51.24,21.63,24.23,97.1,7.507,7.599,0.19
2025-10-16 06:53:00,PL03,LINE_C,B,STANDARD,41.16,1,0.9119,0.1726,0.15,79.75,65.99,56.09,2.11,45.52,16.72,30.35,92.59,3.512,3.76,0.316
2025-10-16 07:04:00,PL03,LINE_B,C,STANDARD,40.84,1,0.8272,0.2495,0.0114,72.91,54.72,54.09,2.01,48.28,16.04,25.68,90.0,3.657,3.676,0.023
2025-10-16 09:31:00,PL01,LINE_B,C,STANDARD,69.09,1,0.8648,0.2233,0.0443,45.06,34.99,33.44,2.25,58.23,19.07,21.72,99.02,5.076,5.207,0.1
2025-10-16 09:58:00,PL01,LINE_C,B,HEAVY,82.52,2,0.8602,0.1794,0.0584,75.06,61.59,57.99,4.7,57.92,19.04,32.75,109.71,6.485,6.595,0.275
2025-10-16 09:58:00,PL02,LINE_A,A,STANDARD,33.78,2,0.8938,0.25,0.0681,190.54,142.91,133.17,2.11,54.67,17.02,20.76,92.46,2.756,2.803,0.144
2025-10-16 10:01:00,PL01,LINE_A,A,PREMIUM,40.16,1,0.906,0.1843,0.038,81.23,66.26,63.74,2.68,54.58,19.05,22.67,96.3,4.13,4.188,0.102
2025-10-16 10:10:00,PL02,LINE_A,A,PREMIUM,41.7,1,0.9101,0.1451,0.1015,78.57,67.17,60.35,4.16,53.49,22.27,24.92,100.68,5.659,5.829,0.422
2025-10-16 10:27:00,PL01,LINE_B,B,HEAVY,65.63,1,0.9065,0.2379,0.15,49.73,37.89,32.21,5.71,56.85,15.21,27.81,99.87,8.346,8.811,0.857
2025-10-16 11:06:00,PL01,LINE_B,A,HEAVY,64.21,1,0.9075,0.25,0.0384,50.88,38.16,36.7,5.19,53.14,21.68,27.78,102.59,7.883,7.991,0.2
2025-10-16 12:28:00,PL01,LINE_A,A,STANDARD,40.3,2,0.9791,0.1107,0.0709,174.91,155.54,144.51,2.23,52.93,23.5,22.28,98.7,2.867,2.915,0.158
2025-10-16 14:06:00,PL01,LINE_A,A,STANDARD,21.11,1,0.98,0.0873,0.0485,167.15,152.55,145.16,2.88,54.44,17.82,29.58,101.83,3.551,3.585,0.14
2025-10-16 14:07:00,PL01,LINE_A,B,STANDARD,43.87,1,0.9111,0.1146,0.1395,74.77,66.19,56.96,1.67,56.15,23.68,23.76,103.6,3.24,3.494,0.234
2025-10-16 14:51:00,PL03,LINE_C,B,STANDARD,27.22,1,0.8218,0.0161,0.1208,108.69,106.94,94.02,1.73,48.31,19.29,27.88,95.48,2.623,2.746,0.209
2025-10-16 15:39:00,PL01,LINE_D,C,HEAVY,45.91,2,0.843,0.2213,0.1035,132.21,102.95,92.3,5.6,57.74,22.14,17.37,97.25,6.547,6.656,0.58
2025-10-16 16:20:00,PL01,LINE_D,B,STANDARD,26.54,1,0.7281,0.1539,0.021,98.78,83.58,81.82,2.07,53.42,14.37,30.35,98.14,3.241,3.266,0.043
2025-10-16 16:21:00,PL03,LINE_D,B,STANDARD,35.9,2,0.8835,0.2056,0.15,177.2,140.76,119.65,1.82,51.14,18.43,25.33,94.89,2.493,2.612,0.273
2025-10-16 17:30:00,PL01,LINE_C,B,PREMIUM,56.54,1,0.9093,0.1274,0.0428,57.9,50.52,48.36,2.89,58.42,14.75,13.61,86.79,4.609,4.686,0.124
2025-10-16 17:33:00,PL03,LINE_C,A,STANDARD,34.7,2,0.8178,0.1268,0.0156,169.68,148.17,145.86,1.88,48.61,24.16,27.96,100.73,2.561,2.572,0.029
2025-10-16 18:34:00,PL01,LINE_B,B,PREMIUM,46.78,2,0.98,0.25,0.0532,150.84,113.13,107.11,3.44,56.23,13.86,19.15,89.24,4.225,4.269,0.183
2025-10-16 20:28:00,PL02,LINE_C,B,STANDARD,29.82,2,0.8968,0.25,0.15,216.51,162.38,138.02,2.33,51.1,20.21,28.1,99.42,2.944,3.052,0.35
2025-10-16 21:11:00,PL02,LINE_C,C,STANDARD,57.26,2,0.9625,0.0921,0.1311,121.03,109.88,95.47,2.63,51.22,19.63,23.19,94.04,3.483,3.612,0.345
2025-10-16 21:30:00,PL02,LINE_B,A,PREMIUM,52.53,2,0.8808,0.0899,0.15,120.72,109.86,93.38,3.41,53.32,25.94,16.38,95.64,4.276,4.429,0.511
2025-10-16 21:42:00,PL01,LINE_A,C,STANDARD,42.25,1,0.8426,0.25,0.0322,71.79,53.84,52.11,2.07,57.27,9.71,22.78,89.75,3.738,3.793,0.067
2025-10-16 22:18:00,PL01,LINE_B,A,STANDARD,28.97,4,0.8721,0.2247,0.1399,433.54,336.11,289.08,1.91,54.15,19.59,24.32,98.06,2.202,2.25,0.267
2025-10-16 23:41:00,PL03,LINE_B,A,HEAVY,104.07,2,0.8239,0.25,0.0448,57.0,42.75,40.84,6.94,46.15,23.7,23.74,93.58,9.125,9.228,0.31
2025-10-16 23:55:00,PL01,LINE_D,C,STANDARD,49.94,2,0.7343,0.0451,0.1169,105.87,101.1,89.28,2.22,57.94,17.81,21.5,97.25,3.183,3.31,0.26
2025-10-17 00:59:00,PL03,LINE_A,C,STANDARD,35.71,1,0.8302,0.1827,0.0212,83.7,68.41,66.96,2.16,49.52,16.82,21.71,88.05,3.446,3.474,0.046
2025-10-17 01:29:00,PL03,LINE_C,C,PREMIUM,84.56,1,0.8379,0.1228,0.15,35.67,31.29,26.6,4.23,50.32,16.98,25.53,92.84,7.195,7.718,0.634
2025-10-17 03:05:00,PL02,LINE_A,C,HEAVY,28.56,1,0.7715,0.1528,0.15,97.24,82.38,70.02,3.4,55.08,19.21,17.66,91.94,4.52,4.717,0.511
2025-10-17 03:47:00,PL03,LINE_A,B,HEAVY,80.45,2,0.9384,0.1358,0.1068,83.99,72.59,64.84,5.58,46.79,19.93,22.11,88.83,6.801,6.947,0.595
2025-10-17 03:59:00,PL02,LINE_A,C,PREMIUM,72.27,1,0.8856,0.0963,0.0447,44.12,39.87,38.08,3.6,53.72,17.97,20.85,92.54,5.919,6.028,0.161
2025-10-17 05:29:00,PL02,LINE_B,A,STANDARD,27.43,4,0.7981,0.0469,0.0419,418.94,399.3,382.58,1.73,49.22,24.51,24.22,97.95,1.972,1.982,0.072
2025-10-17 05:58:00,PL01,LINE_A,C,HEAVY,50.38,1,0.8724,0.0425,0.0817,62.35,59.7,54.82,4.52,57.8,33.22,26.67,117.69,6.496,6.671,0.369
2025-10-17 06:44:00,PL03,LINE_A,C,STANDARD,29.1,2,0.8865,0.25,0.0341,219.33,164.5,158.89,1.78,50.94,24.52,29.26,104.71,2.413,2.435,0.061
2025-10-17 07:25:00,PL03,LINE_B,A,PREMIUM,70.87,1,0.9203,0.25,0.141,46.75,35.07,30.12,3.2,48.66,10.22,24.76,83.64,5.582,5.973,0.451
2025-10-17 07:42:00,PL03,LINE_B,C,PREMIUM,53.84,1,0.8771,0.25,0.15,58.65,43.99,37.39,2.6,48.76,17.31,21.59,87.66,4.594,4.946,0.39
2025-10-17 08:18:00,PL02,LINE_B,B,STANDARD,46.88,1,0.9118,0.172,0.0915,70.02,57.98,52.67,2.23,51.17,18.75,9.72,79.65,3.607,3.745,0.204
2025-10-17 09:20:00,PL03,LINE_C,B,PREMIUM,51.76,1,0.8466,0.169,0.15,58.88,48.93,41.59,3.46,48.19,22.58,14.57,85.33,5.204,5.511,0.519
2025-10-17 09:37:00,PL01,LINE_A,A,PREMIUM,46.89,1,0.8897,0.0804,0.0134,68.3,62.81,61.97,4.32,55.7,20.83,17.0,93.53,5.805,5.825,0.058
2025-10-17 09:58:00,PL02,LINE_C,C,STANDARD,50.05,1,0.9356,0.0528,0.0628,67.29,63.74,59.74,2.43,54.88,13.51,19.65,88.05,3.81,3.903,0.153
2025-10-17 10:21:00,PL03,LINE_D,A,STANDARD,34.1,1,0.8585,0.1826,0.0372,90.64,74.09,71.34,1.92,52.15,13.25,22.07,87.47,3.097,3.143,0.071
2025-10-17 11:41:00,PL01,LINE_A,A,HEAVY,64.43,1,0.8319,0.2421,0.065,46.48,35.23,32.94,5.8,55.79,27.91,22.31,106.0,8.813,9.023,0.378
2025-10-17 12:46:00,PL01,LINE_B,A,HEAVY,67.93,1,0.8467,0.2175,0.15,44.87,35.11,29.85,4.0,56.6,22.04,16.79,95.43,6.714,7.194,0.6
2025-10-17 13:17:00,PL02,LINE_A,C,STANDARD,42.27,1,0.8211,0.25,0.0835,69.93,52.44,48.07,2.12,51.75,17.05,30.33,99.14,4.009,4.181,0.177
2025-10-17 15:00:00,PL02,LINE_C,A,STANDARD,36.46,1,0.8161,0.25,0.15,80.59,60.44,51.38,1.92,50.13,19.29,24.11,93.53,3.463,3.736,0.287
2025-10-17 15:49:00,PL02,LINE_B,B,HEAVY,36.15,1,0.8085,0.0647,0.0684,80.52,75.31,70.16,6.34,54.17,15.78,19.42,89.36,7.526,7.613,0.433
2025-10-17 15:49:00,PL02,LINE_C,C,PREMIUM,29.67,1,0.9125,0.0518,0.0258,110.71,104.97,102.26,3.38,50.72,24.62,19.98,95.31,4.283,4.307,0.087
2025-10-17 16:02:00,PL01,LINE_B,A,HEAVY,48.2,2,0.8134,0.1491,0.0672,121.5,103.38,96.44,5.23,54.75,26.72,11.0,92.47,6.124,6.188,0.351
2025-10-17 16:48:00,PL01,LINE_C,B,STANDARD,28.43,1,0.9076,0.0355,0.15,114.93,110.85,94.23,2.15,54.57,14.5,22.94,92.01,2.98,3.126,0.322
2025-10-17 16:51:00,PL01,LINE_C,C,STANDARD,36.97,2,0.8352,0.25,0.1394,162.64,121.98,104.97,2.06,54.59,16.95,16.99,88.54,2.785,2.903,0.287
2025-10-17 16:53:00,PL01,LINE_C,A,STANDARD,42.14,1,0.8377,0.0846,0.1077,71.56,65.51,58.45,1.82,57.04,16.68,25.0,98.72,3.324,3.506,0.196
2025-10-17 17:44:00,PL01,LINE_A,A,PREMIUM,66.35,2,0.8312,0.0923,0.1433,90.19,81.87,70.14,2.83,52.81,14.62,20.16,87.58,3.9,4.079,0.406
2025-10-17 17:57:00,PL01,LINE_A,B,STANDARD,42.09,4,0.8062,0.187,0.109,275.84,224.26,199.82,2.47,55.53,15.72,18.1,89.34,2.87,2.919,0.269
2025-10-17 18:44:00,PL03,LINE_B,A,STANDARD,61.18,2,0.8835,0.0966,0.15,103.97,93.93,79.84,2.51,48.57,8.18,19.06,75.81,3.32,3.462,0.377
2025-10-17 19:20:00,PL01,LINE_D,C,PREMIUM,58.72,1,0.8392,0.0864,0.0704,51.45,47.01,43.7,3.56,57.52,18.24,25.97,101.73,5.723,5.887,0.251
2025-10-17 20:15:00,PL01,LINE_A,B,PREMIUM,46.36,1,0.98,0.2117,0.1258,76.1,59.99,52.44,3.29,55.47,18.62,24.41,98.5,4.927,5.164,0.413
2025-10-17 20:38:00,PL01,LINE_C,C,HEAVY,84.04,2,0.8632,0.1994,0.1122,73.95,59.21,52.56,5.52,61.11,17.45,22.08,100.64,7.219,7.434,0.619
2025-10-17 21:47:00,PL03,LINE_C,A,STANDARD,24.74,1,0.8761,0.1148,0.134,127.5,112.86,97.74,1.49,49.64,20.8,28.42,98.86,2.361,2.497,0.199
2025-10-17 22:15:00,PL01,LINE_A,C,HEAVY,90.44,2,0.8994,0.2453,0.1473,71.6,54.04,46.08,5.41,61.69,14.38,23.26,99.34,7.244,7.561,0.796
2025-10-17 22:44:00,PL02,LINE_D,A,STANDARD,36.05,1,0.8352,0.25,0.03,83.41,62.56,60.68,1.66,50.93,17.66,14.77,83.37,2.997,3.038,0.05
2025-10-17 23:23:00,PL02,LINE_B,C,PREMIUM,34.02,1,0.8888,0.098,0.1277,94.05,84.84,74.0,3.34,52.34,22.7,26.53,101.57,4.54,4.716,0.427
2025-10-17 23:32:00,PL02,LINE_C,B,PREMIUM,51.59,1,0.8898,0.1734,0.0347,62.09,51.32,49.54,2.4,50.32,10.7,19.43,80.46,3.963,4.02,0.083
2025-10-17 23:33:00,PL01,LINE_B,C,STANDARD,37.78,1,0.9162,0.1286,0.1418,87.29,76.07,65.28,1.45,63.85,16.03,26.82,106.7,2.856,3.088,0.206
2025-10-17 23:33:00,PL02,LINE_D,C,STANDARD,27.58,1,0.8529,0.1683,0.0951,111.34,92.6,83.79,1.98,51.47,19.3,33.29,104.06,3.101,3.22,0.188
2025-10-18 00:37:00,PL02,LINE_B,C,STANDARD,39.89,1,0.8121,0.25,0.0182,73.29,54.97,53.97,1.85,52.15,19.07,9.22,80.44,3.318,3.345,0.034
2025-10-18 03:02:00,PL03,LINE_B,C,STANDARD,44.21,1,0.7776,0.0645,0.0865,63.32,59.24,54.11,2.39,49.96,16.16,15.43,81.55,3.768,3.898,0.207
2025-10-18 03:44:00,PL02,LINE_A,C,STANDARD,31.88,1,0.8513,0.1404,0.0851,96.13,82.63,75.6,2.27,50.25,16.36,30.62,97.23,3.446,3.555,0.193
2025-10-18 05:24:00,PL03,LINE_A,A,STANDARD,36.93,1,0.9029,0.1333,0.0382,88.01,76.28,73.37,2.31,50.67,15.42,24.22,90.31,3.493,3.54,0.088
2025-10-18 06:07:00,PL01,LINE_A,B,STANDARD,26.56,4,0.9026,0.2251,0.0477,489.31,379.18,361.11,1.92,55.37,13.53,22.3,91.2,2.161,2.173,0.092
2025-10-18 06:48:00,PL02,LINE_A,C,STANDARD,43.6,2,0.8544,0.0841,0.0682,141.09,129.23,120.41,2.09,52.41,15.17,20.93,88.5,2.772,2.823,0.142
2025-10-18 06:59:00,PL02,LINE_C,A,STANDARD,25.65,1,0.7621,0.1721,0.1057,106.94,88.54,79.18,2.27,45.7,19.23,18.71,83.64,3.215,3.327,0.24
2025-10-18 07:39:00,PL02,LINE_C,C,STANDARD,29.74,1,0.8108,0.0649,0.0756,98.13,91.77,84.83,2.4,52.45,16.14,21.36,89.95,3.381,3.461,0.181
2025-10-18 07:58:00,PL01,LINE_B,C,HEAVY,106.13,1,0.7987,0.0397,0.0359,27.09,26.02,25.08,5.93,61.56,20.35,28.44,110.35,10.176,10.334,0.213
2025-10-18 09:06:00,PL02,LINE_D,B,PREMIUM,87.92,1,0.8471,0.2164,0.0805,34.69,27.18,24.99,3.84,51.09,15.13,32.91,99.13,7.484,7.803,0.309
2025-10-18 09:33:00,PL02,LINE_B,B,STANDARD,35.78,4,0.8554,0.1273,0.15,344.26,300.42,255.36,2.09,51.69,15.32,20.86,87.86,2.378,2.43,0.313
2025-10-18 10:52:00,PL02,LINE_C,A,STANDARD,28.98,2,0.792,0.2142,0.0478,196.77,154.63,147.24,2.11,51.57,13.72,23.13,88.41,2.685,2.714,0.101
2025-10-18 11:09:00,PL03,LINE_C,C,HEAVY,64.55,1,0.7491,0.0917,0.0281,41.78,37.95,36.88,5.03,50.98,20.46,21.75,93.19,7.486,7.557,0.141
2025-10-18 11:40:00,PL03,LINE_C,A,STANDARD,35.49,1,0.7707,0.085,0.1278,78.18,71.53,62.39,2.56,45.9,28.5,19.86,94.26,3.88,4.073,0.327
2025-10-18 11:51:00,PL01,LINE_D,A,STANDARD,42.39,1,0.9594,0.25,0.0783,81.47,61.1,56.32,1.93,54.6,16.78,24.03,95.4,3.488,3.62,0.151
2025-10-18 11:51:00,PL02,LINE_D,C,STANDARD,26.05,1,0.98,0.0475,0.0787,135.43,128.99,118.84,1.94,53.71,12.6,21.1,87.41,2.616,2.674,0.153
2025-10-18 12:31:00,PL03,LINE_D,A,STANDARD,43.27,1,0.7875,0.2,0.0304,65.52,52.42,50.82,2.14,47.69,17.35,22.42,87.46,3.805,3.857,0.065
2025-10-18 12:56:00,PL01,LINE_A,C,STANDARD,32.1,2,0.8417,0.0658,0.15,188.83,176.4,149.94,2.46,57.58,15.09,24.97,97.64,3.016,3.113,0.369
2025-10-18 13:02:00,PL02,LINE_A,C,HEAVY,45.56,1,0.7901,0.24,0.0743,62.43,47.44,43.92,4.44,54.69,22.01,27.83,104.54,6.648,6.825,0.33
2025-10-18 13:04:00,PL01,LINE_A,B,STANDARD,23.37,2,0.8263,0.075,0.0842,254.53,235.42,215.61,1.71,54.3,16.25,21.83,92.38,2.101,2.137,0.144
2025-10-18 13:09:00,PL01,LINE_C,C,HEAVY,47.04,1,0.8698,0.2439,0.087,66.57,50.33,45.95,5.68,58.38,14.86,21.37,94.61,7.556,7.735,0.494
2025-10-18 13:15:00,PL02,LINE_D,C,HEAVY,69.02,1,0.8073,0.25,0.15,42.11,31.58,26.84,5.41,52.6,19.86,15.56,88.02,8.194,8.686,0.811
2025-10-18 13:17:00,PL03,LINE_B,A,PREMIUM,29.82,4,0.98,0.1303,0.0228,473.28,411.61,402.21,3.09,45.19,16.55,24.52,86.25,3.303,3.308,0.071
2025-10-18 13:59:00,PL03,LINE_A,C,STANDARD,26.63,1,0.8665,0.1403,0.1253,117.14,100.7,88.09,2.44,48.07,16.13,14.85,79.05,3.221,3.333,0.305
2025-10-18 15:01:00,PL03,LINE_B,C,PREMIUM,49.75,1,0.8198,0.1292,0.15,59.33,51.67,43.92,4.17,48.63,8.57,13.55,70.74,5.535,5.777,0.625
2025-10-18 15:37:00,PL01,LINE_A,A,STANDARD,47.1,1,0.8118,0.1946,0.13,62.04,49.97,43.47,2.11,52.12,23.7,25.63,101.45,4.145,4.448,0.275
2025-10-18 17:52:00,PL02,LINE_A,B,STANDARD,30.65,2,0.8015,0.044,0.0158,188.3,180.01,177.16,1.42,48.94,13.48,22.43,84.86,1.889,1.897,0.022
2025-10-18 17:58:00,PL01,LINE_B,C,PREMIUM,54.03,1,0.8402,0.1301,0.0504,55.98,48.7,46.24,2.75,59.71,18.82,29.54,108.08,4.971,5.089,0.139
2025-10-18 18:29:00,PL01,LINE_B,B,STANDARD,28.33,1,0.9189,0.1566,0.0218,116.79,98.5,96.35,2.31,56.58,21.44,27.51,105.53,3.376,3.4,0.05
2025-10-18 18:32:00,PL03,LINE_D,C,STANDARD,44.8,2,0.8077,0.25,0.0283,129.8,97.35,94.6,2.88,48.95,8.06,25.02,82.03,3.718,3.743,0.081
2025-10-18 19:10:00,PL03,LINE_D,C,STANDARD,30.17,1,0.8684,0.1109,0.0616,103.64,92.15,86.47,2.23,51.31,14.75,19.12,85.18,3.158,3.219,0.138
2025-10-18 19:20:00,PL01,LINE_A,A,PREMIUM,41.51,2,0.8376,0.1555,0.0781,145.27,122.68,113.1,3.22,55.91,11.6,21.33,88.84,3.943,4.004,0.251
2025-10-18 19:30:00,PL01,LINE_D,C,STANDARD,30.25,1,0.7562,0.2034,0.1278,90.0,71.69,62.53,2.22,57.89,23.66,19.64,101.19,3.63,3.837,0.283
2025-10-18 20:25:00,PL01,LINE_B,C,HEAVY,63.01,1,0.772,0.2297,0.0239,44.1,33.97,33.16,3.49,55.77,25.68,31.62,113.06,6.818,6.9,0.083
2025-10-18 20:37:00,PL02,LINE_B,A,STANDARD,29.14,1,0.8086,0.1705,0.15,99.89,82.86,70.43,2.17,51.85,18.71,13.51,84.06,3.189,3.368,0.326
2025-10-18 20:46:00,PL01,LINE_D,A,STANDARD,48.62,1,0.6636,0.1538,0.1077,49.13,41.58,37.1,2.32,54.63,21.0,23.6,99.24,4.703,4.991,0.249
2025-10-18 23:32:00,PL02,LINE_C,C,PREMIUM,44.94,1,0.9158,0.0712,0.1261,73.36,68.13,59.54,2.86,50.9,21.04,24.28,96.22,4.276,4.48,0.361
2025-10-19 00:36:00,PL01,LINE_A,C,PREMIUM,73.53,4,0.908,0.0084,0.0804,177.83,176.33,162.15,3.61,58.08,17.53,11.68,87.29,4.104,4.147,0.29
2025-10-19 00:54:00,PL02,LINE_C,A,PREMIUM,76.5,1,0.8855,0.1383,0.15,41.67,35.9,30.52,4.01,48.9,15.76,23.01,87.67,6.448,6.879,0.601
2025-10-19 00:55:00,PL02,LINE_C,C,PREMIUM,31.1,2,0.8674,0.1766,0.0271,200.81,165.35,160.87,3.73,50.62,25.01,24.89,100.53,4.337,4.354,0.101
2025-10-19 01:03:00,PL02,LINE_A,C,STANDARD,30.33,4,0.8226,0.2213,0.0432,390.52,304.08,290.94,2.73,53.14,9.62,28.02,90.77,3.031,3.044,0.118
2025-10-19 01:40:00,PL03,LINE_A,A,STANDARD,27.83,4,0.8219,0.25,0.148,425.32,318.99,271.8,2.6,49.25,16.79,23.43,89.47,2.883,2.931,0.385
2025-10-19 01:47:00,PL01,LINE_D,C,PREMIUM,73.87,1,0.9258,0.2382,0.1106,45.11,34.37,30.57,3.1,58.76,15.15,11.23,85.14,5.578,5.886,0.343
2025-10-19 02:21:00,PL01,LINE_B,C,PREMIUM,49.91,1,0.9541,0.2152,0.15,68.81,54.0,45.9,3.4,61.54,16.26,29.71,107.51,5.392,5.743,0.51
2025-10-19 02:48:00,PL01,LINE_A,A,STANDARD,40.88,1,0.893,0.25,0.1392,78.65,58.98,50.77,2.57,54.59,17.31,25.5,97.41,4.224,4.491,0.358
2025-10-19 03:35:00,PL01,LINE_D,C,PREMIUM,32.47,1,0.8406,0.1345,0.15,93.21,80.67,68.57,3.69,56.36,20.96,23.57,100.9,4.94,5.16,0.553
2025-10-19 04:50:00,PL01,LINE_D,A,STANDARD,49.54,1,0.8077,0.1851,0.047,58.7,47.84,45.59,2.26,50.36,18.93,10.44,79.72,3.923,4.005,0.106
2025-10-19 05:23:00,PL01,LINE_A,A,PREMIUM,44.65,1,0.905,0.1588,0.0898,72.97,61.38,55.87,3.77,52.88,14.64,22.63,90.15,5.238,5.383,0.338
2025-10-19 06:04:00,PL01,LINE_B,C,HEAVY,67.92,1,0.8454,0.0303,0.0499,44.81,43.45,41.28,6.51,58.74,11.71,18.02,88.48,8.546,8.653,0.325
2025-10-19 06:11:00,PL02,LINE_C,A,STANDARD,32.2,2,0.8687,0.0444,0.0287,194.28,185.65,180.34,2.23,49.06,16.64,23.93,89.64,2.716,2.73,0.064
2025-10-19 07:01:00,PL02,LINE_A,A,HEAVY,33.15,2,0.8539,0.25,0.1028,185.46,139.09,124.79,5.17,50.8,23.53,20.86,95.18,5.852,5.93,0.531
2025-10-19 08:40:00,PL01,LINE_C,C,HEAVY,39.57,1,0.7888,0.2033,0.15,71.78,57.19,48.61,3.34,57.56,27.06,16.22,100.84,5.099,5.41,0.5
2025-10-19 08:48:00,PL01,LINE_A,B,STANDARD,63.73,2,0.8039,0.1231,0.028,90.83,79.65,77.42,1.55,59.36,17.33,25.42,102.11,2.834,2.87,0.043
2025-10-19 09:09:00,PL01,LINE_A,C,STANDARD,29.16,1,0.8669,0.1125,0.0494,107.03,94.99,90.3,2.4,58.94,25.64,20.59,105.17,3.507,3.564,0.119
2025-10-19 09:41:00,PL02,LINE_C,C,HEAVY,50.24,2,0.8612,0.2001,0.0396,123.42,98.73,94.82,5.26,54.44,25.9,27.3,107.64,6.351,6.396,0.208
2025-10-19 09:50:00,PL02,LINE_C,B,STANDARD,36.15,1,0.8173,0.0901,0.0229,81.4,74.06,72.36,2.0,51.48,20.45,27.23,99.16,3.343,3.374,0.046
2025-10-19 10:07:00,PL02,LINE_C,A,STANDARD,47.27,2,0.8998,0.1249,0.15,137.04,119.92,101.93,2.51,50.66,19.14,22.54,92.34,3.284,3.42,0.377
2025-10-19 10:28:00,PL02,LINE_B,C,STANDARD,33.79,2,0.8287,0.1117,0.15,176.6,156.88,133.35,2.25,52.93,19.12,28.58,100.63,2.891,3.004,0.337
2025-10-19 11:04:00,PL02,LINE_A,B,STANDARD,45.36,2,0.8599,0.0416,0.15,136.5,130.83,111.2,2.08,52.4,23.08,13.49,88.97,2.756,2.876,0.311
2025-10-19 11:56:00,PL03,LINE_B,A,PREMIUM,62.23,1,0.8143,0.0838,0.1377,47.11,43.16,37.22,3.79,47.35,24.04,28.14,99.53,6.1,6.468,0.522
2025-10-19 12:35:00,PL03,LINE_D,A,PREMIUM,48.57,1,0.7963,0.1582,0.0962,59.03,49.69,44.91,3.21,43.96,18.32,25.99,88.26,4.984,5.173,0.309
2025-10-19 12:40:00,PL01,LINE_A,B,PREMIUM,53.53,2,0.8555,0.0742,0.0971,115.06,106.53,96.18,3.53,55.19,23.77,19.81,98.77,4.453,4.553,0.343
2025-10-19 13:16:00,PL01,LINE_B,A,PREMIUM,50.29,1,0.8732,0.219,0.0463,62.51,48.82,46.56,2.8,56.89,15.78,14.47,87.13,4.582,4.668,0.129
2025-10-19 13:21:00,PL03,LINE_C,A,STANDARD,23.07,2,0.8584,0.0555,0.0812,267.89,253.02,232.47,2.01,44.1,16.6,26.75,87.45,2.359,2.39,0.164
2025-10-19 13:31:00,PL01,LINE_C,C,STANDARD,36.22,1,0.8897,0.25,0.15,88.44,66.33,56.38,2.13,55.59,20.17,23.5,99.27,3.631,3.895,0.32
2025-10-19 13:41:00,PL02,LINE_D,A,STANDARD,16.95,1,0.7959,0.1495,0.1086,169.07,143.79,128.18,2.29,51.13,21.08,11.93,84.14,2.878,2.949,0.249
2025-10-19 14:24:00,PL02,LINE_A,A,PREMIUM,31.7,1,0.7944,0.1301,0.15,90.22,78.49,66.72,3.81,50.97,16.87,33.92,101.76,5.103,5.332,0.571
2025-10-19 14:44:00,PL03,LINE_B,C,STANDARD,26.55,2,0.8257,0.25,0.1085,223.87,167.9,149.68,2.29,46.67,17.21,25.34,89.23,2.826,2.891,0.249
2025-10-19 14:56:00,PL01,LINE_D,A,STANDARD,37.36,2,0.8129,0.2278,0.1344,156.67,120.98,104.72,2.38,53.9,21.75,19.16,94.81,3.159,3.281,0.319
2025-10-19 15:20:00,PL02,LINE_B,C,PREMIUM,39.95,1,0.9145,0.25,0.1174,82.41,61.81,54.55,2.79,53.04,18.53,22.13,93.7,4.305,4.507,0.328
2025-10-19 15:35:00,PL02,LINE_C,B,PREMIUM,63.03,2,0.7284,0.1279,0.15,83.21,72.57,61.68,3.07,51.07,18.3,18.62,87.99,4.284,4.498,0.461
2025-10-19 15:35:00,PL01,LINE_A,C,STANDARD,35.37,2,0.93,0.1176,0.0319,189.31,167.04,161.72,1.87,57.95,14.56,23.4,95.91,2.449,2.468,0.06
2025-10-19 15:37:00,PL02,LINE_B,B,STANDARD,36.35,2,0.752,0.25,0.089,148.93,111.7,101.76,1.66,53.43,17.49,23.15,94.07,2.504,2.586,0.148
2025-10-19 16:30:00,PL01,LINE_A,A,HEAVY,88.68,2,0.8745,0.0711,0.15,71.0,65.96,56.06,5.29,56.36,25.45,23.55,105.36,6.884,7.166,0.793
2025-10-19 16:37:00,PL02,LINE_B,B,STANDARD,33.3,1,0.7164,0.2399,0.11,77.44,58.86,52.39,2.09,49.79,17.17,36.22,103.17,3.847,4.063,0.23
2025-10-19 17:07:00,PL01,LINE_B,A,PREMIUM,52.03,2,0.8704,0.25,0.0304,120.45,90.34,87.59,3.01,53.77,16.88,14.67,85.31,3.958,3.988,0.092
2025-10-19 17:52:00,PL02,LINE_D,B,STANDARD,38.54,2,0.9338,0.24,0.1348,174.46,132.58,114.72,1.68,53.52,15.42,13.68,82.62,2.304,2.401,0.227
2025-10-19 18:38:00,PL02,LINE_A,B,HEAVY,54.29,1,0.8258,0.25,0.0313,54.76,41.07,39.78,5.56,50.17,25.37,11.08,86.62,7.665,7.733,0.174
2025-10-19 19:03:00,PL01,LINE_B,B,HEAVY,98.82,1,0.8868,0.0539,0.15,32.31,30.56,25.98,5.8,54.62,15.34,20.33,90.28,8.756,9.277,0.87
2025-10-19 20:41:00,PL02,LINE_D,C,STANDARD,55.85,2,0.8659,0.25,0.0758,111.63,83.72,77.38,1.93,50.29,21.0,16.62,87.91,2.976,3.062,0.146
2025-10-19 21:30:00,PL01,LINE_C,A,HEAVY,51.3,1,0.8491,0.185,0.0424,59.59,48.57,46.51,3.95,56.82,16.62,24.94,98.38,5.976,6.066,0.167
2025-10-19 21:50:00,PL01,LINE_B,B,PREMIUM,39.15,1,0.8283,0.25,0.15,76.15,57.12,48.55,3.68,54.92,19.95,17.15,92.03,5.287,5.572,0.551
2025-10-19 22:48:00,PL02,LINE_C,A,STANDARD,32.86,1,0.8094,0.25,0.1105,88.66,66.5,59.15,1.8,48.21,19.61,12.32,80.14,3.007,3.156,0.199
2025-10-20 00:59:00,PL01,LINE_A,B,PREMIUM,46.74,1,0.9227,0.1825,0.1497,71.06,58.1,49.4,2.57,55.97,21.25,23.98,101.21,4.316,4.623,0.385
2025-10-20 02:22:00,PL02,LINE_A,C,STANDARD,42.33,2,0.8853,0.1343,0.0564,150.58,130.35,123.01,2.72,52.39,23.68,18.81,94.87,3.446,3.49,0.153
2025-10-20 03:06:00,PL03,LINE_C,A,HEAVY,62.49,1,0.8059,0.1064,0.15,46.43,41.49,35.27,5.74,47.95,22.06,19.72,89.73,7.907,8.289,0.862
2025-10-20 03:12:00,PL02,LINE_B,B,PREMIUM,34.46,2,0.8821,0.1637,0.0741,184.3,154.12,142.7,3.09,54.51,22.13,23.39,100.03,3.735,3.787,0.229
2025-10-20 03:33:00,PL02,LINE_A,A,STANDARD,55.26,1,0.8981,0.1467,0.1099,58.5,49.92,44.44,1.81,52.54,13.75,13.45,79.73,3.405,3.602,0.199
2025-10-20 04:24:00,PL02,LINE_A,A,STANDARD,35.95,1,0.7821,0.25,0.1445,78.32,58.74,50.25,1.74,52.75,27.49,27.8,108.04,3.581,3.891,0.252
2025-10-20 04:49:00,PL01,LINE_D,B,STANDARD,39.36,1,0.8182,0.1822,0.0591,74.84,61.2,57.59,2.77,56.18,21.95,21.99,100.12,4.409,4.511,0.164
2025-10-20 05:52:00,PL03,LINE_D,A,PREMIUM,46.35,1,0.753,0.0463,0.15,58.49,55.78,47.41,2.88,46.03,23.7,20.42,90.14,4.5,4.785,0.433
2025-10-20 07:07:00,PL02,LINE_B,B,PREMIUM,52.34,2,0.8101,0.25,0.0316,111.43,83.57,80.93,3.51,51.37,22.07,28.24,101.67,4.725,4.764,0.111
2025-10-20 07:49:00,PL02,LINE_B,A,HEAVY,45.49,1,0.8046,0.1589,0.0489,63.68,53.56,50.95,4.43,53.39,17.91,22.05,93.35,6.176,6.266,0.217
2025-10-20 09:55:00,PL03,LINE_A,A,PREMIUM,52.08,1,0.8632,0.0996,0.0676,59.67,53.73,50.09,3.75,48.14,21.4,13.95,83.49,5.308,5.421,0.254
2025-10-20 11:56:00,PL02,LINE_C,A,PREMIUM,46.94,2,0.9691,0.1091,0.0221,148.65,132.43,129.5,3.21,47.24,17.68,10.39,75.31,3.775,3.788,0.071
2025-10-20 12:33:00,PL02,LINE_C,B,STANDARD,33.05,2,0.7646,0.086,0.0633,166.58,152.25,142.62,1.84,52.73,9.54,21.65,83.91,2.389,2.426,0.116
2025-10-20 12:43:00,PL02,LINE_D,A,STANDARD,31.04,2,0.6445,0.0788,0.0759,149.5,137.71,127.25,2.07,53.44,23.96,32.29,109.69,2.869,2.934,0.157
2025-10-20 13:02:00,PL01,LINE_D,C,STANDARD,55.55,2,0.8141,0.25,0.1269,105.52,79.14,69.1,2.49,57.93,20.19,24.67,102.8,3.787,3.976,0.316
2025-10-20 13:04:00,PL01,LINE_C,B,STANDARD,30.67,1,0.98,0.2042,0.15,115.04,91.55,77.82,2.34,55.92,8.43,18.63,82.98,3.248,3.408,0.351
2025-10-20 13:21:00,PL02,LINE_A,A,PREMIUM,42.39,2,0.9052,0.25,0.1357,153.75,115.31,99.67,3.73,50.29,21.55,17.47,89.3,4.5,4.621,0.505
2025-10-20 13:40:00,PL02,LINE_A,C,HEAVY,107.53,2,0.8351,0.0258,0.15,55.92,54.47,46.3,4.89,54.48,16.05,21.07,91.6,6.568,6.864,0.733
2025-10-20 13:54:00,PL01,LINE_B,C,STANDARD,45.85,1,0.8707,0.1452,0.15,68.37,58.44,49.68,1.96,54.18,15.87,24.9,94.95,3.582,3.869,0.294
2025-10-20 14:10:00,PL01,LINE_A,B,STANDARD,33.6,1,0.7754,0.1207,0.15,83.08,73.05,62.09,1.72,56.61,25.05,21.87,103.52,3.133,3.383,0.257
2025-10-20 14:48:00,PL01,LINE_C,A,PREMIUM,41.25,1,0.8805,0.0026,0.0833,76.84,76.64,70.26,2.95,53.62,21.21,34.45,109.29,4.378,4.507,0.246
2025-10-20 15:31:00,PL02,LINE_A,B,STANDARD,32.28,2,0.7658,0.0796,0.15,170.82,157.22,133.64,2.46,52.6,23.47,24.7,100.77,3.101,3.214,0.369
2025-10-20 15:57:00,PL02,LINE_C,C,STANDARD,42.11,1,0.98,0.0774,0.0207,83.78,77.3,75.7,2.27,51.16,23.04,17.67,91.87,3.454,3.479,0.047
2025-10-20 16:33:00,PL01,LINE_A,C,STANDARD,20.0,1,0.9658,0.1721,0.0262,173.86,143.94,140.16,2.68,56.29,23.94,20.35,100.57,3.384,3.403,0.07
2025-10-20 17:24:00,PL02,LINE_B,C,PREMIUM,33.23,1,0.8237,0.2498,0.1304,89.24,66.95,58.22,3.76,53.77,12.0,16.33,82.09,4.985,5.169,0.49
2025-10-20 18:40:00,PL01,LINE_B,A,STANDARD,56.73,1,0.7813,0.0528,0.064,49.58,46.97,43.96,2.08,58.06,12.47,24.7,95.22,4.109,4.248,0.133
2025-10-20 18:45:00,PL02,LINE_A,C,PREMIUM,27.85,1,0.7428,0.2143,0.0577,96.02,75.44,71.09,3.25,53.43,14.32,15.62,83.37,4.352,4.419,0.187
2025-10-20 18:57:00,PL01,LINE_B,A,PREMIUM,43.62,4,0.902,0.0771,0.0579,297.77,274.8,258.89,3.35,55.18,18.52,16.81,90.51,3.68,3.701,0.194
2025-10-20 19:56:00,PL02,LINE_B,B,STANDARD,35.75,4,0.8711,0.2366,0.0569,350.84,267.82,252.58,2.61,57.3,16.99,24.53,98.83,2.978,3.001,0.148
2025-10-20 20:02:00,PL02,LINE_A,A,STANDARD,41.71,2,0.8704,0.2373,0.008,150.23,114.58,113.66,2.82,48.86,19.08,19.06,87.0,3.581,3.588,0.023
2025-10-20 20:15:00,PL03,LINE_D,B,HEAVY,39.21,2,0.7828,0.0488,0.15,143.75,136.74,116.23,4.89,51.79,30.84,15.48,98.12,5.611,5.738,0.734
2025-10-20 20:20:00,PL02,LINE_A,C,STANDARD,35.45,1,0.8706,0.1097,0.0796,88.41,78.71,72.44,2.05,52.03,16.64,16.58,85.25,3.128,3.222,0.163
2025-10-20 21:16:00,PL03,LINE_A,A,STANDARD,26.6,1,0.774,0.2329,0.0772,104.76,80.36,74.15,2.52,46.96,16.43,15.13,78.52,3.494,3.576,0.194
2025-10-20 21:44:00,PL03,LINE_D,A,PREMIUM,45.15,4,0.764,0.1309,0.15,243.67,211.78,180.01,3.12,48.44,22.07,23.98,94.49,3.567,3.646,0.468
2025-10-20 22:21:00,PL03,LINE_D,B,PREMIUM,42.85,1,0.9096,0.1922,0.15,76.41,61.73,52.47,3.25,48.83,19.81,13.91,82.55,4.585,4.821,0.487
2025-10-20 23:19:00,PL02,LINE_B,A,STANDARD,37.72,1,0.98,0.1544,0.15,93.53,79.09,67.23,2.01,51.0,12.54,26.19,89.73,3.14,3.341,0.301
2025-10-20 23:52:00,PL03,LINE_C,C,PREMIUM,51.12,2,0.88,0.2342,0.146,123.94,94.91,81.06,3.38,49.7,17.94,22.4,90.03,4.33,4.492,0.494
2025-10-21 00:07:00,PL01,LINE_D,C,PREMIUM,46.28,1,0.8874,0.0472,0.1434,69.02,65.76,56.33,3.54,58.08,18.6,13.3,89.97,4.913,5.142,0.508
2025-10-21 00:37:00,PL01,LINE_C,C,PREMIUM,34.83,1,0.7515,0.1047,0.0604,77.66,69.53,65.33,3.63,55.37,16.38,27.95,99.7,5.061,5.153,0.219
2025-10-21 00:42:00,PL01,LINE_C,C,PREMIUM,62.27,1,0.9364,0.1861,0.0408,54.13,44.06,42.26,2.54,58.8,20.15,22.03,100.98,4.836,4.934,0.104
2025-10-21 00:45:00,PL02,LINE_C,C,STANDARD,35.84,2,0.9099,0.1763,0.0503,182.8,150.58,143.01,2.39,50.98,17.69,19.43,88.1,2.974,3.005,0.12
2025-10-21 01:04:00,PL03,LINE_A,B,PREMIUM,40.35,4,0.7292,0.0319,0.0542,260.25,251.95,238.31,3.2,48.79,16.98,25.97,91.75,3.565,3.586,0.173
2025-10-21 01:25:00,PL02,LINE_A,A,PREMIUM,37.02,4,0.98,0.0543,0.0875,381.22,360.53,328.97,3.69,51.21,17.74,22.78,91.73,3.947,3.972,0.323
2025-10-21 01:44:00,PL01,LINE_B,A,STANDARD,37.11,2,0.8144,0.1351,0.1333,158.0,136.66,118.44,2.21,55.17,17.37,17.32,89.86,2.867,2.968,0.294
2025-10-21 01:52:00,PL03,LINE_A,C,STANDARD,37.49,1,0.98,0.1042,0.15,94.1,84.29,71.65,2.33,49.92,15.3,17.17,82.38,3.307,3.48,0.349
2025-10-21 02:35:00,PL01,LINE_C,A,STANDARD,29.96,2,0.8714,0.1508,0.1479,209.44,177.86,151.56,2.19,53.96,19.97,19.79,93.72,2.719,2.811,0.324
2025-10-21 03:00:00,PL03,LINE_A,B,PREMIUM,66.84,1,0.7796,0.25,0.15,41.99,31.49,26.77,3.11,46.65,15.08,35.17,96.9,6.186,6.73,0.466
2025-10-21 04:31:00,PL02,LINE_B,B,HEAVY,48.79,1,0.8411,0.25,0.0944,62.06,46.54,42.15,4.67,54.36,17.95,18.44,90.74,6.617,6.82,0.441
2025-10-21 04:47:00,PL01,LINE_A,B,STANDARD,42.18,1,0.8027,0.1223,0.0934,68.51,60.14,54.52,2.13,55.03,10.97,23.32,89.32,3.611,3.764,0.199
2025-10-21 04:59:00,PL02,LINE_C,C,HEAVY,95.61,2,0.8697,0.25,0.1023,65.5,49.12,44.1,5.62,53.11,26.07,19.71,98.89,7.633,7.862,0.575
2025-10-21 05:13:00,PL03,LINE_B,C,PREMIUM,45.17,2,0.9647,0.25,0.1357,153.78,115.34,99.69,3.32,49.22,15.08,24.52,88.82,4.088,4.209,0.45
2025-10-21 05:14:00,PL02,LINE_B,C,PREMIUM,51.99,2,0.8445,0.0821,0.1427,116.96,107.36,92.04,3.59,52.78,22.82,11.28,86.87,4.402,4.537,0.513
2025-10-21 05:32:00,PL01,LINE_C,B,PREMIUM,84.8,1,0.8021,0.25,0.0831,34.05,25.54,23.42,2.55,57.25,19.96,19.63,96.83,6.342,6.686,0.212
2025-10-21 05:37:00,PL03,LINE_A,B,PREMIUM,39.02,2,0.8066,0.1466,0.15,148.85,127.02,107.97,3.75,48.98,18.61,16.6,84.18,4.417,4.534,0.563
2025-10-21 06:55:00,PL02,LINE_C,C,HEAVY,127.74,2,0.8343,0.066,0.1143,47.03,43.92,38.9,5.18,53.7,17.61,16.68,87.99,7.18,7.439,0.592
2025-10-21 06:55:00,PL02,LINE_A,B,STANDARD,40.29,1,0.9237,0.2214,0.0479,82.54,64.27,61.19,1.92,50.79,22.34,21.16,94.28,3.387,3.461,0.092
2025-10-21 07:24:00,PL01,LINE_A,A,HEAVY,62.72,1,0.98,0.1713,0.0432,56.25,46.62,44.61,3.53,55.58,26.8,25.93,108.31,5.851,5.956,0.152
2025-10-21 07:25:00,PL03,LINE_A,B,STANDARD,21.98,1,0.8016,0.25,0.1368,131.27,98.45,84.98,1.56,48.52,23.54,20.2,92.27,2.5,2.648,0.214
2025-10-21 07:49:00,PL01,LINE_A,C,HEAVY,49.36,2,0.8594,0.2261,0.15,125.37,97.03,82.47,3.9,59.34,25.9,27.28,112.53,5.063,5.268,0.585
2025-10-21 09:42:00,PL02,LINE_A,B,STANDARD,21.48,1,0.9107,0.0059,0.0825,152.63,151.73,139.21,2.29,53.9,10.84,23.72,88.46,2.871,2.923,0.189
2025-10-21 09:50:00,PL01,LINE_B,B,STANDARD,42.69,1,0.8663,0.0828,0.0688,73.05,67.0,62.39,1.8,56.28,13.5,22.67,92.45,3.176,3.278,0.124
2025-10-21 10:10:00,PL01,LINE_A,A,STANDARD,38.94,1,0.9421,0.0593,0.0876,87.09,81.92,74.74,2.37,53.41,17.01,21.06,91.48,3.491,3.598,0.208
2025-10-21 10:15:00,PL01,LINE_B,B,STANDARD,40.35,2,0.769,0.2405,0.079,137.22,104.21,95.98,1.71,52.3,22.8,31.31,106.42,2.727,2.815,0.135
2025-10-21 10:27:00,PL02,LINE_D,B,HEAVY,44.68,2,0.924,0.1593,0.0222,148.9,125.18,122.4,5.59,53.23,25.39,16.99,95.61,6.35,6.367,0.124
2025-10-21 10:32:00,PL02,LINE_A,B,HEAVY,63.33,1,0.9479,0.1127,0.0353,53.88,47.81,46.12,5.54,49.76,21.68,23.37,94.82,7.522,7.595,0.196
2025-10-21 11:00:00,PL01,LINE_C,C,PREMIUM,25.26,2,0.8383,0.0343,0.1248,238.97,230.77,201.98,3.94,55.95,16.04,23.66,95.65,4.353,4.412,0.491
2025-10-21 11:05:00,PL02,LINE_B,A,PREMIUM,39.72,2,0.9693,0.0941,0.15,175.69,159.16,135.28,3.2,51.71,16.49,21.18,89.38,3.759,3.858,0.48
2025-10-21 12:19:00,PL01,LINE_B,A,STANDARD,25.79,2,0.7631,0.1802,0.0905,213.0,174.62,158.82,2.0,56.84,10.34,27.17,94.34,2.545,2.598,0.181
2025-10-21 12:26:00,PL02,LINE_B,B,STANDARD,34.14,1,0.8546,0.079,0.15,90.11,82.99,70.55,2.18,52.42,18.77,24.43,95.62,3.329,3.533,0.327
2025-10-21 12:46:00,PL01,LINE_B,C,PREMIUM,41.76,1,0.8846,0.0368,0.0309,76.25,73.45,71.18,3.42,55.23,20.13,28.2,103.55,4.834,4.879,0.106
2025-10-21 13:00:00,PL02,LINE_B,C,PREMIUM,37.03,2,0.838,0.0948,0.1012,162.92,147.47,132.55,2.59,49.02,19.17,24.07,92.27,3.215,3.285,0.262
2025-10-21 13:25:00,PL02,LINE_D,B,PREMIUM,42.7,2,0.7616,0.1201,0.15,128.4,112.99,96.04,3.59,50.16,29.28,20.8,100.24,4.482,4.638,0.539
2025-10-21 13:46:00,PL03,LINE_C,B,HEAVY,39.12,1,0.9185,0.25,0.0214,84.52,63.39,62.03,5.43,50.14,24.16,20.74,95.04,6.93,6.962,0.116
2025-10-21 16:14:00,PL02,LINE_A,B,HEAVY,76.94,1,0.8944,0.0413,0.0061,41.85,40.13,39.88,5.68,51.54,20.27,22.35,94.16,8.024,8.038,0.035
2025-10-21 17:16:00,PL02,LINE_A,A,HEAVY,57.52,1,0.9741,0.1472,0.0658,60.96,51.99,48.57,5.24,48.56,22.44,27.08,98.07,7.125,7.258,0.344
2025-10-21 17:58:00,PL03,LINE_B,B,PREMIUM,48.54,1,0.7776,0.1118,0.1181,57.67,51.22,45.17,3.12,46.93,10.68,22.58,80.19,4.688,4.898,0.369
2025-10-21 18:39:00,PL02,LINE_A,A,HEAVY,36.11,1,0.7245,0.1015,0.15,72.23,64.9,55.16,4.28,50.49,25.51,22.27,98.27,5.796,6.063,0.642
2025-10-21 19:59:00,PL01,LINE_D,B,PREMIUM,34.77,1,0.8382,0.1111,0.055,86.78,77.13,72.89,3.59,56.5,28.27,27.19,111.96,5.04,5.124,0.197
2025-10-21 20:21:00,PL02,LINE_A,A,PREMIUM,42.0,4,0.9083,0.1529,0.088,311.41,263.81,240.6,3.83,46.84,15.29,14.38,76.51,4.118,4.146,0.337
2025-10-21 21:16:00,PL02,LINE_C,C,STANDARD,32.9,2,0.7496,0.1706,0.0525,164.04,136.05,128.91,2.13,54.43,14.36,20.3,89.08,2.789,2.826,0.112
2025-10-21 22:04:00,PL03,LINE_A,C,STANDARD,36.91,4,0.9087,0.103,0.15,354.54,318.03,270.33,1.63,52.06,18.04,22.4,92.5,1.921,1.972,0.245
2025-10-21 22:26:00,PL02,LINE_B,C,STANDARD,29.62,1,0.9456,0.1597,0.15,114.91,96.56,82.08,2.75,53.47,23.18,19.53,96.18,3.748,3.923,0.413
2025-10-21 22:36:00,PL01,LINE_D,B,STANDARD,33.5,2,0.8415,0.0947,0.0812,180.85,163.73,150.44,2.51,58.52,14.5,22.8,95.82,3.096,3.148,0.204
2025-10-21 22:51:00,PL01,LINE_C,B,PREMIUM,37.24,1,0.77,0.25,0.15,74.44,55.83,47.45,3.76,56.5,15.89,25.9,98.29,5.525,5.835,0.565
2025-10-21 23:31:00,PL02,LINE_C,B,STANDARD,28.65,2,0.8626,0.25,0.15,216.75,162.56,138.18,1.86,54.89,11.82,30.87,97.59,2.465,2.571,0.28
2025-10-22 01:35:00,PL03,LINE_B,A,STANDARD,37.44,1,0.9654,0.0882,0.1446,92.83,84.64,72.4,1.81,47.8,16.9,21.25,85.94,2.824,2.995,0.261
2025-10-22 02:08:00,PL01,LINE_A,B,HEAVY,36.19,1,0.8375,0.1081,0.0281,83.31,74.31,72.22,5.89,56.87,21.47,27.92,106.26,7.319,7.361,0.166
2025-10-22 02:09:00,PL02,LINE_D,A,STANDARD,30.7,1,0.8278,0.2183,0.0536,97.07,75.88,71.81,2.58,48.79,23.83,22.97,95.59,3.835,3.907,0.138
2025-10-22 02:14:00,PL03,LINE_A,A,PREMIUM,35.32,1,0.9105,0.1152,0.1193,92.8,82.11,72.32,3.13,49.25,20.36,22.5,92.11,4.256,4.407,0.374
2025-10-22 02:21:00,PL01,LINE_A,C,STANDARD,34.83,2,0.8939,0.1249,0.0504,184.8,161.71,153.55,2.17,57.81,17.83,10.88,86.52,2.7,2.729,0.109
2025-10-22 02:34:00,PL01,LINE_C,B,HEAVY,46.71,1,0.8962,0.1147,0.0226,69.07,61.15,59.77,4.09,54.45,22.48,24.27,101.19,5.743,5.781,0.092
2025-10-22 03:27:00,PL03,LINE_D,B,PREMIUM,59.48,2,0.7236,0.0531,0.15,87.59,82.94,70.5,3.56,48.18,18.42,20.25,86.86,4.607,4.791,0.534
2025-10-22 04:45:00,PL01,LINE_A,A,STANDARD,33.63,4,0.8478,0.0761,0.1483,362.96,335.33,285.61,2.09,55.09,16.58,20.54,92.21,2.361,2.409,0.309
2025-10-22 04:45:00,PL03,LINE_A,B,STANDARD,51.94,2,0.8532,0.0469,0.15,118.27,112.73,95.82,2.22,47.98,14.5,27.27,89.76,3.02,3.16,0.334
2025-10-22 07:43:00,PL01,LINE_A,B,STANDARD,35.41,1,0.8672,0.1942,0.1018,88.17,71.05,63.82,2.14,56.75,17.5,26.11,100.36,3.555,3.715,0.218
2025-10-22 08:17:00,PL02,LINE_C,C,STANDARD,17.85,2,0.8793,0.1193,0.0065,354.65,312.33,310.32,2.63,56.77,23.82,27.31,107.9,2.977,2.979,0.017
2025-10-22 10:01:00,PL02,LINE_B,A,STANDARD,31.96,1,0.9039,0.25,0.15,101.8,76.35,64.9,2.04,49.53,13.35,19.29,82.18,3.121,3.311,0.307
2025-10-22 10:08:00,PL01,LINE_C,B,PREMIUM,61.3,4,0.8395,0.25,0.12,197.22,147.92,130.17,3.26,56.39,11.58,26.58,94.56,3.899,3.986,0.391
2025-10-22 10:34:00,PL02,LINE_A,B,STANDARD,41.93,1,0.8777,0.113,0.0847,75.35,66.83,61.17,2.14,49.83,13.53,18.55,81.91,3.362,3.476,0.181
2025-10-22 11:13:00,PL03,LINE_C,A,STANDARD,35.9,1,0.8401,0.1706,0.15,84.25,69.88,59.39,2.17,46.15,17.04,22.61,85.8,3.395,3.612,0.325
2025-10-22 11:27:00,PL02,LINE_C,C,HEAVY,36.15,1,0.7976,0.25,0.0732,79.42,59.57,55.21,5.99,55.63,25.72,17.17,98.52,7.642,7.773,0.438
2025-10-22 12:15:00,PL02,LINE_B,A,PREMIUM,54.83,2,0.7633,0.1585,0.0907,100.23,84.34,76.69,3.71,50.75,19.81,18.24,88.8,4.766,4.871,0.337
2025-10-22 12:31:00,PL01,LINE_D,A,STANDARD,28.42,1,0.8541,0.25,0.0947,108.21,81.16,73.47,2.62,53.24,16.49,24.27,94.0,3.78,3.901,0.248
2025-10-22 14:00:00,PL02,LINE_C,A,PREMIUM,43.83,1,0.9534,0.1354,0.045,78.31,67.71,64.66,3.45,47.41,21.48,33.89,102.78,4.968,5.039,0.155
2025-10-22 14:28:00,PL01,LINE_A,C,HEAVY,80.1,2,0.8301,0.1021,0.0877,74.62,67.0,61.13,5.78,59.46,24.51,32.88,116.84,7.521,7.689,0.507
2025-10-22 14:44:00,PL01,LINE_D,C,HEAVY,58.78,1,0.7641,0.0456,0.1219,46.8,44.66,39.22,4.67,56.5,29.11,13.27,98.88,6.882,7.189,0.569
2025-10-22 14:53:00,PL03,LINE_B,C,STANDARD,25.6,1,0.7769,0.1017,0.0284,109.23,98.12,95.34,2.51,51.28,22.37,19.16,92.81,3.458,3.485,0.071
2025-10-22 15:04:00,PL03,LINE_B,B,HEAVY,73.61,1,0.8586,0.1143,0.1245,41.99,37.19,32.56,5.07,45.06,25.96,23.48,94.5,7.606,7.967,0.63
2025-10-22 15:17:00,PL02,LINE_D,B,STANDARD,37.07,2,0.7983,0.2295,0.0775,155.04,119.45,110.19,2.29,50.86,16.58,14.26,81.69,2.978,3.036,0.178
2025-10-22 15:53:00,PL01,LINE_A,C,PREMIUM,55.05,2,0.7962,0.0129,0.0952,104.14,102.79,93.01,3.1,59.36,17.97,18.98,96.31,4.035,4.134,0.295
2025-10-22 15:54:00,PL01,LINE_B,B,STANDARD,25.46,1,0.8708,0.1256,0.0836,123.12,107.66,98.66,2.19,52.63,16.57,21.49,90.69,3.028,3.105,0.183
2025-10-22 15:59:00,PL01,LINE_B,B,STANDARD,38.71,1,0.9247,0.1278,0.1449,86.0,75.01,64.14,2.28,58.31,15.36,28.21,101.88,3.64,3.87,0.331
2025-10-22 16:39:00,PL01,LINE_A,A,STANDARD,27.27,2,0.8005,0.0978,0.0655,211.37,190.7,178.2,3.06,56.51,23.52,25.51,105.54,3.611,3.65,0.2
2025-10-22 17:38:00,PL03,LINE_D,B,STANDARD,59.29,1,0.7383,0.2296,0.0511,44.83,34.54,32.77,2.11,46.99,20.68,13.5,81.17,4.458,4.584,0.108
2025-10-22 18:01:00,PL03,LINE_D,B,STANDARD,50.13,2,0.8764,0.25,0.15,125.87,94.4,80.24,2.61,47.32,16.89,24.5,88.7,3.546,3.712,0.391
2025-10-22 18:11:00,PL02,LINE_A,A,STANDARD,53.92,1,0.9331,0.0755,0.0804,62.29,57.59,52.96,2.65,48.22,15.51,27.88,91.6,4.245,4.384,0.213
2025-10-22 20:03:00,PL02,LINE_A,A,STANDARD,34.51,2,0.98,0.1241,0.038,204.47,179.08,172.27,2.39,53.86,16.48,16.44,86.78,2.875,2.894,0.091
2025-10-22 20:33:00,PL03,LINE_A,B,HEAVY,61.28,1,0.8239,0.2344,0.0674,48.4,37.06,34.56,5.36,50.92,18.84,9.3,79.05,7.494,7.649,0.362
2025-10-22 21:38:00,PL02,LINE_B,A,STANDARD,20.61,1,0.9415,0.0044,0.0297,164.47,163.76,158.89,2.25,49.96,19.18,25.21,94.36,2.824,2.841,0.067
2025-10-22 22:24:00,PL02,LINE_A,A,HEAVY,40.56,1,0.8866,0.2394,0.0421,78.69,59.85,57.33,5.1,48.3,23.99,27.54,99.83,6.766,6.839,0.215
2025-10-22 23:45:00,PL01,LINE_C,C,STANDARD,35.23,1,0.898,0.0565,0.0707,91.76,86.58,80.45,2.33,58.77,18.01,26.63,103.41,3.521,3.612,0.165
2025-10-22 23:55:00,PL01,LINE_A,C,STANDARD,31.87,1,0.9356,0.25,0.1036,105.7,79.28,71.06,2.78,57.68,23.84,25.2,106.72,4.122,4.278,0.288
2025-10-23 00:09:00,PL01,LINE_B,C,STANDARD,26.24,1,0.8818,0.25,0.15,120.96,90.72,77.11,2.6,60.31,13.74,28.89,102.95,3.734,3.935,0.39
2025-10-23 00:28:00,PL02,LINE_B,A,STANDARD,25.84,1,0.8277,0.1801,0.0391,115.3,94.54,90.84,2.75,45.75,23.48,31.78,101.02,3.82,3.863,0.108
2025-10-23 00:45:00,PL02,LINE_C,A,STANDARD,42.93,4,0.8926,0.1814,0.0667,299.4,245.07,228.73,2.19,51.55,19.32,24.98,95.85,2.582,2.61,0.146
2025-10-23 01:01:00,PL02,LINE_B,A,PREMIUM,37.47,4,0.8696,0.25,0.15,334.25,250.68,213.08,2.53,49.32,16.42,19.48,85.22,2.874,2.934,0.38
2025-10-23 01:40:00,PL02,LINE_C,B,PREMIUM,25.14,2,0.8027,0.25,0.1066,229.87,172.4,154.02,4.03,51.45,16.49,22.29,90.23,4.554,4.617,0.43
2025-10-23 02:12:00,PL01,LINE_C,A,STANDARD,21.7,1,0.9694,0.1948,0.0321,160.82,129.49,125.33,1.55,61.46,23.05,14.73,99.23,2.32,2.346,0.05
2025-10-23 03:24:00,PL03,LINE_D,B,PREMIUM,44.46,1,0.8998,0.2014,0.0413,72.86,58.19,55.79,3.27,47.27,15.13,32.1,94.49,4.897,4.967,0.135
2025-10-23 03:49:00,PL02,LINE_C,A,PREMIUM,38.22,4,0.7853,0.1036,0.0592,295.9,265.23,249.54,2.59,52.79,14.76,21.76,89.31,2.931,2.953,0.154
2025-10-23 04:03:00,PL01,LINE_C,C,STANDARD,33.2,4,0.8301,0.1641,0.0145,360.0,300.92,296.55,1.93,58.96,20.59,34.82,114.37,2.308,2.314,0.028
2025-10-23 04:59:00,PL01,LINE_A,A,PREMIUM,51.95,1,0.98,0.1753,0.0898,67.91,56.0,50.97,3.26,58.04,15.99,21.27,95.3,4.957,5.125,0.292
2025-10-23 05:17:00,PL02,LINE_B,B,STANDARD,27.96,2,0.8816,0.1324,0.1,227.07,197.02,177.32,1.9,49.48,20.7,24.7,94.89,2.382,2.436,0.19
2025-10-23 05:39:00,PL01,LINE_B,B,PREMIUM,37.97,1,0.8733,0.197,0.1134,82.79,66.48,58.94,3.68,55.84,21.35,23.22,100.41,5.187,5.381,0.417
2025-10-23 06:18:00,PL01,LINE_B,B,STANDARD,23.23,2,0.8319,0.1747,0.15,257.81,212.77,180.85,2.41,55.38,12.05,15.06,82.48,2.793,2.861,0.361
2025-10-23 06:43:00,PL02,LINE_C,B,STANDARD,36.26,1,0.7884,0.096,0.0315,78.27,70.76,68.53,2.35,49.5,14.8,17.52,81.82,3.506,3.544,0.074
2025-10-23 06:44:00,PL01,LINE_A,A,STANDARD,37.99,2,0.8685,0.0644,0.15,164.6,153.99,130.89,1.88,55.12,20.06,18.95,94.13,2.495,2.603,0.283
2025-10-23 07:08:00,PL01,LINE_B,A,STANDARD,31.77,2,0.851,0.25,0.0625,192.88,144.66,135.62,1.75,55.27,16.03,19.04,90.35,2.372,2.414,0.109
2025-10-23 08:20:00,PL02,LINE_B,A,PREMIUM,47.89,1,0.8937,0.25,0.049,67.19,50.39,47.92,3.54,50.18,21.88,21.58,93.64,5.398,5.494,0.174
2025-10-23 08:37:00,PL01,LINE_D,B,STANDARD,35.79,2,0.942,0.1935,0.1373,189.49,152.82,131.84,2.28,56.97,25.12,33.27,115.37,3.031,3.151,0.312
2025-10-23 09:24:00,PL02,LINE_D,A,HEAVY,90.59,1,0.7484,0.25,0.1088,29.74,22.31,19.88,4.63,50.76,23.54,25.78,100.08,9.12,9.668,0.504
2025-10-23 09:58:00,PL02,LINE_B,B,STANDARD,29.0,2,0.8433,0.1984,0.15,209.36,167.83,142.66,1.92,52.48,25.4,26.36,104.24,2.541,2.65,0.288
2025-10-23 11:44:00,PL03,LINE_B,C,PREMIUM,57.26,1,0.8843,0.1572,0.15,55.6,46.86,39.83,3.81,48.98,23.58,14.57,87.12,5.672,6.0,0.572
2025-10-23 13:00:00,PL02,LINE_A,A,STANDARD,38.55,2,0.8718,0.25,0.0627,162.82,122.11,114.46,2.43,55.31,19.65,18.32,93.28,3.192,3.243,0.152
2025-10-23 13:25:00,PL02,LINE_B,C,PREMIUM,47.58,2,0.801,0.1348,0.1229,121.22,104.88,91.99,3.53,50.73,18.91,27.42,97.07,4.46,4.59,0.434
2025-10-23 13:56:00,PL01,LINE_C,C,PREMIUM,73.07,2,0.9144,0.1905,0.15,90.1,72.93,61.99,4.21,57.17,19.89,21.12,98.19,5.558,5.796,0.632
2025-10-23 14:28:00,PL01,LINE_A,C,STANDARD,24.94,4,0.9595,0.1248,0.0489,553.97,484.86,461.13,2.26,55.45,15.68,17.67,88.8,2.443,2.453,0.111
2025-10-23 14:30:00,PL03,LINE_B,B,HEAVY,123.27,1,0.941,0.0871,0.0134,27.48,25.09,24.75,5.74,44.31,19.71,23.05,87.06,9.214,9.261,0.077
2025-10-23 14:39:00,PL03,LINE_D,C,STANDARD,29.76,2,0.7881,0.25,0.15,190.68,143.01,121.56,2.09,50.29,19.57,18.92,88.78,2.715,2.824,0.314
2025-10-23 15:13:00,PL03,LINE_A,A,STANDARD,28.3,1,0.9255,0.0775,0.0256,117.72,108.6,105.81,2.41,46.47,17.29,15.34,79.1,3.134,3.154,0.062
2025-10-23 15:43:00,PL02,LINE_A,B,PREMIUM,46.64,2,0.9353,0.1098,0.0841,144.37,128.52,117.71,4.12,50.61,12.53,17.92,81.06,4.75,4.808,0.346
2025-10-23 15:58:00,PL01,LINE_B,C,PREMIUM,42.89,2,0.8408,0.1565,0.032,141.15,119.05,115.24,4.1,57.41,10.6,26.78,94.8,4.892,4.919,0.131
2025-10-23 16:11:00,PL01,LINE_B,A,STANDARD,22.69,4,0.8535,0.0548,0.1028,541.55,511.86,459.24,2.32,55.32,18.96,22.11,96.39,2.504,2.526,0.238
2025-10-23 16:23:00,PL02,LINE_B,C,STANDARD,29.77,1,0.8703,0.1614,0.1285,105.23,88.25,76.91,1.48,52.29,14.73,20.34,87.36,2.47,2.615,0.19
2025-10-23 16:36:00,PL01,LINE_A,A,PREMIUM,47.92,4,0.9318,0.1972,0.0932,280.02,224.81,203.86,3.27,57.77,11.18,21.9,90.85,3.673,3.714,0.305
2025-10-23 16:41:00,PL02,LINE_A,B,STANDARD,36.18,1,0.8529,0.25,0.078,84.86,63.65,58.68,1.9,51.06,18.06,21.45,90.58,3.323,3.443,0.148
2025-10-23 17:10:00,PL01,LINE_B,C,PREMIUM,64.38,2,0.9085,0.1549,0.1167,101.6,85.87,75.85,3.58,59.43,13.76,13.18,86.37,4.585,4.718,0.418
2025-10-23 18:06:00,PL01,LINE_C,B,STANDARD,28.15,2,0.9206,0.0694,0.0078,235.46,219.13,217.42,1.75,55.97,19.31,14.59,89.87,2.162,2.166,0.014
2025-10-23 18:17:00,PL03,LINE_B,B,STANDARD,28.0,1,0.8392,0.1468,0.1261,107.88,92.05,80.44,2.13,46.06,14.13,27.19,87.38,3.076,3.213,0.268
2025-10-23 18:29:00,PL02,LINE_A,C,PREMIUM,32.08,2,0.8159,0.2374,0.0482,183.14,139.66,132.93,3.19,54.21,15.32,29.87,99.41,3.899,3.935,0.154
2025-10-23 19:05:00,PL01,LINE_B,B,PREMIUM,47.32,1,0.8292,0.25,0.15,63.08,47.31,40.21,2.99,52.84,13.78,20.27,86.9,4.823,5.147,0.448
2025-10-23 19:53:00,PL01,LINE_B,B,PREMIUM,42.73,1,0.8432,0.113,0.15,71.04,63.02,53.56,3.07,54.93,17.83,14.69,87.46,4.454,4.699,0.46
2025-10-23 20:17:00,PL03,LINE_C,C,STANDARD,32.39,2,0.8202,0.142,0.1242,182.31,156.43,137.0,1.93,51.86,21.12,19.88,92.86,2.524,2.609,0.24
2025-10-23 21:01:00,PL01,LINE_D,C,STANDARD,37.84,1,0.7201,0.1137,0.1399,68.51,60.72,52.23,1.72,59.04,15.79,25.2,100.03,3.372,3.64,0.241
2025-10-23 21:26:00,PL02,LINE_B,A,STANDARD,27.74,1,0.7522,0.2186,0.1152,97.62,76.28,67.49,2.7,50.53,12.41,25.47,88.41,3.86,4.011,0.311
2025-10-23 21:36:00,PL01,LINE_A,B,PREMIUM,43.0,1,0.8764,0.0916,0.0155,73.37,66.66,65.62,3.58,56.05,25.41,20.98,102.45,5.115,5.14,0.056
2025-10-23 21:58:00,PL02,LINE_B,B,STANDARD,18.11,1,0.842,0.1276,0.1263,167.34,145.98,127.54,1.74,52.85,24.89,22.83,100.58,2.424,2.524,0.219
2025-10-23 22:10:00,PL02,LINE_B,C,HEAVY,50.02,2,0.8067,0.0511,0.15,116.11,110.17,93.65,6.04,51.97,23.07,28.92,103.96,6.987,7.154,0.907
2025-10-23 22:52:00,PL03,LINE_C,B,STANDARD,32.28,1,0.795,0.1083,0.0706,88.67,79.06,73.48,1.85,47.28,19.83,18.25,85.36,2.93,3.012,0.131
2025-10-24 00:25:00,PL03,LINE_A,B,STANDARD,29.22,1,0.7355,0.1001,0.15,90.6,81.54,69.31,2.52,44.21,14.28,15.77,74.26,3.433,3.594,0.378
2025-10-24 00:31:00,PL02,LINE_D,C,STANDARD,36.83,2,0.811,0.25,0.0651,158.54,118.9,111.16,1.87,53.03,18.6,16.95,88.58,2.618,2.67,0.122
2025-10-24 01:51:00,PL03,LINE_B,C,STANDARD,47.66,1,0.8425,0.25,0.0179,63.64,47.73,46.87,1.65,46.64,26.48,27.42,100.54,3.76,3.798,0.03
2025-10-24 02:04:00,PL01,LINE_B,A,PREMIUM,41.07,2,0.8427,0.1078,0.1485,147.73,131.8,112.23,2.27,54.95,14.13,19.71,88.79,2.944,3.062,0.337
2025-10-24 03:55:00,PL01,LINE_B,C,STANDARD,40.5,1,0.9202,0.25,0.0468,81.79,61.35,58.47,2.71,53.75,13.31,23.87,90.93,4.193,4.265,0.127
2025-10-24 04:08:00,PL01,LINE_A,C,PREMIUM,31.31,1,0.825,0.1924,0.0718,94.86,76.61,71.11,3.32,56.58,20.69,25.01,102.27,4.656,4.759,0.238
2025-10-24 04:13:00,PL02,LINE_A,B,HEAVY,38.16,1,0.8225,0.064,0.0521,77.59,72.62,68.84,4.77,52.9,20.55,20.33,93.77,6.066,6.137,0.249
2025-10-24 04:27:00,PL02,LINE_A,C,STANDARD,36.79,1,0.9168,0.0735,0.15,89.7,83.11,70.64,2.51,54.7,24.66,15.53,94.89,3.655,3.857,0.377
2025-10-24 05:08:00,PL01,LINE_C,C,HEAVY,59.28,2,0.9023,0.017,0.15,109.6,107.74,91.58,5.13,55.23,24.87,15.77,95.87,6.017,6.174,0.769
2025-10-24 05:59:00,PL01,LINE_B,C,PREMIUM,31.98,1,0.9639,0.0426,0.1046,108.49,103.87,93.0,3.6,57.56,20.99,28.46,107.0,4.627,4.747,0.376
2025-10-24 06:03:00,PL02,LINE_A,A,PREMIUM,49.74,2,0.9045,0.0957,0.1168,130.92,118.39,104.56,3.49,48.28,17.99,24.16,90.43,4.25,4.351,0.407
2025-10-24 06:20:00,PL02,LINE_B,C,PREMIUM,56.82,2,0.8964,0.1515,0.0556,113.59,96.38,91.02,3.35,53.81,22.15,27.5,103.45,4.427,4.49,0.187
2025-10-24 06:38:00,PL03,LINE_C,C,STANDARD,56.57,2,0.8288,0.1726,0.0795,105.48,87.27,80.33,2.01,49.27,14.75,25.0,89.02,3.032,3.12,0.16
2025-10-24 07:00:00,PL03,LINE_B,A,PREMIUM,38.78,1,0.8724,0.2045,0.0466,80.99,64.42,61.42,4.49,51.15,14.55,18.2,83.9,5.788,5.852,0.209
2025-10-24 07:15:00,PL01,LINE_C,C,STANDARD,32.14,1,0.7669,0.1803,0.15,85.91,70.42,59.86,2.49,60.97,24.22,27.98,113.16,4.095,4.378,0.373
2025-10-24 07:36:00,PL02,LINE_A,B,STANDARD,35.91,1,0.8669,0.0258,0.1323,86.92,84.68,73.47,2.11,51.71,23.09,24.0,98.8,3.275,3.453,0.279
2025-10-24 07:47:00,PL02,LINE_D,B,STANDARD,39.94,1,0.781,0.0861,0.0378,70.39,64.33,61.9,2.84,49.45,23.21,25.23,97.88,4.358,4.418,0.107
2025-10-24 08:08:00,PL02,LINE_C,B,HEAVY,45.03,1,0.7663,0.1326,0.0881,61.27,53.14,48.46,4.59,51.23,21.01,16.15,88.39,6.254,6.415,0.405
2025-10-24 08:16:00,PL01,LINE_B,B,PREMIUM,43.08,1,0.8133,0.0644,0.0948,67.96,63.58,57.55,3.61,57.63,18.34,27.49,103.47,5.237,5.408,0.342
2025-10-24 08:22:00,PL01,LINE_D,C,PREMIUM,55.65,1,0.7845,0.1024,0.1091,50.75,45.55,40.58,3.09,59.94,18.04,21.81,99.8,5.278,5.546,0.337
2025-10-24 08:42:00,PL01,LINE_C,A,STANDARD,30.45,2,0.8603,0.0875,0.15,203.4,185.6,157.76,1.58,55.95,13.59,28.17,97.71,2.108,2.201,0.237
2025-10-24 09:07:00,PL02,LINE_A,A,HEAVY,52.45,1,0.8834,0.0849,0.1199,60.63,55.49,48.83,5.81,51.8,23.24,20.91,95.95,7.543,7.779,0.697
2025-10-24 09:20:00,PL01,LINE_A,A,STANDARD,35.17,1,0.9115,0.2313,0.071,93.3,71.71,66.62,1.73,56.36,20.47,26.93,103.77,3.177,3.288,0.123
2025-10-24 10:07:00,PL02,LINE_B,C,STANDARD,36.29,2,0.9268,0.0812,0.1159,183.87,168.93,149.35,2.18,56.8,17.58,18.81,93.19,2.734,2.807,0.253
2025-10-24 10:17:00,PL03,LINE_A,C,STANDARD,47.27,1,0.853,0.0865,0.15,64.97,59.35,50.45,2.37,47.24,15.18,22.65,85.07,3.802,4.055,0.355
2025-10-24 11:27:00,PL02,LINE_C,A,STANDARD,34.41,1,0.8721,0.25,0.1072,91.24,68.43,61.09,1.98,50.75,20.71,22.89,94.35,3.363,3.528,0.213
2025-10-24 13:06:00,PL02,LINE_A,A,STANDARD,40.03,2,0.7436,0.0893,0.0776,133.76,121.82,112.36,2.29,50.68,14.97,25.31,90.96,3.035,3.098,0.178
2025-10-24 13:21:00,PL02,LINE_B,A,HEAVY,55.41,1,0.862,0.0568,0.0401,56.0,52.83,50.71,4.25,49.24,22.99,13.9,86.14,5.882,5.95,0.17
2025-10-24 13:59:00,PL02,LINE_A,A,PREMIUM,50.82,4,0.9461,0.2213,0.15,268.09,208.75,177.44,3.2,51.44,25.2,29.96,106.6,3.709,3.799,0.48
2025-10-24 15:10:00,PL01,LINE_A,B,PREMIUM,50.18,2,0.8281,0.1271,0.0382,118.84,103.73,99.77,3.44,58.66,16.5,23.81,98.97,4.393,4.431,0.131
2025-10-24 18:19:00,PL03,LINE_D,B,PREMIUM,32.09,4,0.7434,0.1346,0.0486,333.63,288.72,274.7,3.39,46.79,16.18,15.79,78.76,3.663,3.677,0.165
2025-10-24 20:06:00,PL01,LINE_C,A,HEAVY,57.07,1,0.7947,0.1325,0.0716,50.13,43.49,40.37,5.05,58.85,13.0,20.23,92.07,7.168,7.331,0.362
2025-10-24 21:24:00,PL01,LINE_A,A,PREMIUM,48.69,1,0.8953,0.1573,0.1287,66.2,55.79,48.61,3.87,55.07,20.66,25.9,101.64,5.691,5.96,0.498
2025-10-24 21:31:00,PL01,LINE_C,B,STANDARD,59.3,2,0.9467,0.2096,0.0449,114.93,90.84,86.76,2.54,52.87,19.58,15.79,88.24,3.515,3.56,0.114
2025-10-24 21:46:00,PL02,LINE_A,C,PREMIUM,32.3,2,0.8477,0.2074,0.0375,188.98,149.79,144.17,3.35,53.36,12.7,21.41,87.47,3.932,3.955,0.125
2025-10-24 22:19:00,PL02,LINE_B,B,STANDARD,37.52,1,0.9138,0.0704,0.0751,87.67,81.51,75.38,2.05,51.87,11.72,30.16,93.75,3.197,3.291,0.154
2025-10-24 22:58:00,PL02,LINE_B,A,STANDARD,24.46,1,0.8558,0.25,0.1273,125.93,94.45,82.43,2.11,50.15,12.49,21.38,84.02,2.996,3.126,0.268
2025-10-24 23:08:00,PL03,LINE_D,B,HEAVY,38.3,2,0.824,0.2476,0.15,154.88,116.53,99.05,5.37,48.57,23.21,18.53,90.31,6.149,6.285,0.806
2025-10-25 00:17:00,PL01,LINE_A,A,STANDARD,37.95,2,0.9179,0.25,0.029,174.15,130.61,126.82,1.6,51.12,17.56,21.77,90.46,2.291,2.312,0.046
2025-10-25 01:41:00,PL01,LINE_B,C,STANDARD,38.02,2,0.98,0.1345,0.15,185.58,160.63,136.53,2.6,56.97,19.69,22.15,98.81,3.219,3.327,0.391
2025-10-25 01:52:00,PL03,LINE_A,C,PREMIUM,39.5,2,0.9494,0.1825,0.1483,173.04,141.47,120.49,3.36,51.92,13.55,19.72,85.18,3.959,4.064,0.498
2025-10-25 02:25:00,PL02,LINE_B,C,STANDARD,44.11,1,0.883,0.1237,0.0552,72.07,63.16,59.67,3.08,54.13,19.97,23.44,97.54,4.625,4.715,0.17
2025-10-25 02:47:00,PL01,LINE_C,A,STANDARD,26.24,1,0.935,0.1706,0.0349,128.27,106.38,102.66,2.85,57.64,13.93,16.8,88.37,3.685,3.715,0.1
2025-10-25 03:00:00,PL01,LINE_A,A,STANDARD,53.62,1,0.7508,0.0441,0.0515,50.41,48.19,45.71,2.17,55.22,10.4,28.64,94.25,4.13,4.236,0.112
2025-10-25 03:06:00,PL01,LINE_C,B,STANDARD,49.41,2,0.6972,0.106,0.15,101.59,90.82,77.2,2.69,55.79,16.15,21.32,93.26,3.713,3.894,0.403
2025-10-25 03:13:00,PL01,LINE_B,C,STANDARD,45.98,1,0.8796,0.1378,0.1061,68.87,59.38,53.08,2.24,57.3,18.77,21.52,97.59,3.879,4.074,0.237
2025-10-25 03:17:00,PL01,LINE_A,C,STANDARD,49.3,1,0.8383,0.1975,0.15,61.21,49.13,41.76,2.31,57.33,13.37,35.54,106.24,4.473,4.854,0.347
2025-10-25 03:59:00,PL02,LINE_B,C,STANDARD,25.47,2,0.9012,0.0703,0.0255,254.75,236.83,230.78,1.99,50.65,13.78,20.97,85.41,2.347,2.356,0.051
2025-10-25 04:21:00,PL02,LINE_C,A,HEAVY,70.2,1,0.906,0.2113,0.15,46.46,36.64,31.15,6.66,45.52,17.56,27.86,90.94,9.137,9.575,0.998
2025-10-25 04:24:00,PL02,LINE_A,A,STANDARD,36.79,1,0.87,0.0269,0.0071,85.13,82.85,82.26,1.73,48.73,15.36,22.8,86.89,2.783,2.79,0.012
2025-10-25 04:35:00,PL01,LINE_C,C,STANDARD,44.06,4,0.9043,0.1852,0.15,295.58,240.82,204.7,2.24,60.94,20.02,28.55,109.51,2.698,2.778,0.336
2025-10-25 05:28:00,PL01,LINE_A,C,PREMIUM,35.09,1,0.8331,0.1555,0.041,85.46,72.17,69.21,3.8,59.42,21.03,29.12,109.57,5.321,5.386,0.156
2025-10-25 06:11:00,PL02,LINE_B,A,HEAVY,72.08,1,0.6984,0.0984,0.0304,34.88,31.45,30.49,5.79,47.07,22.46,18.03,87.56,8.576,8.663,0.176
2025-10-25 06:16:00,PL02,LINE_C,A,PREMIUM,29.29,2,0.9142,0.0924,0.15,224.74,203.96,173.37,2.95,50.17,22.57,20.2,92.95,3.405,3.485,0.442
2025-10-25 08:47:00,PL01,LINE_C,C,STANDARD,59.05,1,0.8993,0.0735,0.0909,54.82,50.79,46.18,2.11,56.43,19.15,26.76,102.34,4.121,4.323,0.191
2025-10-25 09:50:00,PL03,LINE_B,C,STANDARD,40.43,2,0.8306,0.25,0.15,147.91,110.93,94.29,2.03,53.8,29.76,10.16,93.71,2.874,3.023,0.304
2025-10-25 11:54:00,PL02,LINE_A,A,PREMIUM,40.85,1,0.8261,0.1639,0.1169,72.81,60.88,53.76,3.55,49.04,20.48,33.24,102.76,5.236,5.459,0.415
2025-10-25 12:15:00,PL01,LINE_A,C,STANDARD,39.44,1,0.903,0.25,0.0418,82.41,61.81,59.23,2.97,59.52,17.03,22.22,98.78,4.563,4.633,0.124
2025-10-25 12:16:00,PL01,LINE_B,C,STANDARD,36.18,1,0.9595,0.25,0.113,95.47,71.6,63.51,2.57,58.38,14.48,26.93,99.79,3.967,4.144,0.291
2025-10-25 12:29:00,PL03,LINE_D,C,STANDARD,27.24,1,0.761,0.2226,0.0501,100.59,78.2,74.28,2.3,50.67,20.0,24.67,95.34,3.523,3.588,0.115
2025-10-25 14:16:00,PL01,LINE_B,C,STANDARD,26.64,1,0.9117,0.2256,0.0292,123.19,95.4,92.62,1.85,60.03,12.7,29.35,102.07,2.924,2.956,0.054
2025-10-25 15:29:00,PL01,LINE_B,B,PREMIUM,44.39,1,0.7879,0.0914,0.0261,63.9,58.06,56.54,3.92,56.59,22.97,22.87,102.43,5.688,5.735,0.102
2025-10-25 15:36:00,PL01,LINE_C,C,PREMIUM,65.72,4,0.98,0.107,0.0677,214.72,191.75,178.78,3.22,60.32,19.3,19.16,98.78,3.733,3.77,0.218
2025-10-25 15:59:00,PL02,LINE_C,B,STANDARD,47.58,1,0.8506,0.25,0.15,64.35,48.26,41.02,2.82,47.85,17.69,17.12,82.66,4.529,4.831,0.422
2025-10-25 16:04:00,PL02,LINE_D,A,STANDARD,39.83,1,0.8395,0.1727,0.15,75.88,62.78,53.36,2.3,49.09,20.05,23.54,92.68,3.779,4.04,0.345
2025-10-25 16:13:00,PL02,LINE_B,A,PREMIUM,33.63,2,0.892,0.1104,0.0678,190.94,169.87,158.36,4.21,51.26,23.58,22.78,97.62,4.784,4.826,0.285
2025-10-25 16:35:00,PL02,LINE_C,B,PREMIUM,67.83,1,0.9142,0.2269,0.0418,48.52,37.51,35.94,2.79,56.28,12.59,31.62,100.49,5.467,5.584,0.117
2025-10-25 16:46:00,PL01,LINE_B,A,STANDARD,27.38,2,0.9542,0.0662,0.0322,250.94,234.34,226.79,2.04,54.84,16.46,23.55,94.85,2.443,2.457,0.066
2025-10-25 17:36:00,PL02,LINE_B,A,PREMIUM,34.11,1,0.7925,0.0461,0.099,83.65,79.8,71.89,3.73,49.45,19.2,16.94,85.58,4.804,4.922,0.37
2025-10-25 17:50:00,PL03,LINE_A,A,STANDARD,23.04,1,0.7491,0.25,0.15,117.02,87.76,74.6,2.32,44.89,12.88,13.52,71.3,3.134,3.277,0.348
2025-10-25 18:17:00,PL01,LINE_B,B,HEAVY,41.98,1,0.8912,0.1617,0.0313,76.43,64.07,62.07,4.66,55.95,19.63,23.81,99.39,6.211,6.261,0.146
2025-10-25 18:37:00,PL02,LINE_C,B,PREMIUM,47.18,2,0.942,0.0976,0.15,143.76,129.72,110.26,3.16,50.82,17.31,22.29,90.43,3.853,3.976,0.473
2025-10-25 18:45:00,PL02,LINE_A,A,STANDARD,30.38,1,0.9409,0.0249,0.15,111.49,108.71,92.4,2.51,50.19,13.74,17.8,81.72,3.265,3.398,0.377
2025-10-25 18:51:00,PL02,LINE_B,B,STANDARD,32.45,2,0.9179,0.25,0.0434,203.67,152.75,146.12,2.43,53.05,14.41,23.92,91.37,3.025,3.052,0.105
2025-10-25 20:02:00,PL02,LINE_B,A,PREMIUM,59.89,2,0.7473,0.25,0.1065,89.84,67.38,60.2,2.93,50.33,16.64,23.16,90.12,4.269,4.429,0.312
2025-10-25 20:04:00,PL01,LINE_C,C,HEAVY,74.92,2,0.8626,0.0921,0.15,82.9,75.26,63.98,5.06,59.56,22.7,26.79,109.05,6.51,6.765,0.759
2025-10-25 20:19:00,PL03,LINE_A,C,STANDARD,29.77,2,0.9612,0.1121,0.1077,232.45,206.39,184.17,2.25,53.24,19.95,14.43,87.62,2.677,2.729,0.243
2025-10-25 20:57:00,PL01,LINE_B,B,STANDARD,35.67,2,0.7958,0.0697,0.0807,160.62,149.42,137.36,1.86,56.21,18.52,19.73,94.46,2.489,2.544,0.15
2025-10-25 21:19:00,PL02,LINE_B,A,STANDARD,29.74,1,0.8015,0.25,0.1244,97.01,72.76,63.71,2.27,45.56,21.65,19.54,86.75,3.462,3.631,0.282
2025-10-25 21:23:00,PL01,LINE_B,C,STANDARD,27.4,2,0.8691,0.1798,0.1208,228.37,187.31,164.69,2.3,57.83,10.75,21.89,90.47,2.782,2.848,0.278
2025-10-25 21:30:00,PL01,LINE_A,B,STANDARD,50.04,2,0.8578,0.1818,0.1004,123.44,100.99,90.85,2.46,58.12,15.01,16.14,89.26,3.348,3.447,0.248
2025-10-25 22:04:00,PL02,LINE_B,B,HEAVY,65.55,1,0.7941,0.0377,0.044,43.62,41.97,40.13,5.16,52.85,16.81,23.0,92.67,7.366,7.468,0.227
2025-10-25 22:23:00,PL02,LINE_D,B,STANDARD,24.67,1,0.8682,0.1311,0.0876,126.69,110.09,100.44,2.16,52.88,14.94,21.77,89.59,2.977,3.055,0.19
2025-10-25 23:32:00,PL02,LINE_D,C,HEAVY,47.12,2,0.8408,0.1243,0.0469,128.46,112.49,107.21,4.91,53.1,15.36,12.43,80.89,5.634,5.669,0.231
2025-10-25 23:43:00,PL02,LINE_C,A,STANDARD,27.43,1,0.8662,0.1779,0.15,113.67,93.44,79.43,2.73,49.01,24.56,25.12,98.7,3.784,3.97,0.409
2025-10-26 00:21:00,PL02,LINE_C,C,STANDARD,37.3,2,0.8076,0.131,0.1018,155.89,135.47,121.67,1.99,54.54,22.33,9.77,86.64,2.633,2.706,0.203
2025-10-26 01:48:00,PL01,LINE_C,C,HEAVY,42.52,1,0.7604,0.1197,0.1202,64.38,56.67,49.86,5.05,60.11,25.04,22.22,107.38,6.949,7.208,0.608
2025-10-26 02:48:00,PL01,LINE_A,C,PREMIUM,38.49,1,0.7299,0.0927,0.15,68.27,61.94,52.65,2.77,54.42,22.92,28.49,105.83,4.482,4.783,0.416
2025-10-26 03:20:00,PL01,LINE_B,A,HEAVY,43.94,1,0.8807,0.017,0.1157,72.16,70.93,62.73,4.65,56.64,22.7,10.93,90.26,5.918,6.085,0.537
2025-10-26 03:55:00,PL01,LINE_B,B,HEAVY,60.47,2,0.8463,0.1277,0.0374,100.76,87.89,84.61,5.34,54.43,26.24,20.85,101.52,6.496,6.541,0.2
2025-10-26 04:05:00,PL02,LINE_C,B,STANDARD,28.89,1,0.8617,0.25,0.0921,107.36,80.52,73.11,2.72,52.15,22.43,14.47,89.05,3.824,3.936,0.25
2025-10-26 04:56:00,PL02,LINE_D,C,PREMIUM,50.65,1,0.807,0.1711,0.0813,57.36,47.55,43.68,3.43,52.86,17.7,13.82,84.39,5.21,5.367,0.279
2025-10-26 04:59:00,PL03,LINE_C,C,PREMIUM,52.13,2,0.8514,0.25,0.1138,117.61,88.2,78.17,2.65,50.51,13.06,23.14,86.71,3.635,3.761,0.302
2025-10-26 06:05:00,PL01,LINE_C,C,PREMIUM,59.24,1,0.9142,0.25,0.0836,55.55,41.67,38.18,2.93,54.95,23.98,29.17,108.11,5.524,5.76,0.245
2025-10-26 07:34:00,PL02,LINE_B,A,STANDARD,43.1,2,0.9085,0.0091,0.067,151.77,150.4,140.32,2.29,50.65,12.22,17.89,80.76,2.829,2.867,0.154
2025-10-26 07:40:00,PL02,LINE_D,A,HEAVY,66.12,1,0.7882,0.178,0.15,42.91,35.28,29.98,4.98,45.89,13.54,17.62,77.05,7.164,7.549,0.747
2025-10-26 08:36:00,PL01,LINE_C,B,STANDARD,33.6,1,0.7497,0.1693,0.096,80.32,66.72,60.31,2.26,59.18,15.66,17.61,92.45,3.651,3.798,0.217
2025-10-26 10:00:00,PL01,LINE_B,C,STANDARD,30.42,2,0.8547,0.1362,0.0455,202.33,174.77,166.81,1.93,60.08,16.38,23.5,99.96,2.502,2.529,0.088
2025-10-26 10:13:00,PL02,LINE_A,A,PREMIUM,31.05,2,0.8475,0.0558,0.0767,196.49,185.53,171.29,3.95,49.74,21.13,31.27,102.14,4.499,4.544,0.303
2025-10-26 10:20:00,PL01,LINE_C,B,STANDARD,42.47,1,0.7924,0.0899,0.0743,67.18,61.13,56.59,2.11,56.53,17.61,19.39,93.52,3.641,3.764,0.157
2025-10-26 14:07:00,PL01,LINE_D,A,STANDARD,37.89,4,0.7967,0.1661,0.1223,302.76,252.45,221.58,1.92,55.61,19.19,21.58,96.39,2.307,2.36,0.235
2025-10-26 15:29:00,PL01,LINE_D,A,HEAVY,38.93,2,0.8441,0.25,0.0821,156.13,117.1,107.49,5.49,50.63,25.58,25.75,101.96,6.356,6.434,0.45
2025-10-26 16:05:00,PL01,LINE_D,A,PREMIUM,72.91,4,0.875,0.1154,0.0707,172.83,152.89,142.08,3.17,54.1,16.82,18.04,88.97,3.748,3.792,0.224
2025-10-26 16:06:00,PL03,LINE_A,B,STANDARD,23.58,1,0.8674,0.1705,0.0582,132.44,109.86,103.47,2.47,47.3,14.9,19.02,81.23,3.204,3.25,0.143
2025-10-26 16:22:00,PL01,LINE_B,C,STANDARD,39.29,2,0.8579,0.25,0.018,157.22,117.91,115.79,2.32,58.23,17.13,28.78,104.13,3.201,3.217,0.042
2025-10-26 16:26:00,PL01,LINE_C,A,PREMIUM,34.79,1,0.8194,0.1857,0.1408,84.8,69.05,59.33,3.4,50.87,20.77,25.0,96.63,4.802,5.031,0.479
2025-10-26 17:26:00,PL02,LINE_B,C,STANDARD,31.23,4,0.8018,0.0529,0.0224,369.69,350.15,342.29,1.41,55.18,27.48,24.18,106.83,1.712,1.719,0.032
2025-10-26 17:33:00,PL02,LINE_C,C,PREMIUM,33.39,1,0.761,0.121,0.0712,82.06,72.13,66.99,3.74,52.26,26.15,28.52,106.94,5.227,5.341,0.267
2025-10-26 17:43:00,PL03,LINE_A,C,HEAVY,54.63,2,0.9203,0.1376,0.146,121.29,104.6,89.33,5.04,46.89,22.17,24.79,93.86,5.939,6.092,0.736
2025-10-26 17:49:00,PL01,LINE_C,C,PREMIUM,32.36,2,0.7776,0.0773,0.0384,173.0,159.64,153.51,3.36,60.49,23.24,26.34,110.07,4.05,4.078,0.129
2025-10-26 18:58:00,PL01,LINE_C,B,STANDARD,42.39,1,0.7102,0.0842,0.0174,60.32,55.24,54.27,2.8,57.03,12.91,27.71,97.65,4.572,4.604,0.049
2025-10-26 19:04:00,PL01,LINE_B,A,STANDARD,27.51,1,0.8734,0.25,0.145,114.29,85.72,73.29,2.45,57.35,15.14,25.05,97.54,3.584,3.777,0.355
2025-10-26 21:01:00,PL03,LINE_C,A,STANDARD,21.93,1,0.8526,0.1093,0.0349,139.97,124.67,120.32,2.21,49.97,16.75,21.01,87.73,2.91,2.935,0.077
2025-10-26 23:38:00,PL01,LINE_A,C,STANDARD,36.9,2,0.9167,0.25,0.0411,178.89,134.17,128.65,1.6,57.38,24.53,22.09,104.0,2.375,2.408,0.066
2025-10-27 00:39:00,PL02,LINE_A,C,STANDARD,28.8,1,0.98,0.1969,0.0379,122.52,98.39,94.66,1.92,54.46,19.57,23.75,97.78,2.914,2.953,0.073
2025-10-27 01:05:00,PL01,LINE_B,A,STANDARD,49.03,1,0.8813,0.216,0.15,64.71,50.74,43.12,1.78,53.95,17.04,16.57,87.56,3.51,3.814,0.268
2025-10-27 01:09:00,PL03,LINE_A,A,STANDARD,24.25,1,0.98,0.2273,0.0009,145.47,112.41,112.3,1.72,48.3,15.56,25.99,89.84,2.522,2.522,0.002
2025-10-27 01:55:00,PL02,LINE_C,C,STANDARD,35.67,1,0.9058,0.1788,0.0219,91.41,75.06,73.42,1.83,54.43,24.92,17.78,97.13,3.124,3.153,0.04
2025-10-27 01:59:00,PL01,LINE_A,A,PREMIUM,45.05,2,0.8426,0.1686,0.1112,134.67,111.97,99.52,4.35,50.72,13.42,21.84,85.99,5.12,5.216,0.484
2025-10-27 02:06:00,PL01,LINE_A,A,STANDARD,35.85,1,0.8737,0.0511,0.1098,87.74,83.26,74.12,2.86,55.03,22.01,23.38,100.42,4.065,4.214,0.314
2025-10-27 02:47:00,PL02,LINE_D,B,STANDARD,34.0,1,0.8051,0.25,0.0788,85.25,63.94,58.9,2.15,49.84,14.8,20.67,85.31,3.482,3.596,0.169
2025-10-27 02:58:00,PL03,LINE_C,B,STANDARD,44.15,2,0.8881,0.0832,0.0335,144.83,132.78,128.34,2.21,51.65,17.52,21.91,91.08,2.896,2.92,0.074
2025-10-27 03:43:00,PL03,LINE_A,A,PREMIUM,36.17,1,0.7672,0.0653,0.0774,76.36,71.37,65.84,3.81,47.61,26.39,15.08,89.08,5.06,5.165,0.295
2025-10-27 04:04:00,PL01,LINE_B,C,STANDARD,39.61,1,0.7841,0.25,0.15,71.27,53.45,45.43,2.31,56.48,24.58,17.96,99.02,4.167,4.493,0.347
2025-10-27 04:58:00,PL01,LINE_C,B,PREMIUM,48.8,2,0.8281,0.0493,0.0548,122.18,116.16,109.79,4.02,60.07,15.49,12.74,88.3,4.781,4.825,0.22
2025-10-27 05:53:00,PL01,LINE_B,A,HEAVY,61.42,2,0.9334,0.1658,0.0651,109.42,91.28,85.34,5.56,55.37,19.6,22.76,97.73,6.631,6.706,0.362
2025-10-27 06:13:00,PL02,LINE_A,B,STANDARD,51.31,1,0.8564,0.1533,0.1291,60.09,50.88,44.31,1.69,52.91,9.06,37.91,99.88,3.656,3.947,0.218
2025-10-27 07:04:00,PL01,LINE_B,C,STANDARD,44.78,1,0.8154,0.1362,0.0865,65.55,56.63,51.73,2.3,57.46,22.5,19.95,99.9,4.064,4.231,0.199
2025-10-27 07:16:00,PL01,LINE_B,B,PREMIUM,44.97,1,0.8789,0.1442,0.1224,70.35,60.21,52.84,3.3,53.81,16.92,17.84,88.57,4.776,4.981,0.404
2025-10-27 08:08:00,PL03,LINE_A,B,STANDARD,40.46,1,0.9567,0.25,0.0075,85.12,63.84,63.36,2.24,46.17,16.23,25.04,87.44,3.609,3.62,0.017
2025-10-27 08:19:00,PL02,LINE_C,A,STANDARD,44.44,2,0.8559,0.0899,0.1307,138.68,126.21,109.72,2.37,47.01,20.61,22.24,89.87,3.083,3.19,0.31
2025-10-27 09:15:00,PL02,LINE_A,C,STANDARD,40.9,2,0.9214,0.1388,0.15,162.21,139.7,118.75,1.9,55.36,25.16,28.09,108.62,2.673,2.81,0.284
2025-10-27 09:37:00,PL01,LINE_D,A,HEAVY,85.52,1,0.8512,0.2073,0.15,35.83,28.4,24.14,5.16,56.0,19.15,25.34,100.49,8.693,9.318,0.773
2025-10-27 09:39:00,PL02,LINE_B,C,STANDARD,29.94,2,0.8175,0.082,0.1336,196.61,180.48,156.37,1.56,53.54,14.0,18.74,86.28,2.043,2.116,0.209
2025-10-27 09:42:00,PL01,LINE_C,C,PREMIUM,33.78,1,0.8622,0.1202,0.1466,91.87,80.83,68.98,2.5,60.56,16.61,24.94,102.11,3.761,3.978,0.366
2025-10-27 09:43:00,PL02,LINE_B,B,STANDARD,47.29,2,0.8502,0.25,0.1188,129.44,97.08,85.55,2.56,50.04,18.72,19.53,88.28,3.472,3.594,0.304
2025-10-27 10:06:00,PL02,LINE_B,B,STANDARD,38.41,1,0.9226,0.0379,0.15,86.46,83.19,70.71,2.62,55.22,16.32,14.95,86.48,3.655,3.839,0.392
2025-10-27 10:35:00,PL01,LINE_A,A,PREMIUM,39.76,4,0.8946,0.1232,0.0304,324.03,284.13,275.5,2.78,54.34,22.24,21.79,98.37,3.122,3.133,0.084
2025-10-27 10:45:00,PL01,LINE_A,A,STANDARD,43.93,4,0.9151,0.25,0.0398,299.93,224.95,216.0,1.75,55.57,10.31,20.16,86.04,2.131,2.147,0.07
2025-10-27 10:53:00,PL01,LINE_D,A,STANDARD,59.48,1,0.7946,0.25,0.0758,48.09,36.07,33.33,2.43,54.69,17.99,15.77,88.45,4.882,5.083,0.184
2025-10-27 11:37:00,PL03,LINE_A,B,PREMIUM,44.96,1,0.8277,0.1283,0.15,66.27,57.77,49.11,3.81,49.73,23.02,13.86,86.61,5.305,5.57,0.571
2025-10-27 11:44:00,PL03,LINE_A,A,PREMIUM,32.02,1,0.8347,0.25,0.0564,93.84,70.38,66.41,2.98,47.64,20.51,16.04,84.18,4.172,4.243,0.168
2025-10-27 12:45:00,PL02,LINE_D,B,HEAVY,64.07,2,0.7724,0.198,0.1012,86.8,69.61,62.56,4.83,52.82,27.06,20.18,100.07,6.268,6.43,0.489
2025-10-27 14:40:00,PL01,LINE_B,B,STANDARD,29.57,1,0.783,0.25,0.0654,95.32,71.49,66.81,2.61,55.89,18.69,21.23,95.81,3.948,4.042,0.171
2025-10-27 14:59:00,PL02,LINE_A,B,PREMIUM,45.72,2,0.9126,0.1566,0.0636,143.71,121.21,113.5,3.19,53.16,24.43,12.93,90.52,3.933,3.983,0.203
2025-10-27 15:03:00,PL02,LINE_C,B,STANDARD,32.12,2,0.8701,0.0748,0.0469,195.06,180.48,172.01,2.24,51.72,17.22,20.32,89.25,2.735,2.76,0.105
2025-10-27 15:20:00,PL01,LINE_D,C,PREMIUM,72.53,1,0.7995,0.2022,0.15,39.69,31.66,26.91,2.9,59.66,21.5,16.06,97.22,5.975,6.517,0.436
2025-10-27 16:31:00,PL02,LINE_A,C,STANDARD,30.6,1,0.887,0.0732,0.0943,104.35,96.71,87.59,2.32,51.01,15.12,10.15,76.29,3.112,3.194,0.219
2025-10-27 17:23:00,PL03,LINE_A,C,HEAVY,92.94,2,0.8046,0.0334,0.0337,62.33,60.25,58.22,3.94,52.14,21.96,24.04,98.15,5.574,5.631,0.133
2025-10-27 18:17:00,PL02,LINE_C,C,PREMIUM,26.72,2,0.8526,0.1031,0.0659,229.73,206.05,192.47,2.35,53.49,17.75,18.84,90.08,2.789,2.82,0.155
2025-10-27 19:07:00,PL01,LINE_C,C,STANDARD,42.39,1,0.8103,0.0787,0.0974,68.81,63.39,57.22,2.16,57.0,17.77,24.05,98.83,3.722,3.89,0.211
2025-10-27 19:47:00,PL03,LINE_A,A,STANDARD,43.37,2,0.7001,0.1806,0.0402,116.21,95.23,91.4,1.92,42.57,11.69,21.32,75.58,2.718,2.752,0.077
2025-10-27 19:54:00,PL01,LINE_C,B,STANDARD,34.32,1,0.9022,0.25,0.0328,94.64,70.98,68.65,1.7,58.41,24.39,21.18,103.97,3.16,3.21,0.056
2025-10-27 19:57:00,PL01,LINE_D,C,STANDARD,40.71,2,0.8043,0.2053,0.0547,142.27,113.06,106.87,1.81,57.7,25.51,17.88,101.09,2.706,2.757,0.099
2025-10-27 20:21:00,PL01,LINE_B,B,STANDARD,28.65,4,0.9514,0.0486,0.0688,478.28,455.01,423.7,2.46,58.88,22.58,31.34,112.8,2.712,2.73,0.17
2025-10-27 20:40:00,PL02,LINE_C,B,STANDARD,41.79,2,0.8489,0.1534,0.1078,146.25,123.82,110.47,1.95,53.56,14.24,26.48,94.28,2.712,2.804,0.21
2025-10-27 20:52:00,PL01,LINE_D,B,PREMIUM,34.61,2,0.8439,0.1274,0.15,175.57,153.21,130.23,3.13,58.43,12.22,21.76,92.41,3.729,3.836,0.469
2025-10-27 21:39:00,PL02,LINE_D,B,PREMIUM,41.07,1,0.7447,0.1537,0.1034,65.28,55.24,49.53,2.97,52.35,12.72,18.1,83.17,4.479,4.652,0.307
2025-10-27 22:35:00,PL02,LINE_B,A,STANDARD,32.27,2,0.8899,0.0496,0.0512,198.53,188.69,179.03,2.22,50.92,17.95,23.04,91.91,2.709,2.735,0.114
2025-10-27 23:12:00,PL02,LINE_A,A,STANDARD,31.95,1,0.911,0.0687,0.0498,102.64,95.6,90.83,1.84,46.85,21.72,25.94,94.51,2.829,2.88,0.092
2025-10-27 23:52:00,PL02,LINE_B,C,STANDARD,31.82,2,0.8734,0.0626,0.1445,197.59,185.23,158.47,2.17,54.48,19.08,26.95,100.5,2.717,2.809,0.314
2025-10-27 23:58:00,PL02,LINE_A,C,PREMIUM,37.43,1,0.8865,0.2088,0.15,85.28,67.47,57.35,3.08,52.53,20.03,22.37,94.92,4.492,4.74,0.463
2025-10-28 00:00:00,PL01,LINE_A,C,PREMIUM,57.2,1,0.8598,0.25,0.0556,54.11,40.59,38.33,3.38,57.67,10.56,20.85,89.08,5.575,5.705,0.188
2025-10-28 00:12:00,PL01,LINE_A,B,STANDARD,33.85,1,0.9339,0.0487,0.1228,99.33,94.49,82.88,2.81,58.59,12.29,23.42,94.29,3.805,3.944,0.345
2025-10-28 00:14:00,PL02,LINE_B,B,STANDARD,41.36,2,0.8418,0.25,0.0735,146.56,109.92,101.84,2.3,51.12,22.51,23.06,96.69,3.181,3.25,0.169
2025-10-28 01:50:00,PL03,LINE_C,B,STANDARD,36.63,1,0.9085,0.1141,0.1061,89.28,79.1,70.7,2.84,47.61,16.58,28.29,92.48,4.01,4.149,0.301
2025-10-28 01:55:00,PL02,LINE_B,B,STANDARD,36.1,2,0.8204,0.2083,0.15,163.61,129.54,110.11,2.09,53.3,23.51,23.55,100.36,2.868,3.005,0.314
2025-10-28 02:09:00,PL01,LINE_A,A,PREMIUM,52.14,2,0.9369,0.0862,0.1091,129.38,118.23,105.32,4.17,57.15,18.05,16.03,91.22,4.94,5.034,0.455
2025-10-28 04:13:00,PL01,LINE_C,A,STANDARD,39.55,2,0.8182,0.25,0.15,148.94,111.71,94.95,2.25,53.75,15.1,22.5,91.35,3.07,3.214,0.338
2025-10-28 06:53:00,PL01,LINE_B,A,STANDARD,42.13,2,0.8503,0.0694,0.15,145.3,135.21,114.93,2.32,53.71,15.49,14.92,84.12,2.937,3.047,0.347
2025-10-28 07:05:00,PL02,LINE_C,C,PREMIUM,33.5,2,0.784,0.0554,0.15,168.51,159.18,135.3,3.08,51.66,24.24,11.36,87.25,3.631,3.728,0.462
2025-10-28 07:12:00,PL01,LINE_A,B,STANDARD,43.42,1,0.8569,0.25,0.15,71.04,53.28,45.29,3.05,55.35,20.85,21.54,97.74,4.881,5.204,0.457
2025-10-28 09:32:00,PL01,LINE_A,C,STANDARD,36.16,2,0.8394,0.0403,0.1448,167.12,160.38,137.16,2.5,57.62,18.21,17.43,93.25,3.082,3.18,0.362
2025-10-28 09:32:00,PL02,LINE_A,A,HEAVY,40.26,1,0.9375,0.0818,0.1449,83.84,76.98,65.82,4.94,50.73,19.27,29.23,99.24,6.234,6.452,0.717
2025-10-28 11:24:00,PL01,LINE_B,B,PREMIUM,74.27,1,0.887,0.1535,0.15,42.99,36.39,30.93,3.32,56.69,12.61,17.15,86.45,5.693,6.112,0.498
2025-10-28 11:40:00,PL02,LINE_B,B,HEAVY,36.24,1,0.9353,0.018,0.0387,92.9,91.23,87.7,4.29,51.87,22.4,11.35,85.62,5.232,5.269,0.166
2025-10-28 12:38:00,PL02,LINE_A,C,STANDARD,22.94,1,0.8015,0.2017,0.0613,125.8,100.42,94.27,1.98,51.96,18.99,19.98,90.93,2.886,2.945,0.121
2025-10-28 13:10:00,PL01,LINE_D,A,STANDARD,34.53,2,0.7912,0.18,0.15,164.98,135.28,114.99,2.22,55.86,15.87,29.22,100.95,2.962,3.094,0.332
2025-10-28 13:17:00,PL03,LINE_A,A,STANDARD,31.26,1,0.858,0.1554,0.1151,98.8,83.45,73.84,2.11,49.15,16.68,20.07,85.9,3.141,3.275,0.243
2025-10-28 13:35:00,PL03,LINE_C,C,STANDARD,37.68,1,0.8601,0.1444,0.0752,82.18,70.32,65.03,1.74,49.97,18.93,23.19,92.09,3.046,3.152,0.131
2025-10-28 14:23:00,PL01,LINE_B,A,PREMIUM,56.47,1,0.8756,0.1075,0.0621,55.83,49.83,46.73,3.11,55.12,21.23,27.2,103.56,5.192,5.329,0.193
2025-10-28 14:55:00,PL03,LINE_B,C,STANDARD,45.52,2,0.9088,0.1725,0.15,143.77,118.97,101.12,1.77,45.84,16.76,26.29,88.89,2.521,2.653,0.266
2025-10-28 15:24:00,PL03,LINE_C,B,PREMIUM,66.03,1,0.9142,0.1649,0.1008,49.85,41.63,37.43,3.25,48.16,17.45,15.62,81.23,5.203,5.422,0.328
2025-10-28 17:22:00,PL02,LINE_A,C,PREMIUM,40.66,4,0.888,0.1615,0.15,314.53,263.72,224.16,3.51,53.29,17.11,29.31,99.71,3.891,3.958,0.527
2025-10-28 20:20:00,PL01,LINE_A,A,STANDARD,31.28,2,0.8165,0.1254,0.15,187.93,164.36,139.71,2.73,53.65,20.52,27.36,101.53,3.349,3.458,0.41
2025-10-28 20:46:00,PL01,LINE_A,A,PREMIUM,58.33,1,0.9101,0.25,0.15,56.17,42.13,35.81,3.04,54.48,16.84,15.59,86.91,5.102,5.466,0.456
2025-10-28 21:39:00,PL01,LINE_C,A,PREMIUM,49.58,1,0.8492,0.0226,0.0743,61.66,60.26,55.79,3.48,56.45,19.91,17.79,94.16,5.043,5.168,0.259
2025-10-28 21:48:00,PL01,LINE_A,B,STANDARD,21.32,1,0.847,0.1956,0.0595,143.01,115.03,108.19,1.78,56.79,19.34,28.11,104.24,2.689,2.746,0.106
2025-10-28 22:35:00,PL01,LINE_B,A,HEAVY,78.77,2,0.8599,0.25,0.0383,78.59,58.94,56.68,6.58,55.38,23.12,23.12,101.62,8.305,8.374,0.252
2025-10-28 23:26:00,PL03,LINE_A,B,STANDARD,34.39,2,0.8698,0.1131,0.0717,182.12,161.53,149.94,2.07,50.13,21.98,19.84,91.95,2.644,2.688,0.149
2025-10-28 23:54:00,PL01,LINE_A,C,STANDARD,23.67,1,0.8096,0.2238,0.04,123.15,95.6,91.77,1.87,58.89,18.72,18.45,96.07,2.874,2.916,0.075
2025-10-29 02:15:00,PL02,LINE_D,A,STANDARD,48.21,1,0.8073,0.1751,0.0526,60.28,49.72,47.11,1.94,47.9,18.04,17.81,83.75,3.629,3.723,0.102
2025-10-29 02:26:00,PL02,LINE_B,A,STANDARD,32.45,1,0.845,0.0862,0.15,93.75,85.66,72.81,1.8,52.39,24.05,23.04,99.48,2.966,3.17,0.271
2025-10-29 04:25:00,PL01,LINE_D,B,HEAVY,55.38,2,0.8423,0.1849,0.15,109.5,89.25,75.86,5.95,55.54,20.07,26.27,101.88,7.091,7.292,0.892
2025-10-29 04:57:00,PL01,LINE_D,C,HEAVY,54.45,1,0.7783,0.1189,0.0515,51.46,45.35,43.01,4.58,55.03,23.09,25.22,103.34,6.861,6.985,0.236
2025-10-29 07:17:00,PL03,LINE_B,C,HEAVY,70.79,1,0.9325,0.0699,0.0933,47.42,44.11,39.99,5.46,50.31,14.98,18.36,83.65,7.353,7.548,0.509
2025-10-29 07:29:00,PL02,LINE_B,B,STANDARD,49.32,2,0.8633,0.0996,0.1059,126.02,113.47,101.45,2.85,49.34,17.37,17.41,84.12,3.587,3.675,0.301
2025-10-29 08:38:00,PL01,LINE_B,B,PREMIUM,60.97,2,0.8099,0.25,0.1365,95.63,71.72,61.93,3.58,61.3,18.45,19.78,99.53,4.97,5.189,0.489
2025-10-29 09:23:00,PL02,LINE_B,C,STANDARD,41.56,1,0.8219,0.0355,0.0669,71.2,68.67,64.08,2.77,51.03,15.8,18.46,85.29,4.008,4.097,0.185
2025-10-29 10:20:00,PL01,LINE_B,A,STANDARD,40.74,1,0.9682,0.0769,0.15,85.56,78.98,67.14,2.95,54.49,19.09,21.02,94.61,4.15,4.362,0.443
2025-10-29 10:35:00,PL01,LINE_A,C,STANDARD,37.57,1,0.8433,0.1586,0.0218,80.8,67.98,66.5,2.15,59.01,25.76,20.44,105.21,3.698,3.733,0.047
2025-10-29 10:47:00,PL02,LINE_A,C,STANDARD,40.45,2,0.8679,0.2485,0.15,154.48,116.09,98.68,2.23,51.34,18.26,21.94,91.54,3.022,3.161,0.335
2025-10-29 11:00:00,PL02,LINE_A,A,PREMIUM,24.82,1,0.8191,0.2481,0.0514,118.83,89.35,84.76,3.8,46.94,16.97,20.56,84.47,4.741,4.792,0.195
2025-10-29 11:02:00,PL01,LINE_A,A,STANDARD,28.51,1,0.834,0.0518,0.15,105.29,99.84,84.87,2.12,53.49,18.2,20.75,92.44,3.043,3.207,0.318
2025-10-29 12:55:00,PL03,LINE_B,A,PREMIUM,46.99,1,0.8514,0.0316,0.1174,65.23,63.17,55.75,2.89,49.1,24.6,19.62,93.32,4.366,4.563,0.339
2025-10-29 13:32:00,PL01,LINE_D,C,HEAVY,72.24,2,0.9494,0.25,0.0649,94.63,70.97,66.36,5.19,60.45,24.42,19.82,104.68,6.667,6.77,0.337
2025-10-29 13:57:00,PL01,LINE_C,A,STANDARD,23.08,1,0.8576,0.0606,0.0616,133.8,125.68,117.94,2.81,54.57,17.26,22.55,94.38,3.563,3.612,0.173
2025-10-29 13:58:00,PL01,LINE_A,A,PREMIUM,42.48,1,0.8305,0.0782,0.1172,70.38,64.87,57.27,2.73,56.54,20.54,27.9,104.98,4.351,4.566,0.32
2025-10-29 14:27:00,PL02,LINE_D,B,HEAVY,69.87,2,0.7929,0.25,0.1421,81.7,61.28,52.57,6.31,51.83,21.9,17.97,91.7,7.802,8.05,0.896
2025-10-29 14:27:00,PL01,LINE_C,B,STANDARD,36.31,2,0.7829,0.1367,0.0533,155.26,134.04,126.89,2.89,55.79,17.35,18.57,91.71,3.57,3.609,0.154
2025-10-29 15:10:00,PL01,LINE_B,A,STANDARD,27.29,2,0.9182,0.1767,0.15,242.21,199.41,169.5,2.77,54.51,16.82,25.14,96.47,3.258,3.343,0.416
2025-10-29 15:46:00,PL03,LINE_C,B,PREMIUM,47.41,2,0.8303,0.0653,0.0919,126.11,117.88,107.05,3.68,47.72,19.89,18.94,86.55,4.418,4.492,0.339
2025-10-29 16:00:00,PL03,LINE_D,A,PREMIUM,36.34,2,0.8389,0.1308,0.0924,166.21,144.47,131.13,3.73,51.66,18.91,34.71,105.28,4.459,4.533,0.345
2025-10-29 16:46:00,PL01,LINE_A,C,STANDARD,59.58,2,0.8955,0.0651,0.0616,108.21,101.17,94.94,2.72,61.16,19.13,16.23,96.52,3.671,3.734,0.167
2025-10-29 18:41:00,PL02,LINE_D,C,STANDARD,32.11,1,0.7506,0.25,0.1195,84.17,63.13,55.59,2.39,50.81,13.01,25.65,89.47,3.807,3.999,0.285
2025-10-29 18:50:00,PL03,LINE_A,B,STANDARD,25.99,1,0.8427,0.2126,0.15,116.71,91.89,78.11,2.2,50.34,21.26,22.95,94.55,3.23,3.412,0.33
2025-10-29 19:41:00,PL02,LINE_B,B,HEAVY,110.24,1,0.8478,0.0195,0.0924,27.69,27.14,24.64,4.53,49.1,26.69,22.12,97.91,8.139,8.507,0.419
2025-10-29 20:11:00,PL01,LINE_D,B,PREMIUM,42.07,1,0.8848,0.2118,0.0653,75.71,59.68,55.78,3.24,54.28,19.42,18.56,92.26,4.785,4.893,0.211
2025-10-29 22:25:00,PL02,LINE_B,B,PREMIUM,48.57,1,0.9736,0.1333,0.1118,72.16,62.54,55.55,3.75,51.09,18.08,28.21,97.38,5.302,5.498,0.419
2025-10-29 22:47:00,PL01,LINE_C,A,STANDARD,33.9,1,0.9202,0.0607,0.0556,97.72,91.79,86.69,2.45,55.49,14.18,9.85,79.53,3.32,3.371,0.136
2025-10-29 23:36:00,PL02,LINE_B,A,STANDARD,37.7,1,0.8141,0.0486,0.0023,77.74,73.96,73.79,2.28,53.16,16.71,22.84,92.71,3.533,3.536,0.005
2025-10-30 00:42:00,PL01,LINE_C,B,STANDARD,49.72,1,0.9287,0.1798,0.0795,67.24,55.15,50.76,2.53,57.57,13.72,18.22,89.5,4.151,4.292,0.201
2025-10-30 00:43:00,PL01,LINE_A,C,PREMIUM,83.44,2,0.9046,0.1595,0.0718,78.05,65.61,60.89,3.29,57.92,18.21,19.02,95.15,4.743,4.855,0.237
2025-10-30 00:43:00,PL03,LINE_A,C,PREMIUM,54.53,2,0.7619,0.2093,0.127,100.6,79.54,69.44,3.18,52.55,21.41,16.4,90.35,4.321,4.486,0.404
2025-10-30 01:12:00,PL01,LINE_D,A,STANDARD,48.42,2,0.8499,0.25,0.0473,126.39,94.8,90.31,2.69,55.53,20.63,21.37,97.54,3.72,3.771,0.127
2025-10-30 01:22:00,PL01,LINE_A,A,PREMIUM,34.48,1,0.8495,0.1772,0.0469,88.7,72.99,69.56,3.42,54.54,13.83,29.16,97.54,4.754,4.82,0.16
2025-10-30 01:41:00,PL01,LINE_B,C,STANDARD,29.67,1,0.8844,0.2415,0.0712,107.32,81.39,75.6,2.14,60.22,13.57,29.03,102.81,3.407,3.504,0.153
2025-10-30 05:38:00,PL01,LINE_B,A,STANDARD,41.25,1,0.9652,0.1904,0.0382,84.24,68.2,65.59,2.0,52.55,19.23,20.24,92.02,3.354,3.408,0.077
2025-10-30 07:08:00,PL02,LINE_B,C,STANDARD,33.34,1,0.8288,0.25,0.15,89.49,67.12,57.05,2.68,52.63,20.99,23.52,97.14,4.125,4.381,0.402
2025-10-30 08:30:00,PL01,LINE_D,A,PREMIUM,44.43,1,0.768,0.25,0.1124,62.23,46.68,41.43,4.02,53.11,19.11,27.69,99.91,6.16,6.431,0.452
2025-10-30 08:35:00,PL02,LINE_B,C,STANDARD,40.22,1,0.8763,0.0942,0.0524,78.44,71.05,67.33,1.68,51.63,13.7,27.7,93.03,2.985,3.058,0.088
2025-10-30 09:15:00,PL01,LINE_C,A,STANDARD,35.98,1,0.8524,0.25,0.103,85.28,63.96,57.37,2.53,55.48,18.96,20.32,94.77,4.008,4.178,0.26
2025-10-30 09:22:00,PL01,LINE_B,B,HEAVY,161.86,2,0.7892,0.0406,0.1186,35.1,33.68,29.69,5.65,55.4,27.05,27.48,109.93,8.909,9.348,0.669
2025-10-30 09:46:00,PL01,LINE_C,C,HEAVY,47.97,2,0.8986,0.0262,0.1323,134.87,131.34,113.96,5.01,58.42,19.63,18.57,96.61,5.743,5.855,0.663
2025-10-30 09:56:00,PL02,LINE_B,B,STANDARD,47.71,1,0.9229,0.1972,0.1432,69.64,55.91,47.91,2.22,49.27,17.96,12.48,79.7,3.65,3.888,0.319
2025-10-30 10:23:00,PL03,LINE_C,C,STANDARD,37.94,2,0.8307,0.2092,0.15,157.65,124.66,105.96,2.55,48.79,22.94,20.88,92.62,3.29,3.421,0.382
2025-10-30 10:35:00,PL01,LINE_A,A,STANDARD,22.33,1,0.8703,0.1479,0.15,140.34,119.58,101.64,1.67,54.57,17.88,12.39,84.84,2.381,2.506,0.251
2025-10-30 10:44:00,PL01,LINE_C,A,STANDARD,39.2,2,0.8185,0.1066,0.1034,150.34,134.31,120.42,1.91,56.55,11.87,14.65,83.07,2.527,2.599,0.197
2025-10-30 11:04:00,PL02,LINE_A,B,STANDARD,53.5,2,0.8041,0.1939,0.1143,108.21,87.23,77.26,2.61,51.17,26.99,22.98,101.14,3.769,3.919,0.298
2025-10-30 11:25:00,PL01,LINE_A,C,STANDARD,33.41,1,0.7908,0.1958,0.0798,85.22,68.53,63.06,2.55,61.55,13.8,29.88,105.23,4.087,4.22,0.203
2025-10-30 12:22:00,PL01,LINE_A,A,HEAVY,37.32,2,0.8739,0.25,0.0743,168.61,126.46,117.05,4.54,54.54,17.04,16.36,87.94,5.239,5.295,0.338
2025-10-30 12:46:00,PL02,LINE_B,A,HEAVY,83.01,1,0.897,0.0885,0.0596,38.9,35.46,33.34,4.61,47.02,27.33,17.77,92.12,7.207,7.372,0.275
2025-10-30 12:52:00,PL01,LINE_D,C,HEAVY,48.01,1,0.8219,0.126,0.1378,61.63,53.86,46.44,6.78,58.98,18.67,20.29,97.93,8.598,8.888,0.934
2025-10-30 12:55:00,PL02,LINE_D,B,STANDARD,32.84,1,0.8695,0.1436,0.074,95.32,81.63,75.59,2.21,48.5,15.91,23.75,88.16,3.289,3.375,0.163
2025-10-30 13:18:00,PL02,LINE_A,B,STANDARD,28.78,2,0.9112,0.1026,0.0652,227.96,204.58,191.25,2.11,49.98,24.6,22.46,97.04,2.588,2.621,0.138
2025-10-30 13:34:00,PL01,LINE_B,A,STANDARD,27.47,1,0.836,0.0023,0.15,109.55,109.3,92.91,2.28,56.68,16.07,17.98,90.73,3.108,3.254,0.342
2025-10-30 13:46:00,PL02,LINE_C,A,PREMIUM,69.09,1,0.98,0.25,0.15,51.06,38.3,32.55,3.77,48.24,22.63,20.69,91.56,6.161,6.582,0.565
2025-10-30 14:32:00,PL01,LINE_B,C,STANDARD,47.46,1,0.8636,0.1393,0.0397,65.5,56.38,54.14,2.45,59.64,17.83,18.43,95.91,4.154,4.224,0.097
2025-10-30 14:37:00,PL03,LINE_A,B,HEAVY,50.48,1,0.9315,0.25,0.0604,66.43,49.83,46.81,4.71,44.64,18.72,22.23,85.59,6.432,6.542,0.285
2025-10-30 15:46:00,PL02,LINE_B,A,STANDARD,33.08,4,0.7438,0.1257,0.0815,323.77,283.09,260.02,2.26,46.7,16.75,15.6,79.05,2.544,2.568,0.185
2025-10-30 15:47:00,PL02,LINE_D,C,STANDARD,33.89,1,0.8558,0.2448,0.15,90.89,68.64,58.34,2.5,53.83,22.41,22.91,99.14,3.941,4.196,0.374
2025-10-30 15:57:00,PL01,LINE_C,A,STANDARD,24.15,2,0.98,0.25,0.0618,292.12,219.09,205.54,2.12,52.15,14.3,23.59,90.04,2.531,2.558,0.131
2025-10-30 16:26:00,PL02,LINE_B,B,HEAVY,61.71,1,0.785,0.25,0.0424,45.8,34.35,32.89,6.0,50.82,18.0,18.42,87.24,8.54,8.652,0.254
2025-10-30 17:04:00,PL03,LINE_A,A,PREMIUM,44.78,1,0.766,0.25,0.15,61.58,46.18,39.26,3.7,44.11,15.4,19.34,78.85,5.412,5.714,0.556
2025-10-30 17:15:00,PL01,LINE_A,C,STANDARD,26.44,4,0.98,0.1653,0.0547,533.74,445.52,421.15,1.82,57.34,18.47,23.04,98.85,2.04,2.053,0.099
2025-10-30 17:36:00,PL01,LINE_C,A,STANDARD,33.51,1,0.8074,0.0685,0.0781,86.73,80.79,74.48,2.1,55.22,20.1,15.06,90.39,3.22,3.315,0.164
2025-10-30 17:39:00,PL01,LINE_A,C,HEAVY,53.85,1,0.9457,0.25,0.1254,63.22,47.42,41.47,4.46,60.3,16.86,18.81,95.97,6.482,6.772,0.559
2025-10-30 18:43:00,PL02,LINE_C,C,PREMIUM,48.02,1,0.7973,0.1319,0.0697,59.77,51.88,48.27,2.87,50.86,16.08,21.53,88.47,4.574,4.702,0.2
2025-10-30 18:44:00,PL01,LINE_C,B,STANDARD,35.89,2,0.8167,0.25,0.15,163.87,122.9,104.46,1.86,56.55,21.45,25.33,103.32,2.702,2.851,0.279
2025-10-30 19:17:00,PL02,LINE_B,A,STANDARD,56.75,4,0.8311,0.1977,0.0769,210.9,169.2,156.19,1.39,53.66,12.65,25.01,91.31,1.925,1.97,0.107
2025-10-30 20:19:00,PL01,LINE_A,B,STANDARD,31.36,4,0.7959,0.2361,0.0939,365.49,279.19,252.98,2.13,55.55,8.8,25.57,89.92,2.447,2.481,0.199
2025-10-30 20:52:00,PL01,LINE_D,A,HEAVY,48.59,1,0.8732,0.0833,0.0318,64.69,59.3,57.42,5.41,58.88,27.42,17.2,103.5,7.156,7.213,0.172
2025-10-30 21:05:00,PL01,LINE_B,B,STANDARD,32.31,2,0.8654,0.2337,0.15,192.87,147.81,125.64,2.52,58.02,15.07,20.42,93.51,3.153,3.265,0.378
2025-10-30 21:13:00,PL01,LINE_B,C,PREMIUM,33.96,2,0.98,0.1967,0.085,207.75,166.88,152.7,3.01,55.94,15.89,26.3,98.13,3.603,3.657,0.256
2025-10-30 22:04:00,PL01,LINE_C,A,STANDARD,47.61,2,0.9098,0.0918,0.15,137.58,124.95,106.2,2.55,55.19,15.63,22.28,93.1,3.296,3.427,0.383
2025-10-30 22:21:00,PL02,LINE_A,C,PREMIUM,27.13,1,0.7611,0.1038,0.0884,100.98,90.5,82.5,2.34,52.73,21.47,17.16,91.35,3.349,3.447,0.207
2025-10-30 22:26:00,PL02,LINE_C,C,PREMIUM,20.08,2,0.849,0.094,0.0564,304.51,275.9,260.34,4.19,52.84,16.63,18.36,87.83,4.505,4.524,0.236
2025-10-30 22:58:00,PL01,LINE_B,B,PREMIUM,47.0,1,0.9505,0.235,0.0552,72.8,55.7,52.62,3.45,58.54,16.97,17.39,92.9,5.114,5.212,0.19
2025-10-30 23:15:00,PL01,LINE_D,B,STANDARD,39.8,1,0.8712,0.0823,0.15,78.81,72.32,61.47,2.13,53.94,23.12,23.11,100.17,3.512,3.756,0.319
2025-10-31 00:25:00,PL03,LINE_B,A,STANDARD,46.78,2,0.8913,0.1036,0.0968,137.17,122.96,111.05,2.72,48.29,18.44,28.73,95.46,3.5,3.583,0.264
2025-10-31 00:39:00,PL02,LINE_D,A,PREMIUM,32.77,1,0.7727,0.1411,0.0482,84.89,72.92,69.4,4.04,52.05,17.64,28.49,98.18,5.39,5.458,0.195
2025-10-31 01:31:00,PL01,LINE_B,C,PREMIUM,52.36,2,0.9262,0.2393,0.0708,127.35,96.87,90.01,2.9,59.47,17.51,28.83,105.81,3.996,4.08,0.206
2025-10-31 01:59:00,PL01,LINE_A,A,HEAVY,94.82,2,0.9099,0.1341,0.0774,69.1,59.83,55.2,4.86,52.28,20.29,25.3,97.87,6.498,6.636,0.376
2025-10-31 05:26:00,PL02,LINE_A,A,STANDARD,52.85,2,0.9316,0.0668,0.15,126.91,118.43,100.66,2.21,50.9,13.77,11.47,76.15,2.851,2.964,0.331
2025-10-31 06:17:00,PL01,LINE_A,B,PREMIUM,49.25,1,0.8638,0.1813,0.1089,63.13,51.69,46.06,3.13,55.97,12.04,27.66,95.67,4.984,5.21,0.341
2025-10-31 07:11:00,PL01,LINE_B,A,STANDARD,60.89,2,0.9166,0.0057,0.0484,108.39,107.77,102.55,1.88,55.92,13.86,20.13,89.91,2.713,2.756,0.091
2025-10-31 08:29:00,PL03,LINE_B,A,STANDARD,53.74,2,0.8145,0.1156,0.15,109.13,96.51,82.03,2.31,47.12,20.3,17.13,84.55,3.19,3.344,0.347
2025-10-31 08:41:00,PL01,LINE_C,A,PREMIUM,70.64,2,0.7539,0.25,0.1221,76.84,57.63,50.59,3.77,53.29,17.2,23.86,94.35,5.412,5.64,0.461
2025-10-31 09:06:00,PL02,LINE_A,B,PREMIUM,80.58,1,0.8606,0.25,0.15,38.45,28.84,24.51,3.92,53.13,15.65,20.36,89.13,7.014,7.56,0.589
2025-10-31 09:25:00,PL01,LINE_B,A,PREMIUM,25.67,2,0.8859,0.107,0.1248,248.5,221.91,194.22,3.07,54.34,19.06,26.36,99.76,3.518,3.582,0.383
2025-10-31 10:47:00,PL03,LINE_A,B,HEAVY,60.86,2,0.9145,0.25,0.0454,108.19,81.14,77.46,6.63,48.8,24.92,23.93,97.65,7.832,7.89,0.301
2025-10-31 11:33:00,PL02,LINE_B,C,STANDARD,42.05,4,0.8549,0.25,0.0485,292.78,219.59,208.93,2.56,54.91,12.49,28.58,95.98,2.996,3.018,0.124
2025-10-31 12:56:00,PL02,LINE_B,C,STANDARD,45.73,1,0.8951,0.1686,0.044,70.47,58.59,56.01,1.91,52.0,18.79,22.51,93.3,3.502,3.576,0.084
2025-10-31 12:58:00,PL01,LINE_D,A,STANDARD,48.31,1,0.98,0.25,0.0729,73.03,54.78,50.78,2.21,55.25,10.36,25.15,90.76,3.865,3.995,0.161
2025-10-31 13:00:00,PL01,LINE_B,C,HEAVY,58.96,1,0.9366,0.25,0.0937,57.18,42.89,38.87,5.35,57.64,20.38,15.03,93.05,7.517,7.742,0.501
2025-10-31 13:10:00,PL01,LINE_D,B,HEAVY,59.31,1,0.7936,0.25,0.1292,48.17,36.13,31.46,5.26,51.78,24.07,29.51,105.36,8.173,8.606,0.679
2025-10-31 13:56:00,PL02,LINE_B,C,STANDARD,36.47,2,0.8631,0.25,0.15,170.39,127.79,108.62,2.41,54.06,13.62,29.92,97.6,3.176,3.311,0.362
2025-10-31 14:16:00,PL02,LINE_D,B,STANDARD,46.63,1,0.8496,0.0593,0.139,65.58,61.69,53.12,1.82,52.94,14.16,27.68,94.78,3.361,3.609,0.254
2025-10-31 15:41:00,PL01,LINE_A,C,STANDARD,44.56,2,0.8967,0.0944,0.054,144.88,131.2,124.11,2.47,58.26,19.29,23.22,100.78,3.241,3.285,0.134
2025-10-31 15:43:00,PL02,LINE_A,B,PREMIUM,45.8,2,0.9639,0.0154,0.1128,151.53,149.2,132.37,4.06,53.87,17.06,13.14,84.07,4.628,4.699,0.458
2025-10-31 16:03:00,PL02,LINE_B,C,HEAVY,47.36,2,0.8192,0.1531,0.0232,124.54,105.47,103.03,4.56,55.36,33.26,16.1,104.72,5.549,5.573,0.106
2025-10-31 17:03:00,PL01,LINE_B,B,STANDARD,39.98,1,0.9417,0.25,0.0956,84.79,63.59,57.51,2.33,56.05,17.75,8.75,82.55,3.628,3.765,0.223
2025-10-31 17:43:00,PL01,LINE_D,B,PREMIUM,34.07,2,0.7873,0.25,0.0285,166.4,124.8,121.24,3.5,58.08,20.13,25.23,103.44,4.33,4.354,0.1
2025-10-31 19:21:00,PL02,LINE_A,C,STANDARD,47.05,1,0.9107,0.1043,0.0104,69.68,62.41,61.76,2.22,52.28,29.04,29.46,110.78,3.994,4.013,0.023
2025-10-31 19:32:00,PL02,LINE_C,C,STANDARD,36.96,2,0.7706,0.0361,0.0028,150.12,144.71,144.3,1.41,51.92,19.59,20.76,92.28,2.049,2.051,0.004
2025-10-31 21:54:00,PL03,LINE_A,B,STANDARD,62.99,1,0.8762,0.0638,0.0641,50.08,46.88,43.88,2.32,49.75,21.51,21.49,92.75,4.296,4.431,0.149
2025-10-31 23:22:00,PL03,LINE_C,C,HEAVY,58.53,2,0.9047,0.1453,0.0592,111.29,95.11,89.48,4.91,48.19,24.8,21.15,94.14,5.895,5.958,0.29
2025-10-31 23:39:00,PL01,LINE_A,B,STANDARD,34.48,1,0.882,0.0739,0.0757,92.1,85.3,78.84,2.72,59.42,19.25,22.22,100.89,3.901,3.998,0.206
2025-11-01 00:19:00,PL01,LINE_C,C,PREMIUM,53.82,4,0.9437,0.25,0.15,252.51,189.38,160.98,3.07,54.04,14.3,18.73,87.07,3.534,3.615,0.461
2025-11-01 00:25:00,PL01,LINE_B,B,STANDARD,45.6,1,0.7682,0.2099,0.15,60.64,47.91,40.73,1.38,55.32,15.08,22.87,93.27,3.325,3.669,0.207
2025-11-01 00:56:00,PL01,LINE_B,A,STANDARD,27.65,2,0.7497,0.1458,0.1304,195.25,166.79,145.03,2.33,55.23,15.42,32.99,103.65,2.947,3.04,0.303
2025-11-01 01:04:00,PL01,LINE_D,B,STANDARD,45.67,2,0.7797,0.25,0.15,122.9,92.18,78.35,2.01,54.13,16.94,17.78,88.85,2.972,3.142,0.301
2025-11-01 02:23:00,PL02,LINE_D,B,PREMIUM,44.6,1,0.921,0.1548,0.1046,74.34,62.83,56.26,3.15,51.52,14.34,24.19,90.04,4.582,4.75,0.329
2025-11-01 03:03:00,PL01,LINE_A,C,STANDARD,39.66,2,0.788,0.1268,0.0199,143.04,124.91,122.42,2.2,57.29,21.6,20.25,99.13,2.997,3.013,0.044
2025-11-01 03:10:00,PL03,LINE_B,A,STANDARD,38.74,2,0.809,0.0488,0.0689,150.36,143.02,133.17,2.0,46.96,21.91,27.55,96.42,2.679,2.729,0.138
2025-11-01 03:26:00,PL01,LINE_D,A,STANDARD,29.86,1,0.9193,0.25,0.0828,110.84,83.13,76.25,2.25,55.95,18.54,23.9,98.39,3.436,3.543,0.187
2025-11-01 03:55:00,PL01,LINE_D,B,PREMIUM,97.34,4,0.7356,0.1295,0.1397,108.81,94.73,81.5,4.29,56.16,22.11,25.94,104.21,5.393,5.572,0.6
2025-11-01 04:19:00,PL03,LINE_B,A,PREMIUM,40.03,2,0.8228,0.2051,0.15,147.99,117.64,100.0,3.06,50.89,22.11,29.1,102.1,3.927,4.08,0.459
2025-11-01 04:36:00,PL03,LINE_B,C,STANDARD,30.01,1,0.8467,0.0885,0.0394,101.59,92.6,88.96,2.7,48.89,18.59,16.92,84.41,3.608,3.645,0.106
2025-11-01 04:41:00,PL02,LINE_B,C,HEAVY,70.33,1,0.8893,0.1547,0.0539,45.52,38.48,36.4,6.32,54.44,25.07,27.06,106.57,9.092,9.25,0.341
2025-11-01 04:48:00,PL01,LINE_A,B,PREMIUM,60.59,1,0.8396,0.0125,0.15,49.88,49.26,41.87,3.81,55.98,18.36,35.69,110.03,6.047,6.441,0.572
2025-11-01 05:09:00,PL01,LINE_D,C,PREMIUM,32.16,1,0.7297,0.2418,0.0884,81.68,61.93,56.46,2.97,56.98,24.36,29.32,110.66,4.752,4.926,0.262
2025-11-01 05:25:00,PL01,LINE_B,C,STANDARD,26.08,1,0.8081,0.0587,0.0548,111.52,104.97,99.22,2.52,58.31,15.89,25.04,99.25,3.468,3.523,0.138
2025-11-01 06:31:00,PL01,LINE_C,B,STANDARD,34.16,1,0.9562,0.1399,0.15,100.76,86.66,73.66,2.57,54.39,9.92,29.22,93.52,3.651,3.841,0.386
2025-11-01 06:37:00,PL01,LINE_B,B,PREMIUM,37.34,4,0.778,0.0193,0.0721,300.0,294.21,273.0,4.0,58.46,20.09,18.86,97.4,4.331,4.357,0.288
2025-11-01 06:55:00,PL03,LINE_A,C,STANDARD,43.35,1,0.9402,0.1425,0.077,78.08,66.96,61.8,1.86,49.63,15.16,31.84,96.63,3.301,3.422,0.143
2025-11-01 06:56:00,PL02,LINE_B,A,STANDARD,31.44,4,0.9303,0.25,0.0988,426.07,319.56,288.0,2.37,53.75,18.09,28.47,100.31,2.684,2.719,0.234
2025-11-01 07:08:00,PL01,LINE_B,B,PREMIUM,46.29,2,0.948,0.0907,0.15,147.45,134.07,113.96,3.21,54.54,23.54,21.41,99.5,3.955,4.085,0.482
2025-11-01 08:34:00,PL03,LINE_D,B,STANDARD,39.17,2,0.8555,0.25,0.0979,157.24,117.93,106.39,2.3,45.21,13.59,21.84,80.64,2.986,3.06,0.225
2025-11-01 09:14:00,PL01,LINE_A,B,STANDARD,29.53,1,0.9654,0.1516,0.0645,117.71,99.86,93.42,2.86,57.9,16.09,12.78,86.76,3.733,3.793,0.185
2025-11-01 09:58:00,PL01,LINE_C,C,STANDARD,23.29,2,0.8365,0.25,0.1458,258.54,193.91,165.63,2.49,58.74,11.86,20.31,90.91,2.961,3.041,0.363
2025-11-01 10:12:00,PL01,LINE_A,A,STANDARD,33.42,1,0.9319,0.0755,0.15,100.38,92.81,78.89,1.91,52.5,20.21,18.64,91.35,2.889,3.063,0.286
2025-11-01 10:46:00,PL02,LINE_A,C,STANDARD,53.85,1,0.8202,0.196,0.0489,54.84,44.09,41.93,2.1,54.29,15.84,21.86,91.99,4.187,4.295,0.103
2025-11-01 10:54:00,PL01,LINE_A,C,STANDARD,42.07,4,0.761,0.25,0.0438,260.45,195.34,186.78,2.22,58.6,20.67,10.52,89.79,2.684,2.706,0.098
2025-11-01 11:06:00,PL01,LINE_D,B,STANDARD,46.46,1,0.9078,0.1101,0.1042,70.34,62.6,56.07,1.91,60.06,12.53,12.89,85.48,3.272,3.431,0.199
2025-11-01 11:28:00,PL02,LINE_A,A,PREMIUM,57.35,2,0.8843,0.25,0.0843,111.01,83.26,76.24,3.54,51.25,16.47,20.93,88.65,4.605,4.703,0.298
2025-11-01 11:39:00,PL01,LINE_A,A,PREMIUM,51.7,2,0.8314,0.2002,0.0855,115.77,92.6,84.68,3.27,55.4,16.03,24.02,95.44,4.302,4.399,0.28
2025-11-01 11:42:00,PL03,LINE_D,B,STANDARD,27.3,1,0.7431,0.25,0.0611,98.0,73.5,69.01,2.23,51.61,18.38,26.43,96.42,3.543,3.628,0.136
2025-11-01 11:48:00,PL01,LINE_C,C,PREMIUM,39.91,1,0.8054,0.0885,0.0975,72.65,66.22,59.77,3.14,58.67,17.97,28.0,104.65,4.716,4.887,0.306
2025-11-01 13:12:00,PL01,LINE_B,C,PREMIUM,56.95,2,0.8863,0.25,0.0948,112.04,84.03,76.07,3.48,60.88,18.11,15.35,94.35,4.599,4.716,0.329
2025-11-01 13:42:00,PL01,LINE_B,C,STANDARD,47.49,4,0.8112,0.2116,0.1343,245.96,193.92,167.87,2.6,60.61,7.69,18.73,87.03,3.05,3.12,0.349
2025-11-01 14:52:00,PL02,LINE_A,C,PREMIUM,29.68,2,0.8384,0.1397,0.0491,203.36,174.96,166.37,2.83,56.04,14.21,29.81,100.05,3.4,3.43,0.139
2025-11-01 14:53:00,PL02,LINE_A,C,PREMIUM,34.77,2,0.9365,0.2145,0.0329,193.92,152.34,147.32,3.06,53.0,23.24,18.15,94.39,3.68,3.701,0.101
2025-11-01 15:23:00,PL01,LINE_D,B,STANDARD,36.62,1,0.8386,0.1528,0.15,82.44,69.84,59.37,2.14,54.42,15.87,29.48,99.78,3.567,3.819,0.321
2025-11-01 15:59:00,PL01,LINE_D,A,PREMIUM,33.35,2,0.825,0.0697,0.15,178.13,165.72,140.86,3.24,54.36,16.55,18.28,89.19,3.778,3.873,0.486
2025-11-01 16:15:00,PL02,LINE_A,B,PREMIUM,45.19,1,0.8782,0.0413,0.1237,69.96,67.07,58.77,3.72,52.5,18.23,21.32,92.05,5.089,5.283,0.46
2025-11-01 16:29:00,PL02,LINE_A,C,STANDARD,31.08,1,0.8882,0.1833,0.1055,102.88,84.02,75.16,2.96,52.35,12.86,28.0,93.22,4.07,4.201,0.312
2025-11-01 17:53:00,PL03,LINE_B,A,STANDARD,32.41,4,0.8604,0.1443,0.1241,382.32,327.14,286.54,2.57,46.93,19.94,18.58,85.46,2.834,2.871,0.319
2025-11-01 18:05:00,PL01,LINE_C,C,STANDARD,29.67,1,0.8863,0.0165,0.15,107.53,105.75,89.89,1.88,54.8,18.53,21.38,94.71,2.778,2.936,0.282
2025-11-01 18:16:00,PL03,LINE_A,A,PREMIUM,31.78,2,0.8443,0.0408,0.0205,191.32,183.52,179.75,3.27,47.03,15.92,26.47,89.42,3.76,3.771,0.067
2025-11-01 18:44:00,PL03,LINE_C,B,STANDARD,38.19,1,0.8494,0.0335,0.15,80.07,77.39,65.78,2.04,47.14,12.6,23.28,83.02,3.113,3.302,0.306
2025-11-01 20:23:00,PL02,LINE_B,B,STANDARD,33.15,2,0.9313,0.0504,0.1479,202.28,192.08,163.67,1.75,54.68,12.13,15.57,82.38,2.182,2.257,0.259
2025-11-01 20:28:00,PL01,LINE_D,C,STANDARD,33.21,2,0.8594,0.1936,0.0464,186.34,150.27,143.3,2.48,55.45,18.19,24.53,98.17,3.129,3.161,0.115
2025-11-01 20:56:00,PL01,LINE_A,C,PREMIUM,43.07,1,0.8173,0.1282,0.15,68.31,59.55,50.62,3.46,59.84,19.31,15.96,95.12,5.059,5.341,0.519
2025-11-01 21:10:00,PL02,LINE_A,A,PREMIUM,40.34,1,0.7898,0.23,0.0963,70.48,54.26,49.04,2.97,51.73,15.09,18.63,85.45,4.547,4.715,0.286
2025-11-01 21:11:00,PL03,LINE_B,C,STANDARD,48.41,1,0.9021,0.25,0.0513,67.08,50.31,47.73,2.0,47.35,18.48,18.47,84.3,3.679,3.769,0.103
2025-11-01 21:48:00,PL02,LINE_D,A,STANDARD,47.04,1,0.8813,0.1065,0.1249,67.44,60.26,52.73,2.49,52.77,16.52,29.99,99.28,4.136,4.371,0.311
2025-11-01 22:25:00,PL02,LINE_B,C,STANDARD,33.62,1,0.8828,0.056,0.0222,94.53,89.24,87.25,2.08,53.85,19.25,19.09,92.19,3.112,3.135,0.046
2025-11-01 22:26:00,PL02,LINE_D,A,HEAVY,71.73,1,0.8083,0.25,0.0831,40.57,30.43,27.9,5.45,50.45,25.01,23.31,98.78,8.693,8.987,0.453
2025-11-02 01:07:00,PL01,LINE_C,C,STANDARD,30.48,2,0.8636,0.25,0.1381,204.01,153.01,131.87,2.28,53.79,17.07,14.08,84.95,2.833,2.922,0.315
2025-11-02 02:04:00,PL01,LINE_C,A,STANDARD,27.08,1,0.855,0.0479,0.0395,113.67,108.22,103.95,1.96,58.17,21.31,21.01,100.5,2.888,2.926,0.077
2025-11-02 02:46:00,PL01,LINE_A,B,STANDARD,29.91,1,0.818,0.144,0.15,98.44,84.27,71.63,2.01,56.0,22.07,18.37,96.44,3.158,3.359,0.302
2025-11-02 03:03:00,PL01,LINE_A,A,PREMIUM,69.54,2,0.8923,0.0846,0.15,92.39,84.57,71.88,3.86,56.35,18.59,27.94,102.89,5.075,5.29,0.579
2025-11-02 04:48:00,PL03,LINE_D,A,STANDARD,34.1,2,0.691,0.1187,0.0749,145.92,128.61,118.97,2.4,44.9,17.78,27.63,90.31,3.106,3.163,0.18
2025-11-02 05:47:00,PL02,LINE_C,A,HEAVY,85.98,1,0.6794,0.0953,0.15,28.45,25.74,21.88,4.91,53.06,28.17,21.32,102.55,8.891,9.595,0.736
2025-11-02 05:50:00,PL01,LINE_A,C,STANDARD,24.19,2,0.8353,0.1018,0.0996,248.58,223.27,201.03,1.55,57.89,13.93,25.03,96.85,1.988,2.036,0.155
2025-11-02 06:26:00,PL01,LINE_B,C,STANDARD,34.07,2,0.8445,0.1672,0.0791,178.47,148.62,136.87,2.39,54.72,16.08,16.07,86.87,2.971,3.021,0.189
2025-11-02 06:47:00,PL03,LINE_B,A,STANDARD,57.4,1,0.8606,0.1016,0.0513,53.98,48.49,46.0,2.32,48.18,15.47,19.53,83.19,4.037,4.13,0.119
2025-11-02 07:02:00,PL01,LINE_B,B,STANDARD,20.98,1,0.8546,0.0593,0.0756,146.65,137.95,127.52,1.65,54.84,14.41,19.05,88.3,2.29,2.342,0.125
2025-11-02 07:14:00,PL01,LINE_D,B,PREMIUM,30.37,1,0.8711,0.2086,0.15,103.26,81.72,69.46,4.79,58.48,15.55,20.7,94.74,5.946,6.15,0.718
2025-11-02 09:38:00,PL02,LINE_B,B,STANDARD,18.83,1,0.813,0.1045,0.0774,155.46,139.22,128.44,2.83,49.61,30.46,20.92,100.99,3.556,3.617,0.219
2025-11-02 09:41:00,PL03,LINE_B,A,PREMIUM,46.45,4,0.8863,0.0522,0.15,274.75,260.42,221.36,3.71,46.81,18.23,16.51,81.55,4.019,4.074,0.556
2025-11-02 11:20:00,PL01,LINE_B,A,PREMIUM,31.18,1,0.8024,0.127,0.065,92.63,80.86,75.61,3.31,54.47,16.24,20.68,91.39,4.443,4.522,0.215
2025-11-02 11:29:00,PL01,LINE_B,A,PREMIUM,59.43,2,0.8088,0.0875,0.0577,97.98,89.41,84.26,2.76,54.54,17.22,20.19,91.94,3.788,3.851,0.159
2025-11-02 13:13:00,PL02,LINE_A,B,PREMIUM,39.21,2,0.8618,0.1718,0.0317,158.24,131.06,126.9,5.07,49.48,12.77,14.19,76.44,5.656,5.675,0.161
2025-11-02 13:16:00,PL01,LINE_B,B,STANDARD,29.21,1,0.8446,0.1701,0.0457,104.07,86.37,82.43,2.28,57.48,21.72,25.15,104.35,3.491,3.549,0.104
2025-11-02 13:57:00,PL02,LINE_B,C,PREMIUM,51.67,2,0.8555,0.1871,0.0289,119.22,96.91,94.12,2.89,50.67,20.88,23.23,94.78,3.865,3.894,0.083
2025-11-02 14:43:00,PL01,LINE_B,A,STANDARD,32.14,1,0.9368,0.2367,0.0517,104.93,80.09,75.95,2.13,53.31,26.26,10.85,90.43,3.262,3.324,0.11
2025-11-02 16:08:00,PL03,LINE_C,C,PREMIUM,47.15,1,0.7873,0.1442,0.0631,60.12,51.45,48.2,3.77,50.53,11.97,29.39,91.9,5.561,5.681,0.238
2025-11-02 17:00:00,PL01,LINE_A,B,HEAVY,57.3,2,0.8426,0.1593,0.15,105.87,89.01,75.65,5.77,54.21,19.4,15.91,89.52,6.779,6.957,0.866
2025-11-02 17:00:00,PL01,LINE_D,B,STANDARD,37.38,1,0.9234,0.1107,0.0564,88.93,79.08,74.62,2.28,55.21,14.63,28.33,98.18,3.525,3.599,0.129
2025-11-02 17:20:00,PL01,LINE_A,A,HEAVY,51.46,2,0.7761,0.1482,0.0808,108.58,92.49,85.01,4.12,51.04,21.12,24.97,97.12,5.175,5.267,0.333
2025-11-02 17:31:00,PL02,LINE_A,A,STANDARD,43.27,1,0.9185,0.1746,0.0593,76.41,63.07,59.33,1.85,45.36,12.17,14.06,71.59,2.989,3.061,0.11
2025-11-02 17:59:00,PL03,LINE_C,C,STANDARD,38.33,1,0.8669,0.0389,0.1069,81.43,78.26,69.9,1.6,50.31,20.15,22.97,93.43,2.794,2.937,0.171
2025-11-02 20:32:00,PL03,LINE_C,C,PREMIUM,37.24,1,0.8887,0.0941,0.15,85.91,77.82,66.15,3.1,51.42,19.86,19.37,90.65,4.27,4.475,0.466
2025-11-02 20:33:00,PL01,LINE_A,A,HEAVY,42.24,1,0.9165,0.25,0.0163,78.11,58.58,57.63,4.81,54.57,23.44,20.66,98.67,6.494,6.522,0.078
2025-11-02 21:40:00,PL02,LINE_B,A,HEAVY,51.29,1,0.7863,0.25,0.0517,55.2,41.4,39.25,5.32,51.62,16.73,29.0,97.36,7.667,7.796,0.275
2025-11-02 23:56:00,PL02,LINE_A,B,STANDARD,37.25,1,0.8495,0.2325,0.1117,82.09,63.0,55.97,2.08,52.38,14.77,20.39,87.53,3.468,3.643,0.232
2025-11-03 00:38:00,PL02,LINE_C,A,PREMIUM,46.26,2,0.8389,0.25,0.0706,130.56,97.92,91.01,2.97,51.05,21.72,25.23,98.0,3.975,4.051,0.21
2025-11-03 01:01:00,PL02,LINE_C,C,STANDARD,43.55,2,0.8101,0.2062,0.15,133.93,106.31,90.36,2.37,50.25,20.63,36.83,107.72,3.384,3.563,0.356
2025-11-03 01:55:00,PL01,LINE_C,A,STANDARD,30.47,1,0.9724,0.25,0.1047,114.9,86.17,77.15,2.18,53.61,20.67,28.15,102.42,3.368,3.507,0.228
2025-11-03 02:12:00,PL01,LINE_A,C,HEAVY,78.09,1,0.8929,0.1995,0.0519,41.17,32.95,31.24,6.53,55.51,28.31,20.69,104.51,9.705,9.878,0.339
2025-11-03 02:51:00,PL02,LINE_C,C,PREMIUM,58.99,1,0.87,0.245,0.15,53.09,40.08,34.07,3.98,51.43,23.85,29.01,104.29,6.578,7.037,0.596
2025-11-03 03:42:00,PL01,LINE_B,B,STANDARD,38.52,1,0.8328,0.1163,0.0703,77.84,68.78,63.95,2.44,53.35,15.32,17.19,85.86,3.686,3.78,0.171
2025-11-03 03:46:00,PL01,LINE_A,B,PREMIUM,71.12,1,0.98,0.0939,0.0642,49.61,44.95,42.07,2.74,56.16,12.99,26.3,95.45,4.862,5.008,0.176
2025-11-03 04:43:00,PL02,LINE_B,C,PREMIUM,46.01,1,0.8208,0.0873,0.147,64.22,58.61,49.99,3.2,52.14,22.23,18.56,92.93,4.79,5.064,0.471
2025-11-03 04:45:00,PL02,LINE_A,C,STANDARD,33.25,1,0.8179,0.1798,0.15,88.55,72.63,61.73,2.79,52.4,18.56,16.82,87.77,3.994,4.207,0.418
2025-11-03 05:33:00,PL02,LINE_B,C,HEAVY,58.28,1,0.8293,0.1612,0.0261,51.22,42.97,41.85,5.71,54.02,23.1,28.98,106.09,8.18,8.246,0.149
2025-11-03 05:37:00,PL01,LINE_D,C,STANDARD,38.72,2,0.6304,0.2106,0.05,117.22,92.53,87.9,2.68,60.35,20.71,20.05,101.11,3.777,3.835,0.134
2025-11-03 06:40:00,PL02,LINE_C,A,STANDARD,35.04,1,0.8646,0.1727,0.0675,88.83,73.49,68.52,2.09,49.93,22.44,20.14,92.51,3.346,3.437,0.141
2025-11-03 06:58:00,PL01,LINE_B,C,STANDARD,21.45,2,0.7877,0.1043,0.0454,264.42,236.84,226.09,1.9,59.64,17.42,32.64,109.71,2.36,2.382,0.086
2025-11-03 06:59:00,PL02,LINE_B,B,STANDARD,42.73,1,0.8257,0.0592,0.0571,69.57,65.45,61.71,1.88,53.61,19.36,28.01,100.98,3.426,3.519,0.107
2025-11-03 07:12:00,PL02,LINE_A,A,PREMIUM,61.76,2,0.8507,0.1563,0.0948,99.17,83.67,75.74,3.02,53.95,21.47,27.64,103.07,4.253,4.382,0.286
2025-11-03 07:23:00,PL01,LINE_C,A,STANDARD,22.13,1,0.8571,0.0537,0.0231,139.44,131.95,128.9,2.4,57.77,24.33,29.23,111.33,3.242,3.262,0.055
2025-11-03 07:37:00,PL02,LINE_A,A,PREMIUM,58.07,1,0.7891,0.1129,0.1404,48.92,43.39,37.3,2.97,49.08,25.75,19.79,94.62,5.154,5.51,0.417
2025-11-03 07:50:00,PL02,LINE_C,A,STANDARD,45.65,1,0.8584,0.25,0.0931,67.69,50.77,46.04,1.89,49.46,15.48,21.69,86.63,3.592,3.767,0.175
2025-11-03 09:15:00,PL01,LINE_C,C,STANDARD,24.06,1,0.968,0.1856,0.0582,144.82,117.94,111.07,2.37,58.68,16.31,18.97,93.96,3.163,3.212,0.138
2025-11-03 09:33:00,PL01,LINE_C,B,STANDARD,55.69,2,0.898,0.0527,0.15,116.09,109.98,93.48,1.68,57.41,16.66,25.31,99.37,2.579,2.738,0.251
2025-11-03 09:33:00,PL01,LINE_B,A,STANDARD,49.36,1,0.8844,0.1418,0.1328,64.5,55.35,48.01,2.21,55.19,18.39,17.29,90.87,3.852,4.103,0.293
2025-11-03 10:16:00,PL01,LINE_B,C,STANDARD,40.6,1,0.824,0.25,0.0077,73.07,54.8,54.38,1.91,57.26,25.72,20.36,103.34,3.8,3.814,0.015
2025-11-03 11:12:00,PL03,LINE_D,A,HEAVY,77.63,1,0.9046,0.1112,0.1479,41.95,37.28,31.77,4.81,43.85,22.99,21.13,87.97,7.165,7.574,0.711
2025-11-03 13:10:00,PL02,LINE_A,A,PREMIUM,34.13,2,0.9523,0.0991,0.0236,200.89,180.98,176.71,3.51,52.66,27.08,17.53,97.27,4.042,4.055,0.083
2025-11-03 13:12:00,PL01,LINE_C,C,HEAVY,64.41,1,0.8053,0.1586,0.1446,45.01,37.87,32.4,4.14,56.76,18.54,30.36,105.66,6.93,7.402,0.599
2025-11-03 13:13:00,PL01,LINE_A,B,HEAVY,52.62,1,0.837,0.1428,0.0862,57.27,49.09,44.86,3.99,56.39,17.2,26.67,100.26,6.033,6.225,0.344
2025-11-03 13:17:00,PL03,LINE_A,C,STANDARD,21.25,1,0.8593,0.1387,0.0733,145.6,125.4,116.21,2.06,48.81,11.8,20.19,80.8,2.705,2.756,0.151
2025-11-03 14:11:00,PL03,LINE_C,B,PREMIUM,37.42,1,0.9141,0.25,0.15,87.95,65.96,56.07,2.81,44.76,17.19,27.75,89.7,4.167,4.407,0.421
2025-11-03 14:42:00,PL02,LINE_C,A,HEAVY,41.1,1,0.8063,0.25,0.0559,70.62,52.97,50.0,4.93,50.34,22.3,24.89,97.54,6.767,6.876,0.275
2025-11-03 14:52:00,PL01,LINE_C,B,STANDARD,39.5,2,0.8708,0.25,0.1082,158.71,119.03,106.15,2.4,58.51,23.87,18.1,100.48,3.245,3.347,0.26
2025-11-03 15:24:00,PL03,LINE_A,C,PREMIUM,29.61,2,0.8116,0.1522,0.1122,197.35,167.32,148.53,3.55,51.31,18.47,15.58,85.35,4.058,4.123,0.398
2025-11-03 17:55:00,PL03,LINE_C,B,STANDARD,41.15,1,0.9463,0.1049,0.1439,82.79,74.1,63.44,2.26,46.42,20.51,17.01,83.93,3.393,3.584,0.325
2025-11-03 18:16:00,PL02,LINE_C,C,STANDARD,34.47,2,0.9034,0.1542,0.0678,188.7,159.61,148.78,1.91,56.54,17.84,20.26,94.64,2.5,2.543,0.129
2025-11-03 18:28:00,PL03,LINE_C,A,PREMIUM,24.93,1,0.8336,0.1149,0.15,120.4,106.56,90.58,4.72,47.77,14.33,23.2,85.31,5.52,5.661,0.708
2025-11-03 19:35:00,PL02,LINE_A,C,STANDARD,37.64,1,0.9,0.2457,0.0531,86.07,64.92,61.47,2.56,54.3,14.75,11.64,80.69,3.8,3.87,0.136
2025-11-03 19:42:00,PL02,LINE_C,B,HEAVY,41.65,2,0.8225,0.2398,0.0791,142.18,108.09,99.54,4.86,53.16,21.69,15.82,90.67,5.698,5.77,0.385
2025-11-03 19:55:00,PL01,LINE_A,C,HEAVY,79.92,1,0.858,0.0434,0.1312,38.65,36.97,32.12,5.14,57.76,20.03,15.46,93.25,7.665,8.046,0.675
2025-11-03 20:14:00,PL01,LINE_B,A,STANDARD,22.54,1,0.8846,0.2238,0.0558,141.27,109.65,103.54,2.18,55.07,23.3,23.25,101.62,3.11,3.164,0.122
2025-11-03 20:38:00,PL02,LINE_C,B,STANDARD,40.39,2,0.8469,0.1139,0.0621,150.97,133.77,125.46,2.71,52.07,13.58,23.81,89.45,3.38,3.425,0.168
2025-11-03 20:51:00,PL02,LINE_B,A,STANDARD,41.78,1,0.8231,0.2158,0.15,70.92,55.62,47.28,1.96,51.85,20.05,27.64,99.54,3.754,4.07,0.295
2025-11-03 21:42:00,PL02,LINE_A,A,STANDARD,51.05,1,0.9748,0.1188,0.042,68.74,60.58,58.03,1.97,51.82,14.85,28.03,94.69,3.528,3.597,0.083
2025-11-03 22:04:00,PL01,LINE_C,A,STANDARD,45.87,4,0.9228,0.1792,0.15,289.71,237.79,202.12,1.9,55.13,24.87,19.63,99.63,2.317,2.391,0.285
2025-11-03 22:20:00,PL02,LINE_D,A,STANDARD,44.83,4,0.8162,0.25,0.0799,262.19,196.64,180.92,3.05,47.57,13.02,13.37,73.97,3.431,3.463,0.244
2025-11-03 22:55:00,PL02,LINE_A,A,PREMIUM,31.26,1,0.82,0.1753,0.0476,94.42,77.87,74.17,3.86,47.95,21.36,19.13,88.44,4.999,5.056,0.184
2025-11-03 23:17:00,PL02,LINE_D,B,STANDARD,33.67,1,0.7198,0.25,0.1407,76.95,57.71,49.6,2.62,53.01,25.88,26.35,105.24,4.442,4.741,0.368
2025-11-03 23:28:00,PL02,LINE_B,B,HEAVY,80.38,1,0.8851,0.25,0.0425,39.64,29.73,28.47,4.43,50.13,21.11,25.0,96.25,7.667,7.81,0.188
2025-11-04 00:58:00,PL01,LINE_A,C,PREMIUM,55.69,1,0.8337,0.172,0.1126,53.9,44.63,39.6,3.96,58.53,16.47,15.91,90.9,5.999,6.257,0.446
2025-11-04 02:11:00,PL02,LINE_C,C,PREMIUM,59.1,1,0.8779,0.1246,0.0898,53.47,46.81,42.61,3.5,53.86,16.45,20.86,91.17,5.447,5.639,0.314
2025-11-04 03:11:00,PL02,LINE_D,A,STANDARD,73.83,1,0.8624,0.25,0.15,42.05,31.54,26.81,2.38,51.01,21.17,8.0,80.18,4.921,5.369,0.357
2025-11-04 03:18:00,PL01,LINE_A,B,PREMIUM,32.21,1,0.883,0.1696,0.1029,98.67,81.94,73.5,2.77,59.06,11.11,22.88,93.05,3.904,4.034,0.285
2025-11-04 03:49:00,PL01,LINE_A,A,STANDARD,20.23,2,0.8339,0.1925,0.15,296.85,239.71,203.75,2.53,57.38,17.09,22.13,96.6,2.937,3.008,0.38
2025-11-04 04:16:00,PL02,LINE_B,C,PREMIUM,49.69,1,0.7914,0.2473,0.0797,57.34,43.16,39.72,2.36,51.15,14.69,21.61,87.46,4.383,4.558,0.188
2025-11-04 04:22:00,PL01,LINE_B,C,HEAVY,43.05,1,0.8195,0.1698,0.15,68.53,56.9,48.36,5.67,59.91,21.42,19.84,101.17,7.451,7.764,0.851
2025-11-04 04:36:00,PL03,LINE_A,C,PREMIUM,35.79,2,0.7332,0.1558,0.15,147.5,124.52,105.84,3.73,49.48,17.89,25.2,92.58,4.478,4.609,0.56
2025-11-04 04:42:00,PL03,LINE_C,C,STANDARD,32.09,1,0.909,0.25,0.0864,101.98,76.48,69.88,2.21,49.69,18.15,25.08,92.92,3.428,3.543,0.191
2025-11-04 05:30:00,PL02,LINE_A,B,PREMIUM,25.81,2,0.7647,0.0021,0.1168,213.35,212.89,188.03,3.63,48.71,28.22,20.39,97.32,4.088,4.148,0.424
2025-11-04 05:56:00,PL01,LINE_C,B,PREMIUM,40.11,1,0.8241,0.25,0.0993,73.97,55.48,49.97,3.43,56.84,20.62,21.34,98.8,5.209,5.405,0.34
2025-11-04 06:44:00,PL02,LINE_C,C,PREMIUM,45.89,1,0.8046,0.1554,0.15,63.11,53.31,45.31,2.44,53.6,11.14,28.34,93.08,4.188,4.496,0.366
2025-11-04 06:55:00,PL02,LINE_C,A,PREMIUM,51.75,1,0.8586,0.1715,0.0885,59.73,49.49,45.11,4.26,50.41,20.33,20.4,91.14,6.103,6.281,0.377
2025-11-04 06:57:00,PL03,LINE_C,A,STANDARD,41.86,2,0.7394,0.0994,0.0918,127.17,114.53,104.02,2.07,48.63,12.92,14.46,76.02,2.732,2.799,0.19
2025-11-04 07:10:00,PL02,LINE_C,B,PREMIUM,36.33,2,0.8781,0.1345,0.0355,174.02,150.61,145.27,4.12,52.15,18.97,13.33,84.45,4.676,4.697,0.146
2025-11-04 08:10:00,PL01,LINE_C,A,STANDARD,36.04,1,0.7696,0.25,0.1077,76.87,57.65,51.44,1.73,54.68,20.44,25.38,100.5,3.469,3.679,0.186
2025-11-04 08:11:00,PL03,LINE_D,C,STANDARD,26.75,1,0.8854,0.1028,0.0683,119.14,106.89,99.59,1.99,50.64,14.62,29.44,94.69,2.878,2.943,0.136
2025-11-04 08:12:00,PL02,LINE_A,B,STANDARD,32.49,2,0.8762,0.2317,0.15,194.17,149.18,126.8,1.77,51.66,21.5,15.15,88.31,2.357,2.462,0.265
2025-11-04 09:28:00,PL01,LINE_B,A,STANDARD,27.64,1,0.874,0.0725,0.1283,113.84,105.59,92.04,2.13,57.15,20.69,25.5,103.34,3.106,3.25,0.273
2025-11-04 09:46:00,PL02,LINE_B,C,HEAVY,47.03,1,0.8207,0.1345,0.0772,62.82,54.38,50.18,5.98,52.55,25.56,18.28,96.39,7.756,7.904,0.462
2025-11-04 09:50:00,PL03,LINE_D,A,STANDARD,42.8,1,0.7887,0.1841,0.0895,66.34,54.13,49.28,2.51,46.69,19.34,28.18,94.21,4.25,4.421,0.225
2025-11-04 10:18:00,PL01,LINE_C,C,STANDARD,38.29,2,0.8779,0.0165,0.0869,165.08,162.34,148.23,2.3,60.37,23.31,20.84,104.52,2.948,3.009,0.2
2025-11-04 10:18:00,PL01,LINE_C,A,PREMIUM,46.08,2,0.9669,0.0585,0.0771,151.08,142.24,131.28,2.58,55.51,12.17,21.15,88.83,3.206,3.258,0.199
2025-11-04 10:20:00,PL03,LINE_C,A,PREMIUM,60.45,1,0.8412,0.1722,0.0391,50.1,41.47,39.85,3.45,48.04,17.62,12.19,77.85,5.327,5.404,0.135
2025-11-04 10:35:00,PL01,LINE_A,C,PREMIUM,60.32,1,0.8312,0.25,0.15,49.6,37.2,31.62,3.92,56.69,18.58,27.4,102.68,6.68,7.167,0.588
2025-11-04 11:49:00,PL01,LINE_A,A,STANDARD,50.99,1,0.8264,0.0566,0.0298,58.35,55.04,53.41,2.41,54.18,11.59,27.55,93.32,4.103,4.155,0.072
2025-11-04 11:55:00,PL01,LINE_A,A,STANDARD,28.55,2,0.8525,0.1406,0.1148,214.96,184.74,163.54,2.03,56.86,22.56,14.01,93.43,2.54,2.605,0.233
2025-11-04 12:02:00,PL02,LINE_B,B,HEAVY,36.27,1,0.8776,0.1721,0.071,87.11,72.12,67.0,5.52,56.08,19.63,17.06,92.77,6.807,6.906,0.392
2025-11-04 12:14:00,PL01,LINE_B,A,STANDARD,42.83,4,0.8284,0.0887,0.15,278.49,253.8,215.73,1.69,51.65,19.6,26.79,98.04,2.077,2.145,0.254
2025-11-04 12:59:00,PL03,LINE_B,B,STANDARD,38.91,1,0.7544,0.1399,0.15,69.8,60.04,51.03,2.47,47.52,22.37,28.13,98.03,4.099,4.387,0.37
2025-11-04 13:28:00,PL02,LINE_D,C,STANDARD,33.71,2,0.7833,0.2132,0.0479,167.3,131.64,125.33,2.11,53.64,19.53,30.32,103.49,2.895,2.934,0.101
2025-11-04 13:32:00,PL01,LINE_A,C,STANDARD,39.68,4,0.8899,0.2232,0.026,322.95,250.88,244.36,2.73,58.9,19.18,27.41,105.5,3.153,3.164,0.071
2025-11-04 14:24:00,PL01,LINE_B,A,STANDARD,35.92,1,0.8754,0.1674,0.0433,87.74,73.05,69.88,1.81,55.28,18.42,27.99,101.69,3.203,3.266,0.078
2025-11-04 16:26:00,PL02,LINE_D,C,PREMIUM,53.52,1,0.7464,0.25,0.0941,50.21,37.65,34.11,3.37,52.73,21.46,21.86,96.05,5.926,6.191,0.318
2025-11-04 17:01:00,PL01,LINE_C,B,STANDARD,40.29,2,0.8659,0.25,0.0628,154.76,116.07,108.78,2.19,55.52,13.96,17.84,87.32,2.947,2.997,0.138
2025-11-04 17:41:00,PL02,LINE_A,B,STANDARD,31.85,1,0.7702,0.25,0.1113,87.05,65.29,58.02,2.26,49.57,21.04,24.62,95.23,3.714,3.897,0.251
2025-11-04 17:44:00,PL01,LINE_D,B,HEAVY,55.46,1,0.8296,0.25,0.1367,53.85,40.39,34.87,6.07,53.68,24.75,15.73,94.16,8.401,8.77,0.829
2025-11-04 18:24:00,PL02,LINE_A,A,STANDARD,46.02,2,0.8764,0.25,0.1068,137.11,102.84,91.85,2.34,50.4,20.66,26.51,97.58,3.293,3.407,0.25
2025-11-04 18:44:00,PL02,LINE_A,B,HEAVY,52.21,1,0.744,0.1651,0.15,51.29,42.83,36.4,5.47,53.45,20.59,23.12,97.16,7.743,8.144,0.821
2025-11-04 20:07:00,PL03,LINE_C,B,STANDARD,45.87,2,0.8438,0.1192,0.15,132.45,116.67,99.17,1.66,47.13,23.32,17.23,87.68,2.409,2.541,0.249
2025-11-04 20:09:00,PL01,LINE_D,A,PREMIUM,55.71,1,0.8652,0.0908,0.15,55.9,50.83,43.2,3.63,55.65,13.85,23.12,92.62,5.453,5.775,0.545
2025-11-04 20:13:00,PL02,LINE_A,A,STANDARD,45.22,1,0.8377,0.0458,0.0808,66.7,63.64,58.49,1.57,51.81,18.81,11.99,82.61,2.867,2.981,0.127
2025-11-04 20:50:00,PL02,LINE_D,B,PREMIUM,62.23,2,0.7905,0.25,0.15,91.46,68.59,58.3,3.45,52.89,18.5,14.09,85.49,4.7,4.92,0.518
2025-11-04 21:19:00,PL01,LINE_C,C,STANDARD,41.39,1,0.7801,0.0802,0.1227,67.85,62.41,54.75,1.94,55.52,18.45,23.42,97.38,3.498,3.716,0.238
2025-11-04 21:55:00,PL01,LINE_B,A,PREMIUM,75.83,1,0.8771,0.25,0.1343,41.64,31.23,27.04,2.91,57.48,15.18,22.15,94.82,5.948,6.419,0.391
2025-11-05 01:17:00,PL02,LINE_A,B,PREMIUM,57.56,1,0.8724,0.1268,0.15,54.56,47.64,40.5,3.94,56.24,20.56,30.46,107.27,6.193,6.59,0.591
2025-11-05 01:38:00,PL01,LINE_D,B,STANDARD,37.4,1,0.8209,0.0464,0.0673,79.02,75.35,70.28,2.41,53.69,15.01,16.4,85.1,3.543,3.624,0.162
2025-11-05 02:10:00,PL01,LINE_D,C,STANDARD,29.2,2,0.9079,0.1824,0.15,223.9,183.05,155.59,2.43,56.43,11.99,16.95,85.37,2.899,2.982,0.365
2025-11-05 02:25:00,PL03,LINE_B,A,PREMIUM,30.74,1,0.8492,0.0558,0.15,99.46,93.91,79.82,2.87,43.73,12.91,20.82,77.45,3.693,3.838,0.43
2025-11-05 03:15:00,PL01,LINE_A,C,HEAVY,68.63,1,0.8606,0.0733,0.1212,45.14,41.83,36.76,6.09,58.39,22.43,12.76,93.59,8.326,8.634,0.738
2025-11-05 03:46:00,PL03,LINE_C,A,STANDARD,39.35,2,0.8903,0.1221,0.1021,162.92,143.02,128.42,2.51,46.56,20.07,24.34,90.96,3.146,3.218,0.256
2025-11-05 04:10:00,PL02,LINE_B,A,STANDARD,30.13,1,0.8562,0.1151,0.15,102.29,90.52,76.94,2.27,50.51,17.65,29.5,97.67,3.351,3.541,0.341
2025-11-05 05:09:00,PL02,LINE_B,B,STANDARD,48.14,2,0.9252,0.18,0.15,138.37,113.46,96.44,2.57,54.94,21.21,20.61,96.76,3.423,3.574,0.386
2025-11-05 05:53:00,PL02,LINE_C,B,PREMIUM,36.67,2,0.9074,0.2024,0.1383,178.17,142.1,122.46,3.71,50.99,17.85,28.66,97.51,4.396,4.506,0.513
2025-11-05 06:09:00,PL03,LINE_B,A,STANDARD,36.29,1,0.8691,0.1341,0.15,86.22,74.66,63.46,2.03,46.08,13.38,14.21,73.68,3.015,3.19,0.304
2025-11-05 06:19:00,PL02,LINE_B,C,STANDARD,39.28,1,0.8416,0.11,0.1477,77.14,68.66,58.52,2.43,53.48,12.24,26.58,92.3,3.771,4.004,0.358
2025-11-05 06:24:00,PL01,LINE_B,C,STANDARD,33.23,2,0.7963,0.1277,0.084,172.53,150.5,137.86,1.92,58.98,6.0,22.63,87.62,2.502,2.555,0.161
2025-11-05 06:47:00,PL01,LINE_C,C,STANDARD,27.02,1,0.8207,0.213,0.0557,109.34,86.05,81.26,1.83,61.69,20.98,17.99,100.66,2.999,3.068,0.102
2025-11-05 07:09:00,PL01,LINE_A,C,HEAVY,43.14,2,0.7385,0.1703,0.0346,123.25,102.26,98.72,5.12,57.67,20.11,33.95,111.73,6.214,6.253,0.177
2025-11-05 07:48:00,PL03,LINE_A,C,PREMIUM,37.27,1,0.8524,0.0957,0.0954,82.33,74.45,67.34,4.15,48.42,17.79,22.9,89.11,5.352,5.478,0.396
2025-11-05 09:19:00,PL03,LINE_D,A,HEAVY,66.27,1,0.8427,0.25,0.1012,45.78,34.33,30.86,4.76,48.2,21.13,21.52,90.85,7.41,7.708,0.482
2025-11-05 10:08:00,PL01,LINE_A,B,STANDARD,25.16,1,0.8044,0.1898,0.0623,115.11,93.27,87.46,1.99,54.3,14.87,14.87,84.04,2.892,2.952,0.124
2025-11-05 10:26:00,PL03,LINE_B,A,PREMIUM,33.08,4,0.8948,0.1408,0.1354,389.55,334.71,289.38,3.46,46.96,23.03,23.29,93.27,3.734,3.778,0.468
2025-11-05 11:59:00,PL03,LINE_B,B,STANDARD,43.29,2,0.8343,0.0478,0.0356,138.75,132.12,127.42,2.74,48.9,23.71,16.91,89.52,3.42,3.445,0.098
2025-11-05 12:26:00,PL01,LINE_B,A,STANDARD,28.37,1,0.8212,0.1292,0.105,104.22,90.76,81.23,2.31,57.52,7.54,17.99,83.05,3.23,3.337,0.243
2025-11-05 12:44:00,PL03,LINE_D,C,STANDARD,42.13,1,0.8829,0.2031,0.1234,75.44,60.12,52.7,2.61,51.04,19.56,20.92,91.52,4.128,4.342,0.321
2025-11-05 13:02:00,PL03,LINE_C,B,STANDARD,26.79,1,0.9062,0.1037,0.0804,121.79,109.16,100.39,2.57,46.11,14.45,22.33,82.89,3.325,3.391,0.206
2025-11-05 13:13:00,PL01,LINE_B,A,HEAVY,84.15,1,0.8883,0.0603,0.0862,38.0,35.71,32.63,4.72,53.98,30.34,28.62,112.94,7.883,8.181,0.407
2025-11-05 14:37:00,PL02,LINE_A,A,STANDARD,33.99,1,0.9041,0.1442,0.0474,95.76,81.95,78.07,2.34,47.53,16.03,18.29,81.85,3.338,3.388,0.111
2025-11-05 15:01:00,PL02,LINE_D,B,PREMIUM,38.93,1,0.6489,0.25,0.15,60.0,45.0,38.25,2.62,49.39,19.83,12.22,81.44,4.43,4.749,0.393
2025-11-05 15:24:00,PL01,LINE_A,B,STANDARD,41.66,4,0.7759,0.1578,0.0488,268.18,225.87,214.85,2.15,58.05,13.92,27.42,99.38,2.594,2.617,0.105
2025-11-05 17:30:00,PL03,LINE_A,A,STANDARD,35.34,2,0.8977,0.1882,0.15,182.88,148.47,126.2,2.23,44.52,19.65,27.63,91.8,2.851,2.96,0.335
2025-11-05 17:47:00,PL01,LINE_B,B,STANDARD,35.23,2,0.7664,0.2132,0.1353,156.64,123.24,106.56,2.22,56.57,22.97,12.64,92.17,2.964,3.081,0.3
2025-11-05 18:11:00,PL03,LINE_B,A,STANDARD,33.77,4,0.8695,0.25,0.135,370.75,278.06,240.52,2.25,45.91,15.85,11.22,72.98,2.513,2.554,0.304
2025-11-05 18:50:00,PL02,LINE_B,B,STANDARD,40.87,1,0.9093,0.1309,0.0309,80.09,69.61,67.46,1.95,52.92,13.46,26.8,93.19,3.293,3.335,0.06
2025-11-05 19:16:00,PL03,LINE_A,A,STANDARD,33.22,2,0.8398,0.2263,0.15,182.02,140.83,119.7,2.38,51.72,17.07,23.8,92.59,3.033,3.149,0.356
2025-11-05 19:41:00,PL02,LINE_C,C,PREMIUM,39.0,1,0.8726,0.232,0.0849,80.55,61.86,56.61,2.18,55.32,13.42,18.39,87.12,3.593,3.724,0.186
2025-11-05 20:01:00,PL01,LINE_A,B,STANDARD,42.47,2,0.8536,0.0543,0.066,144.73,136.88,127.85,2.53,55.41,11.0,24.54,90.95,3.199,3.246,0.167
2025-11-05 21:39:00,PL01,LINE_A,C,STANDARD,33.88,2,0.9551,0.25,0.1128,202.96,152.22,135.04,2.38,55.57,22.72,25.64,103.93,3.065,3.152,0.269
2025-11-05 22:41:00,PL01,LINE_B,C,PREMIUM,53.47,2,0.8964,0.2004,0.103,120.71,96.52,86.58,3.8,57.64,11.36,30.22,99.22,4.83,4.948,0.391
2025-11-05 22:48:00,PL03,LINE_A,B,HEAVY,87.75,1,0.9182,0.0262,0.0828,37.67,36.68,33.65,4.91,45.07,21.16,18.94,85.17,7.233,7.443,0.407
2025-11-05 22:58:00,PL01,LINE_A,A,STANDARD,37.94,1,0.8752,0.1244,0.15,83.05,72.72,61.81,2.73,53.41,18.59,18.99,90.99,3.984,4.205,0.41
2025-11-05 23:09:00,PL01,LINE_A,B,STANDARD,26.3,4,0.8633,0.25,0.15,472.78,354.58,301.39,2.3,54.79,21.7,27.01,103.5,2.592,2.644,0.345
2025-11-05 23:10:00,PL02,LINE_A,B,PREMIUM,58.39,1,0.9024,0.019,0.0968,55.64,54.58,49.3,3.96,51.33,15.87,24.77,91.97,5.646,5.826,0.383
2025-11-05 23:45:00,PL03,LINE_C,B,PREMIUM,68.86,2,0.8899,0.1308,0.15,93.05,80.88,68.75,2.92,54.02,19.23,21.15,94.4,4.092,4.298,0.439
2025-11-05 23:56:00,PL01,LINE_D,B,STANDARD,40.3,1,0.8576,0.25,0.15,76.62,57.46,48.84,1.47,56.43,18.57,23.08,98.08,3.181,3.482,0.221
2025-11-06 00:19:00,PL01,LINE_A,A,HEAVY,89.77,1,0.9527,0.1947,0.0542,38.2,30.77,29.1,6.0,55.26,19.78,31.57,106.61,9.469,9.668,0.325
2025-11-06 00:28:00,PL01,LINE_C,B,PREMIUM,43.93,2,0.8061,0.151,0.1249,132.14,112.19,98.18,2.66,58.02,19.57,8.0,85.59,3.424,3.533,0.332
2025-11-06 02:16:00,PL01,LINE_B,B,HEAVY,71.66,2,0.905,0.25,0.1159,90.93,68.2,60.3,5.51,55.19,25.52,14.24,94.95,6.901,7.084,0.638
2025-11-06 02:48:00,PL03,LINE_B,A,HEAVY,49.23,2,0.9479,0.2086,0.0551,138.65,109.73,103.68,6.19,48.64,20.04,27.11,95.79,7.066,7.117,0.341
2025-11-06 02:58:00,PL02,LINE_B,C,HEAVY,49.94,2,0.7942,0.25,0.0598,114.5,85.87,80.74,4.67,54.18,24.23,26.45,104.87,5.896,5.973,0.279
2025-11-06 03:49:00,PL03,LINE_D,B,STANDARD,38.37,2,0.7766,0.0825,0.0661,145.74,133.71,124.87,1.88,51.12,20.85,25.81,97.79,2.614,2.666,0.124
2025-11-06 04:45:00,PL01,LINE_C,A,HEAVY,65.93,1,0.8547,0.1618,0.1442,46.67,39.12,33.48,5.21,54.02,17.57,22.57,94.15,7.615,8.021,0.751
2025-11-06 05:47:00,PL03,LINE_A,B,STANDARD,25.65,2,0.8492,0.1066,0.15,238.34,212.93,180.99,2.13,46.66,20.85,25.69,93.2,2.567,2.644,0.319
2025-11-06 06:12:00,PL03,LINE_C,B,PREMIUM,39.27,1,0.7569,0.25,0.0299,69.39,52.04,50.49,3.32,50.27,14.69,18.58,83.54,4.921,4.97,0.099
2025-11-06 07:36:00,PL02,LINE_A,B,STANDARD,31.32,2,0.8492,0.0998,0.1024,195.2,175.71,157.71,1.76,52.15,14.56,33.17,99.88,2.324,2.388,0.18
2025-11-06 08:09:00,PL03,LINE_C,B,PREMIUM,48.26,2,0.8991,0.1487,0.15,134.15,114.19,97.07,3.71,51.52,23.37,19.36,94.25,4.538,4.684,0.557
2025-11-06 08:10:00,PL03,LINE_B,A,STANDARD,38.39,1,0.9004,0.0076,0.1162,84.44,83.8,74.06,1.94,45.97,18.81,17.37,82.15,2.917,3.046,0.225
2025-11-06 09:13:00,PL02,LINE_C,B,PREMIUM,42.02,1,0.9156,0.171,0.1494,78.45,65.04,55.32,3.56,48.17,17.24,31.64,97.05,5.053,5.315,0.532
2025-11-06 09:47:00,PL01,LINE_C,A,STANDARD,28.8,1,0.9191,0.25,0.1344,114.89,86.17,74.59,2.04,54.18,10.3,22.33,86.8,3.05,3.207,0.275
2025-11-06 09:59:00,PL01,LINE_D,A,STANDARD,39.86,2,0.7855,0.25,0.15,141.89,106.42,90.46,2.23,48.58,21.46,18.83,88.88,3.067,3.215,0.335
2025-11-06 10:53:00,PL02,LINE_A,A,STANDARD,21.24,1,0.98,0.1039,0.0405,166.09,148.83,142.81,1.73,53.1,13.46,30.71,97.27,2.379,2.407,0.07
2025-11-06 11:41:00,PL01,LINE_C,A,PREMIUM,54.93,1,0.8578,0.0331,0.0569,56.21,54.35,51.26,4.07,51.17,16.49,21.92,89.59,5.716,5.815,0.231
2025-11-06 12:21:00,PL03,LINE_C,B,PREMIUM,45.33,1,0.8531,0.0838,0.0803,67.76,62.08,57.09,2.74,49.81,23.49,20.73,94.03,4.257,4.389,0.22
2025-11-06 13:40:00,PL03,LINE_A,B,STANDARD,33.19,2,0.8707,0.0816,0.0962,188.88,173.46,156.77,1.93,45.57,22.03,16.75,84.35,2.419,2.471,0.186
2025-11-06 14:08:00,PL01,LINE_A,A,STANDARD,31.65,2,0.8854,0.1598,0.0664,201.39,169.21,157.98,3.31,57.89,18.65,25.99,102.53,3.915,3.958,0.22
2025-11-06 14:12:00,PL01,LINE_A,A,STANDARD,46.13,1,0.9196,0.1182,0.0598,71.77,63.29,59.51,2.25,53.75,18.76,21.16,93.67,3.727,3.821,0.134
2025-11-06 15:55:00,PL01,LINE_C,B,HEAVY,48.39,2,0.7669,0.1839,0.052,114.11,93.12,88.27,5.6,54.36,22.66,24.85,101.87,6.691,6.751,0.291
2025-11-06 16:02:00,PL03,LINE_C,B,STANDARD,29.66,1,0.9614,0.2231,0.0366,116.68,90.65,87.34,1.87,50.21,15.15,32.94,98.29,2.955,2.996,0.068
2025-11-06 16:42:00,PL01,LINE_C,B,PREMIUM,31.32,1,0.8492,0.1607,0.15,97.61,81.92,69.64,4.36,58.97,19.65,25.87,104.49,5.64,5.865,0.655
2025-11-06 17:08:00,PL01,LINE_A,A,PREMIUM,61.74,1,0.8084,0.16,0.0725,47.14,39.59,36.73,2.26,51.98,11.54,18.32,81.84,4.327,4.489,0.164
2025-11-06 17:36:00,PL02,LINE_C,A,STANDARD,42.78,1,0.9203,0.1028,0.0795,77.45,69.49,63.97,2.75,51.23,20.44,27.46,99.13,4.176,4.299,0.219
2025-11-06 17:37:00,PL01,LINE_C,C,HEAVY,83.02,1,0.9779,0.1885,0.0291,42.4,34.41,33.41,4.52,58.68,22.15,24.73,105.55,7.59,7.682,0.132
2025-11-06 18:18:00,PL01,LINE_A,B,STANDARD,38.36,2,0.8041,0.25,0.0942,150.93,113.2,102.54,2.23,57.29,16.9,22.48,96.68,3.086,3.175,0.21
2025-11-06 18:38:00,PL01,LINE_D,B,PREMIUM,37.68,1,0.7056,0.1247,0.0908,67.42,59.01,53.65,3.36,59.06,22.65,19.56,101.27,5.073,5.244,0.305
2025-11-06 19:27:00,PL03,LINE_B,B,STANDARD,42.38,2,0.8744,0.25,0.0835,148.56,111.42,102.11,2.55,53.04,13.74,22.55,89.33,3.354,3.427,0.213
2025-11-06 19:37:00,PL02,LINE_C,C,HEAVY,45.87,1,0.9448,0.2288,0.15,74.15,57.19,48.61,5.29,53.6,18.42,27.98,100.0,7.042,7.351,0.794
2025-11-06 20:42:00,PL01,LINE_D,B,PREMIUM,28.09,1,0.9782,0.25,0.0798,125.36,94.02,86.52,3.54,57.68,22.71,25.17,105.57,4.661,4.758,0.282
2025-11-06 20:45:00,PL02,LINE_D,A,STANDARD,38.97,1,0.7716,0.1591,0.15,71.28,59.94,50.95,2.37,48.24,22.89,17.65,88.78,3.849,4.111,0.355
2025-11-06 23:03:00,PL01,LINE_A,B,STANDARD,38.7,2,0.8819,0.1241,0.0777,164.07,143.7,132.54,2.37,55.15,18.08,12.98,86.21,2.972,3.023,0.184
2025-11-06 23:16:00,PL02,LINE_B,C,STANDARD,22.86,1,0.8237,0.25,0.0448,129.7,97.27,92.91,2.49,54.35,18.2,22.63,95.18,3.472,3.518,0.112
2025-11-07 00:51:00,PL02,LINE_C,C,STANDARD,32.56,1,0.8069,0.2079,0.1059,89.22,70.67,63.19,1.62,53.81,17.85,23.67,95.33,2.968,3.128,0.171
2025-11-07 00:51:00,PL03,LINE_A,A,STANDARD,46.76,1,0.9225,0.1586,0.0894,71.02,59.76,54.42,2.02,45.08,22.5,24.09,91.68,3.549,3.7,0.18
2025-11-07 00:59:00,PL01,LINE_A,C,STANDARD,29.0,1,0.8495,0.171,0.15,105.45,87.41,74.3,1.74,60.17,7.54,18.32,86.02,2.722,2.896,0.261
2025-11-07 01:47:00,PL01,LINE_B,B,STANDARD,30.55,1,0.9016,0.1572,0.0906,106.24,89.53,81.42,2.54,54.54,14.37,29.97,98.88,3.639,3.749,0.23
2025-11-07 03:15:00,PL01,LINE_C,A,HEAVY,46.91,1,0.8405,0.1761,0.15,64.51,53.14,45.17,3.99,53.58,22.14,28.25,103.97,5.947,6.292,0.599
2025-11-07 03:45:00,PL01,LINE_B,B,PREMIUM,43.35,1,0.859,0.1536,0.1092,71.33,60.37,53.78,3.07,56.75,16.71,22.13,95.59,4.652,4.846,0.335
2025-11-07 05:08:00,PL01,LINE_B,C,STANDARD,49.76,1,0.919,0.1087,0.1177,66.49,59.26,52.29,1.94,56.61,8.01,25.2,89.82,3.454,3.656,0.228
2025-11-07 05:22:00,PL01,LINE_A,C,HEAVY,54.78,1,0.8496,0.2283,0.0796,55.83,43.09,39.66,4.28,58.88,16.79,22.32,97.99,6.551,6.747,0.34
2025-11-07 05:54:00,PL01,LINE_B,A,STANDARD,40.25,1,0.9188,0.0734,0.15,82.18,76.14,64.72,2.23,56.82,15.72,27.14,99.68,3.535,3.766,0.334
2025-11-07 06:13:00,PL01,LINE_D,B,HEAVY,60.19,1,0.8188,0.1553,0.1213,48.97,41.37,36.35,5.27,53.13,22.49,23.42,99.05,7.664,7.995,0.639
2025-11-07 08:46:00,PL01,LINE_B,A,PREMIUM,57.02,2,0.7886,0.1636,0.0134,99.58,83.29,82.17,3.07,57.45,8.07,27.08,92.6,4.177,4.192,0.041
2025-11-07 09:00:00,PL02,LINE_B,C,HEAVY,117.48,1,0.98,0.1345,0.0799,30.03,25.99,23.92,5.16,49.82,20.0,18.93,88.74,8.576,8.872,0.412
2025-11-07 11:37:00,PL03,LINE_A,C,STANDARD,31.91,2,0.7902,0.0982,0.0382,178.31,160.79,154.65,2.09,50.07,12.16,20.48,82.71,2.6,2.621,0.08
2025-11-07 12:33:00,PL03,LINE_A,B,STANDARD,45.65,1,0.9081,0.1183,0.0413,71.62,63.15,60.54,2.33,50.6,12.93,26.14,89.67,3.748,3.809,0.096
2025-11-07 13:51:00,PL01,LINE_B,A,STANDARD,23.73,1,0.8822,0.0748,0.0678,133.84,123.83,115.43,1.88,51.5,21.01,23.19,95.7,2.652,2.708,0.127
2025-11-07 15:19:00,PL03,LINE_A,A,HEAVY,54.7,1,0.7465,0.2402,0.0133,49.14,37.34,36.84,5.5,45.57,27.31,17.28,90.16,7.92,7.952,0.073
2025-11-07 16:04:00,PL02,LINE_C,A,STANDARD,29.16,2,0.9641,0.1805,0.15,238.03,195.07,165.81,1.94,45.6,12.08,18.09,75.77,2.329,2.397,0.291
2025-11-07 17:15:00,PL01,LINE_B,C,STANDARD,19.79,1,0.8803,0.25,0.15,160.17,120.13,102.11,2.3,58.53,16.14,24.02,98.69,3.119,3.264,0.345
2025-11-07 17:46:00,PL01,LINE_C,C,STANDARD,24.32,4,0.8345,0.2224,0.041,494.02,384.16,368.4,2.81,58.63,16.92,26.55,102.09,3.072,3.084,0.115
2025-11-07 19:23:00,PL01,LINE_C,C,PREMIUM,38.96,1,0.9132,0.25,0.0672,84.39,63.29,59.04,3.06,58.71,18.21,24.69,101.61,4.665,4.78,0.206
2025-11-07 21:41:00,PL02,LINE_D,A,STANDARD,29.99,1,0.8769,0.1649,0.0317,105.26,87.91,85.12,2.65,50.85,20.0,27.24,98.09,3.762,3.799,0.084
2025-11-07 22:08:00,PL01,LINE_B,C,PREMIUM,37.53,1,0.8839,0.0851,0.0326,84.79,77.57,75.04,3.06,58.84,12.2,23.92,94.96,4.285,4.326,0.1
2025-11-07 22:09:00,PL02,LINE_A,B,STANDARD,53.68,2,0.8305,0.108,0.1068,111.39,99.36,88.75,2.19,52.84,20.94,26.81,100.59,3.199,3.32,0.234
2025-11-07 22:49:00,PL03,LINE_D,B,STANDARD,32.75,1,0.7842,0.1185,0.1021,86.2,75.99,68.23,2.02,48.8,21.07,27.84,97.71,3.308,3.454,0.206
2025-11-07 23:07:00,PL01,LINE_B,A,PREMIUM,59.92,1,0.8171,0.0583,0.15,49.1,46.24,39.3,2.85,54.49,19.66,21.03,95.18,4.909,5.273,0.428
2025-11-07 23:20:00,PL02,LINE_B,A,STANDARD,34.04,2,0.8262,0.2019,0.1025,174.75,139.48,125.18,2.43,47.36,23.94,17.72,89.01,3.064,3.137,0.249
2025-11-07 23:45:00,PL03,LINE_D,C,PREMIUM,49.41,1,0.9646,0.0534,0.0785,70.28,66.53,61.3,3.27,49.4,22.5,23.71,95.61,4.707,4.83,0.257
2025-11-08 00:03:00,PL01,LINE_D,C,STANDARD,30.88,1,0.7284,0.25,0.15,84.92,63.69,54.14,1.86,58.54,11.06,18.63,88.24,3.248,3.493,0.279
2025-11-08 00:08:00,PL02,LINE_A,C,STANDARD,31.46,1,0.7539,0.0767,0.15,86.28,79.66,67.71,2.15,53.2,15.39,19.16,87.75,3.247,3.442,0.322
2025-11-08 01:29:00,PL02,LINE_D,A,STANDARD,34.2,1,0.8122,0.1933,0.1324,85.5,68.97,59.84,2.16,52.73,21.53,22.0,96.26,3.558,3.771,0.286
2025-11-08 02:08:00,PL01,LINE_B,B,STANDARD,38.3,1,0.98,0.25,0.15,92.11,69.08,58.72,2.21,59.28,14.54,17.52,91.34,3.53,3.763,0.331
2025-11-08 02:12:00,PL01,LINE_C,B,STANDARD,31.48,2,0.7817,0.0786,0.1417,178.77,164.71,141.37,2.24,58.63,25.9,21.24,105.76,2.886,2.992,0.318
2025-11-08 02:42:00,PL02,LINE_A,A,PREMIUM,31.68,1,0.8857,0.25,0.15,100.64,75.48,64.16,3.65,53.78,17.04,17.81,88.63,4.822,5.029,0.547
2025-11-08 03:18:00,PL02,LINE_C,A,STANDARD,49.15,4,0.8742,0.1081,0.1182,256.12,228.43,201.44,2.05,50.5,13.08,21.28,84.86,2.424,2.474,0.243
2025-11-08 04:03:00,PL01,LINE_A,C,HEAVY,41.79,1,0.8213,0.0421,0.15,70.75,67.78,57.61,6.13,57.12,17.14,31.9,106.16,7.697,7.974,0.92
2025-11-08 04:20:00,PL03,LINE_D,C,STANDARD,30.25,1,0.7369,0.0604,0.113,87.71,82.41,73.09,2.41,48.26,17.51,22.2,87.96,3.479,3.615,0.273
2025-11-08 05:15:00,PL02,LINE_C,A,PREMIUM,29.87,1,0.8788,0.089,0.0402,105.92,96.49,92.61,3.86,50.95,22.6,27.66,101.21,4.91,4.954,0.155
2025-11-08 06:51:00,PL01,LINE_B,C,STANDARD,39.58,2,0.8587,0.0219,0.0358,156.21,152.8,147.32,2.1,56.03,17.05,26.15,99.23,2.749,2.773,0.075
2025-11-08 07:58:00,PL03,LINE_B,C,STANDARD,23.32,1,0.8924,0.2471,0.069,137.78,103.74,96.58,2.81,48.79,20.15,26.92,95.87,3.738,3.807,0.194
2025-11-08 08:35:00,PL02,LINE_B,B,PREMIUM,24.06,4,0.88,0.1745,0.15,526.73,434.82,369.6,4.15,51.29,22.93,16.92,91.14,4.363,4.4,0.623
2025-11-08 10:08:00,PL01,LINE_A,A,STANDARD,34.78,1,0.8952,0.0955,0.06,92.66,83.82,78.79,2.46,55.81,19.93,22.12,97.86,3.629,3.703,0.148
2025-11-08 11:32:00,PL02,LINE_D,B,STANDARD,42.05,1,0.8669,0.0478,0.0237,74.22,70.67,68.99,1.89,52.66,19.55,24.57,96.78,3.262,3.296,0.045
2025-11-08 12:59:00,PL01,LINE_D,A,HEAVY,73.39,1,0.8287,0.25,0.1011,40.65,30.49,27.41,4.51,54.4,17.48,22.17,94.05,7.59,7.937,0.456
2025-11-08 13:26:00,PL02,LINE_B,C,PREMIUM,45.4,1,0.8022,0.1814,0.0884,63.61,52.07,47.46,3.13,51.6,16.18,18.31,86.09,4.788,4.948,0.277
2025-11-08 13:30:00,PL01,LINE_C,C,STANDARD,44.8,1,0.8621,0.0266,0.0331,69.27,67.43,65.2,1.94,55.65,20.52,20.72,96.89,3.376,3.426,0.064
2025-11-08 14:25:00,PL01,LINE_B,B,STANDARD,31.4,1,0.823,0.2198,0.0827,94.35,73.61,67.53,2.12,55.65,13.92,24.01,93.58,3.389,3.503,0.175
2025-11-08 15:15:00,PL02,LINE_A,B,STANDARD,47.88,2,0.7833,0.1275,0.0471,117.78,102.77,97.93,1.78,49.4,15.06,14.26,78.72,2.546,2.583,0.084
2025-11-08 15:28:00,PL02,LINE_B,C,PREMIUM,37.1,1,0.8883,0.25,0.0808,86.2,64.65,59.43,3.71,48.94,16.48,20.33,85.75,5.04,5.157,0.3
2025-11-08 15:34:00,PL03,LINE_A,B,STANDARD,31.53,2,0.8682,0.25,0.0946,198.28,148.71,134.64,2.73,45.33,19.42,24.58,89.33,3.328,3.391,0.258
2025-11-08 17:42:00,PL03,LINE_D,A,PREMIUM,89.89,2,0.778,0.25,0.074,62.32,46.74,43.28,2.25,46.28,12.86,28.38,87.53,4.119,4.268,0.166
2025-11-08 18:26:00,PL01,LINE_C,C,STANDARD,31.08,4,0.9231,0.1609,0.15,427.74,358.92,305.08,2.28,59.15,18.29,26.19,103.62,2.566,2.617,0.342
2025-11-08 18:32:00,PL03,LINE_C,C,PREMIUM,40.69,1,0.9123,0.0563,0.1259,80.72,76.17,66.58,3.67,48.54,13.59,21.06,83.2,4.762,4.919,0.462
2025-11-08 18:34:00,PL01,LINE_A,C,STANDARD,32.38,1,0.7578,0.1143,0.1232,84.24,74.61,65.41,2.31,58.08,21.01,16.77,95.85,3.595,3.775,0.285
2025-11-08 19:27:00,PL02,LINE_C,B,PREMIUM,48.97,2,0.7969,0.25,0.1424,117.16,87.87,75.36,3.62,52.75,16.76,17.83,87.33,4.617,4.782,0.516
2025-11-08 20:25:00,PL02,LINE_C,B,PREMIUM,45.57,1,0.9697,0.1727,0.0801,76.61,63.38,58.31,3.19,52.53,19.82,25.64,97.99,4.737,4.872,0.256
2025-11-08 20:40:00,PL01,LINE_B,A,STANDARD,40.68,2,0.8964,0.1198,0.15,158.64,139.63,118.69,2.23,55.05,24.81,14.2,94.06,2.901,3.02,0.334
2025-11-08 21:12:00,PL01,LINE_A,C,PREMIUM,55.58,1,0.98,0.25,0.15,63.47,47.6,40.46,3.56,59.15,26.87,19.7,105.71,5.777,6.168,0.533
2025-11-08 21:22:00,PL02,LINE_C,B,PREMIUM,43.38,2,0.8309,0.1979,0.0867,137.93,110.63,101.03,3.66,51.25,23.04,25.28,99.56,4.556,4.641,0.317
2025-11-08 22:46:00,PL02,LINE_C,A,PREMIUM,46.45,1,0.8706,0.25,0.1054,67.47,50.6,45.27,3.24,52.15,19.66,21.47,93.27,5.088,5.305,0.342
2025-11-08 22:56:00,PL01,LINE_B,C,STANDARD,30.11,4,0.678,0.2254,0.0359,324.21,251.13,242.11,2.68,59.29,20.25,27.92,107.46,3.108,3.124,0.096
2025-11-08 22:58:00,PL03,LINE_B,C,STANDARD,39.95,2,0.7728,0.09,0.15,139.27,126.73,107.72,1.46,49.69,18.38,22.55,90.62,2.174,2.3,0.219
2025-11-08 23:26:00,PL02,LINE_A,C,STANDARD,43.55,1,0.8511,0.2231,0.0831,70.35,54.65,50.11,2.04,54.79,21.23,20.84,96.87,3.812,3.973,0.169
2025-11-08 23:27:00,PL01,LINE_C,B,STANDARD,23.63,2,0.8776,0.1503,0.15,267.37,227.17,193.1,2.29,57.18,17.21,17.13,91.52,2.696,2.767,0.344
2025-11-08 23:58:00,PL02,LINE_B,B,STANDARD,40.05,2,0.8834,0.0271,0.0905,158.8,154.49,140.52,2.33,50.89,15.42,24.78,91.09,2.924,2.983,0.211
2025-11-09 00:29:00,PL02,LINE_B,C,STANDARD,38.78,2,0.7675,0.0458,0.0435,142.52,135.98,130.06,2.41,53.39,19.04,24.51,96.93,3.118,3.151,0.105
2025-11-09 01:14:00,PL01,LINE_B,C,STANDARD,43.9,2,0.8358,0.25,0.0986,137.09,102.82,92.68,2.58,57.4,21.83,20.65,99.88,3.55,3.656,0.254
2025-11-09 02:39:00,PL02,LINE_B,B,PREMIUM,59.09,1,0.7762,0.25,0.0933,47.29,35.47,32.16,4.02,51.21,26.14,23.62,100.98,6.867,7.16,0.375
2025-11-09 02:49:00,PL03,LINE_B,A,PREMIUM,42.74,1,0.8539,0.1196,0.0668,71.93,63.32,59.1,3.7,45.37,15.07,26.15,86.6,5.072,5.17,0.247
2025-11-09 02:56:00,PL02,LINE_D,C,STANDARD,52.13,1,0.8854,0.1169,0.1437,61.14,54.0,46.24,2.0,52.93,16.63,23.09,92.65,3.711,3.999,0.287
2025-11-09 03:56:00,PL02,LINE_B,B,STANDARD,37.89,1,0.8156,0.2336,0.0468,77.49,59.39,56.61,2.51,51.18,13.24,22.85,87.26,3.98,4.052,0.117
2025-11-09 04:25:00,PL02,LINE_A,C,PREMIUM,49.53,2,0.7583,0.164,0.1122,110.23,92.16,81.82,2.92,54.77,21.25,22.11,98.13,3.983,4.117,0.327
2025-11-09 04:44:00,PL02,LINE_B,A,STANDARD,35.06,1,0.7283,0.1406,0.1263,74.78,64.27,56.15,1.96,49.8,15.94,29.08,94.82,3.437,3.65,0.248
2025-11-09 05:35:00,PL03,LINE_B,C,PREMIUM,52.56,1,0.875,0.1462,0.15,59.93,51.16,43.49,4.23,49.89,16.01,20.46,86.37,5.922,6.22,0.635
2025-11-09 06:04:00,PL01,LINE_B,B,PREMIUM,38.78,1,0.8362,0.0539,0.15,77.62,73.43,62.42,4.19,58.18,22.22,12.02,92.42,5.444,5.667,0.628
2025-11-09 06:17:00,PL02,LINE_D,B,HEAVY,36.11,1,0.6846,0.1685,0.0414,68.26,56.76,54.41,6.41,49.89,23.57,30.52,103.99,8.242,8.321,0.265
2025-11-09 07:48:00,PL03,LINE_C,A,HEAVY,53.67,1,0.9728,0.1009,0.15,65.26,58.68,49.87,5.66,43.29,18.68,16.78,78.75,6.999,7.236,0.849
2025-11-09 07:56:00,PL02,LINE_A,A,PREMIUM,57.01,1,0.8597,0.2092,0.0443,54.29,42.93,41.03,3.19,47.53,24.18,21.97,93.68,5.371,5.472,0.141
2025-11-09 08:07:00,PL01,LINE_C,A,STANDARD,23.05,1,0.851,0.0117,0.0726,132.91,131.35,121.81,2.45,56.91,15.03,18.83,90.77,3.137,3.191,0.178
2025-11-09 08:24:00,PL01,LINE_B,C,PREMIUM,64.59,4,0.8325,0.1187,0.086,185.62,163.59,149.52,3.61,60.86,10.68,21.96,93.5,4.184,4.238,0.311
2025-11-09 08:29:00,PL01,LINE_B,B,STANDARD,23.02,1,0.875,0.1617,0.15,136.86,114.73,97.52,2.28,56.13,20.29,10.63,87.05,3.037,3.171,0.342
2025-11-09 09:43:00,PL02,LINE_C,C,STANDARD,28.71,2,0.862,0.1555,0.0093,216.16,182.55,180.86,1.98,52.9,19.51,15.48,87.89,2.458,2.463,0.018
2025-11-09 10:03:00,PL02,LINE_D,C,HEAVY,61.82,1,0.8448,0.1971,0.065,49.19,39.5,36.93,5.45,54.08,28.47,22.8,105.35,8.116,8.301,0.354
2025-11-09 11:09:00,PL01,LINE_C,C,STANDARD,37.21,2,0.8875,0.1895,0.15,171.74,139.19,118.31,2.57,62.51,17.36,31.53,111.39,3.366,3.507,0.385
2025-11-09 11:21:00,PL01,LINE_D,C,STANDARD,55.94,4,0.7646,0.0816,0.0348,196.8,180.73,174.44,2.05,55.85,21.14,22.13,99.13,2.595,2.615,0.071
2025-11-09 12:14:00,PL01,LINE_A,A,STANDARD,45.51,1,0.8111,0.25,0.15,64.16,48.12,40.9,2.19,54.23,17.81,31.65,103.69,4.346,4.726,0.329
2025-11-09 12:44:00,PL03,LINE_C,B,STANDARD,34.56,2,0.8674,0.2273,0.1398,180.73,139.66,120.14,1.89,45.35,16.36,25.74,87.44,2.511,2.613,0.263
2025-11-09 13:06:00,PL02,LINE_B,A,PREMIUM,79.38,2,0.9487,0.209,0.0945,86.06,68.07,61.64,3.54,49.89,10.94,28.43,89.25,4.846,4.983,0.334
2025-11-09 13:40:00,PL02,LINE_B,A,STANDARD,33.23,4,0.8673,0.1573,0.15,375.82,316.7,269.2,1.92,50.76,9.84,23.94,84.54,2.19,2.237,0.288
2025-11-09 14:12:00,PL02,LINE_B,B,STANDARD,43.55,1,0.8684,0.1048,0.0815,71.79,64.26,59.03,2.69,53.15,16.98,13.1,83.23,3.982,4.097,0.219
2025-11-09 15:35:00,PL01,LINE_D,B,HEAVY,38.9,1,0.8272,0.2317,0.0345,76.55,58.81,56.79,4.37,53.62,18.99,25.02,97.63,6.026,6.085,0.151
2025-11-09 15:37:00,PL01,LINE_C,B,HEAVY,53.45,1,0.7836,0.1384,0.15,52.78,45.47,38.65,5.7,58.69,14.1,21.61,94.41,7.776,8.142,0.855
2025-11-09 15:49:00,PL01,LINE_D,B,STANDARD,68.5,1,0.8411,0.1682,0.0571,44.2,36.77,34.67,1.8,58.86,11.96,20.87,91.7,4.293,4.444,0.103
2025-11-09 15:57:00,PL01,LINE_B,A,PREMIUM,43.17,2,0.928,0.1701,0.1194,154.77,128.44,113.11,3.43,54.85,18.99,23.15,96.99,4.19,4.292,0.41
2025-11-09 16:21:00,PL02,LINE_A,B,STANDARD,28.81,2,0.8908,0.1186,0.0165,222.6,196.19,192.95,1.76,52.15,12.18,26.97,91.3,2.226,2.234,0.029
2025-11-09 16:23:00,PL03,LINE_A,A,PREMIUM,74.15,2,0.9177,0.1915,0.1027,89.1,72.04,64.64,4.47,43.11,12.02,23.0,78.13,5.559,5.683,0.459
2025-11-09 16:27:00,PL01,LINE_B,A,PREMIUM,46.2,1,0.8817,0.1485,0.1164,68.7,58.5,51.69,3.9,59.81,21.43,19.04,100.29,5.609,5.835,0.453
2025-11-09 16:30:00,PL03,LINE_C,A,STANDARD,47.64,4,0.9226,0.1191,0.15,278.88,245.65,208.8,2.16,47.8,23.69,25.57,97.06,2.556,2.625,0.324
2025-11-09 16:31:00,PL01,LINE_A,C,STANDARD,42.43,1,0.8811,0.25,0.048,74.76,56.07,53.38,1.92,56.05,22.77,19.31,98.14,3.667,3.755,0.092
2025-11-09 16:56:00,PL01,LINE_A,B,STANDARD,39.99,4,0.8588,0.1416,0.0687,309.21,265.44,247.21,1.65,55.53,11.62,18.52,85.67,1.976,1.999,0.114
2025-11-09 17:53:00,PL02,LINE_A,B,STANDARD,30.13,1,0.866,0.0566,0.0053,103.47,97.61,97.1,1.47,50.52,18.83,26.9,96.25,2.456,2.461,0.008
2025-11-09 18:24:00,PL02,LINE_D,B,STANDARD,21.46,1,0.6923,0.25,0.15,116.13,87.1,74.03,2.29,52.59,18.86,17.31,88.77,3.308,3.488,0.343
2025-11-09 18:36:00,PL02,LINE_A,C,STANDARD,28.29,1,0.8995,0.0925,0.15,114.44,103.85,88.28,2.85,54.43,16.69,20.68,91.8,3.734,3.89,0.427
2025-11-09 18:41:00,PL01,LINE_A,C,PREMIUM,28.33,2,0.8184,0.044,0.0343,207.99,198.84,192.02,3.62,54.17,20.05,14.53,88.75,4.069,4.085,0.124
2025-11-09 18:57:00,PL02,LINE_D,A,STANDARD,37.88,1,0.9136,0.1059,0.0178,86.82,77.63,76.24,1.77,49.69,19.36,21.9,90.95,2.939,2.96,0.031
2025-11-09 19:31:00,PL01,LINE_B,B,PREMIUM,38.43,4,0.887,0.1039,0.0558,332.33,297.78,281.15,2.66,58.88,15.92,33.49,108.29,3.023,3.045,0.149
2025-11-09 19:34:00,PL03,LINE_A,A,HEAVY,86.41,1,0.8495,0.25,0.15,35.39,26.55,22.56,5.01,50.04,23.03,19.97,93.04,8.519,9.138,0.752
2025-11-09 20:14:00,PL01,LINE_C,B,PREMIUM,47.55,1,0.7652,0.0745,0.0561,57.93,53.62,50.61,3.1,54.58,19.69,27.41,101.67,4.995,5.107,0.174
2025-11-09 20:31:00,PL03,LINE_A,B,PREMIUM,20.8,2,0.8816,0.2124,0.0279,305.12,240.3,233.59,4.0,47.37,20.35,23.17,90.89,4.376,4.387,0.112
2025-11-09 20:31:00,PL01,LINE_A,A,STANDARD,47.65,1,0.8106,0.0031,0.066,61.25,61.05,57.02,2.86,53.69,19.65,15.06,88.4,4.305,4.407,0.189
2025-11-09 22:51:00,PL01,LINE_C,A,HEAVY,75.81,1,0.8445,0.1889,0.15,40.1,32.53,27.65,5.4,53.65,22.9,17.42,93.98,8.293,8.803,0.811
2025-11-09 23:09:00,PL01,LINE_D,C,PREMIUM,37.38,2,0.8376,0.25,0.0552,161.33,121.0,114.32,3.17,57.18,27.36,24.16,108.7,4.068,4.121,0.175
2025-11-09 23:29:00,PL01,LINE_C,C,PREMIUM,41.43,1,0.8634,0.25,0.1071,75.03,56.27,50.24,2.98,58.96,17.79,22.94,99.69,4.747,4.959,0.319
2025-11-09 23:45:00,PL01,LINE_B,B,PREMIUM,30.08,2,0.9192,0.25,0.0773,220.01,165.01,152.26,3.98,58.97,19.9,25.44,104.31,4.614,4.667,0.308
2025-11-10 00:49:00,PL03,LINE_A,C,STANDARD,46.46,1,0.7704,0.137,0.0596,59.69,51.52,48.45,1.79,43.5,17.67,22.81,83.97,3.422,3.525,0.107
2025-11-10 01:13:00,PL01,LINE_D,C,STANDARD,33.56,2,0.7657,0.2267,0.15,164.25,127.01,107.96,2.04,56.03,13.19,23.47,92.69,2.765,2.894,0.305
2025-11-10 01:40:00,PL02,LINE_A,A,STANDARD,57.83,1,0.7721,0.1552,0.0165,48.06,40.6,39.93,1.73,50.14,15.2,23.03,88.37,3.91,3.946,0.029
2025-11-10 02:05:00,PL03,LINE_B,C,PREMIUM,31.82,1,0.8759,0.2489,0.15,99.11,74.44,63.28,3.52,51.72,11.64,18.12,81.48,4.619,4.812,0.529
2025-11-10 03:05:00,PL02,LINE_D,B,STANDARD,56.61,1,0.8369,0.1124,0.0331,53.22,47.24,45.68,2.17,53.42,15.98,20.83,90.23,4.08,4.146,0.072
2025-11-10 04:07:00,PL01,LINE_A,C,STANDARD,34.13,2,0.8319,0.1516,0.0187,175.48,148.88,146.09,2.22,57.8,17.15,31.44,106.38,2.938,2.952,0.042
2025-11-10 04:11:00,PL02,LINE_B,B,HEAVY,65.12,1,0.8341,0.1325,0.15,46.12,40.01,34.01,5.17,51.34,21.48,24.08,96.91,7.595,8.022,0.776
2025-11-10 04:33:00,PL01,LINE_A,A,HEAVY,43.2,2,0.9208,0.25,0.078,153.44,115.08,106.11,5.88,53.41,22.1,35.31,110.83,6.839,6.92,0.458
2025-11-10 05:19:00,PL01,LINE_D,C,STANDARD,22.31,2,0.7723,0.0725,0.1247,249.23,231.15,202.33,2.78,58.82,13.11,24.54,96.47,3.197,3.256,0.347
2025-11-10 05:20:00,PL01,LINE_D,B,STANDARD,31.08,2,0.7873,0.25,0.1317,182.4,136.8,118.78,1.67,55.66,16.08,27.02,98.75,2.388,2.497,0.219
2025-11-10 05:42:00,PL01,LINE_D,A,STANDARD,35.44,1,0.7964,0.1661,0.0623,80.9,67.47,63.27,2.59,54.72,16.31,19.98,91.02,3.935,4.025,0.161
2025-11-10 06:08:00,PL03,LINE_C,C,STANDARD,22.91,2,0.8947,0.25,0.0627,281.19,210.89,197.67,2.18,50.38,21.27,17.41,89.06,2.601,2.629,0.137
2025-11-10 06:21:00,PL02,LINE_C,A,HEAVY,66.21,2,0.9414,0.0088,0.0186,102.36,101.46,99.57,4.34,51.67,21.7,18.16,91.53,5.24,5.257,0.081
2025-11-10 06:31:00,PL01,LINE_B,B,STANDARD,39.44,4,0.8304,0.0977,0.0799,303.21,273.6,251.73,2.16,55.85,16.33,18.98,91.16,2.489,2.518,0.172
2025-11-10 06:36:00,PL01,LINE_A,B,STANDARD,29.11,1,0.8489,0.2153,0.0352,104.99,82.39,79.48,2.28,57.03,15.29,17.39,89.7,3.37,3.41,0.08
2025-11-10 07:36:00,PL02,LINE_A,A,PREMIUM,71.64,1,0.9605,0.25,0.0856,48.27,36.2,33.1,3.89,51.48,16.64,17.3,85.42,6.249,6.47,0.333
2025-11-10 08:04:00,PL01,LINE_C,B,STANDARD,23.33,1,0.9629,0.0354,0.15,148.6,143.33,121.83,2.15,57.52,23.77,22.63,103.92,2.872,3.0,0.322
2025-11-10 08:12:00,PL01,LINE_B,B,STANDARD,42.17,1,0.8448,0.1711,0.0466,72.12,59.78,56.99,2.7,57.53,16.14,19.51,93.18,4.261,4.337,0.126
2025-11-10 08:24:00,PL01,LINE_D,A,STANDARD,25.74,2,0.8002,0.1373,0.0567,223.81,193.08,182.13,2.45,56.78,17.31,26.27,100.35,2.969,3.001,0.139
2025-11-10 08:28:00,PL01,LINE_C,C,STANDARD,49.0,4,0.901,0.139,0.0053,264.8,227.98,226.77,2.16,61.35,16.34,22.65,100.33,2.596,2.598,0.011
2025-11-10 09:08:00,PL03,LINE_D,A,STANDARD,47.22,1,0.8054,0.25,0.0264,61.4,46.05,44.83,2.55,45.56,12.98,26.83,85.37,4.406,4.457,0.067
2025-11-10 09:30:00,PL03,LINE_C,B,PREMIUM,41.42,2,0.8376,0.155,0.0453,145.6,123.04,117.46,3.02,47.41,19.03,28.25,94.7,3.789,3.826,0.137
2025-11-10 09:30:00,PL02,LINE_D,C,PREMIUM,75.53,1,0.8568,0.084,0.1061,40.83,37.4,33.43,3.34,52.37,17.61,23.17,93.15,5.835,6.131,0.355
2025-11-10 09:46:00,PL02,LINE_B,A,STANDARD,34.78,2,0.9097,0.1796,0.15,188.34,154.52,131.34,2.38,48.39,18.36,18.37,85.12,2.93,3.027,0.357
2025-11-10 11:06:00,PL01,LINE_A,A,STANDARD,47.06,2,0.6951,0.25,0.15,106.35,79.76,67.8,1.82,55.88,21.54,17.55,94.97,3.014,3.224,0.273
2025-11-10 11:25:00,PL01,LINE_C,C,PREMIUM,34.67,2,0.7964,0.25,0.1487,165.4,124.05,105.6,2.8,56.25,15.99,15.55,87.79,3.512,3.635,0.417
2025-11-10 13:46:00,PL03,LINE_A,A,PREMIUM,54.75,1,0.8937,0.1308,0.0678,58.76,51.08,47.61,3.48,45.94,20.23,20.21,86.38,5.171,5.294,0.236
2025-11-10 14:06:00,PL02,LINE_A,A,PREMIUM,46.33,1,0.8112,0.144,0.0781,63.03,53.95,49.74,3.53,47.54,19.71,15.59,82.85,5.069,5.199,0.276
2025-11-10 14:38:00,PL02,LINE_C,C,STANDARD,48.49,2,0.7944,0.0218,0.15,117.95,115.37,98.07,2.5,52.92,15.41,15.3,83.63,3.221,3.348,0.374
2025-11-10 14:57:00,PL03,LINE_A,A,HEAVY,69.46,2,0.7516,0.0545,0.1446,77.91,73.67,63.01,5.49,48.41,20.44,21.86,90.71,6.722,6.93,0.794
2025-11-10 15:04:00,PL02,LINE_A,B,STANDARD,39.02,1,0.8653,0.0741,0.0494,79.84,73.92,70.27,2.32,49.0,20.43,24.57,94.0,3.588,3.654,0.114
2025-11-10 16:00:00,PL01,LINE_C,C,STANDARD,33.59,4,0.9134,0.2304,0.0278,391.58,301.35,292.97,1.77,56.83,13.45,20.06,90.33,2.066,2.074,0.049
2025-11-10 16:32:00,PL02,LINE_D,A,STANDARD,25.54,1,0.8029,0.1633,0.0354,113.19,94.71,91.36,1.61,53.14,14.93,24.32,92.39,2.589,2.625,0.057
2025-11-10 17:18:00,PL03,LINE_B,B,STANDARD,39.52,2,0.8101,0.0407,0.061,147.59,141.58,132.94,1.81,48.37,16.07,23.42,87.86,2.435,2.475,0.111
2025-11-10 19:17:00,PL01,LINE_B,A,STANDARD,27.31,1,0.8692,0.2075,0.142,114.59,90.81,77.91,1.89,58.15,18.17,15.22,91.54,2.895,3.062,0.268
2025-11-10 19:29:00,PL01,LINE_C,B,PREMIUM,34.54,2,0.8859,0.2225,0.0989,184.65,143.57,129.37,3.39,56.8,16.7,19.28,92.78,4.032,4.103,0.335
2025-11-10 19:48:00,PL03,LINE_B,B,STANDARD,27.07,1,0.8035,0.1559,0.0668,106.85,90.2,84.17,1.57,51.04,20.96,33.02,105.02,2.73,2.813,0.105
2025-11-10 19:57:00,PL01,LINE_B,B,STANDARD,34.41,1,0.8415,0.0808,0.15,88.04,80.93,68.79,2.34,55.62,10.95,23.67,90.24,3.458,3.655,0.352
2025-11-10 21:13:00,PL02,LINE_B,B,PREMIUM,26.78,2,0.926,0.25,0.1153,248.99,186.74,165.2,3.42,52.47,17.28,25.36,95.11,3.931,3.998,0.395
2025-11-10 21:16:00,PL03,LINE_C,C,STANDARD,39.54,1,0.8371,0.0753,0.0855,76.22,70.48,64.46,1.63,55.0,10.58,25.24,90.82,2.918,3.038,0.139
2025-11-10 21:28:00,PL02,LINE_A,C,PREMIUM,25.39,1,0.8649,0.1886,0.1457,122.65,99.52,85.02,3.4,52.08,16.44,30.13,98.65,4.392,4.561,0.496
2025-11-10 21:56:00,PL02,LINE_C,B,STANDARD,61.02,2,0.8797,0.0391,0.1307,103.81,99.75,86.71,2.21,48.49,23.33,21.37,93.19,3.144,3.285,0.289
2025-11-10 22:39:00,PL01,LINE_B,C,HEAVY,74.69,2,0.9236,0.0222,0.0541,89.03,87.05,82.34,6.87,55.8,23.26,21.46,100.51,8.021,8.087,0.372
2025-11-10 23:02:00,PL03,LINE_A,B,STANDARD,38.17,2,0.8175,0.0742,0.0728,154.21,142.77,132.38,2.06,48.52,17.41,28.36,94.29,2.717,2.769,0.15
2025-11-10 23:06:00,PL02,LINE_C,B,PREMIUM,47.85,1,0.826,0.1372,0.0675,62.14,53.61,49.99,2.9,54.39,18.13,9.97,82.5,4.435,4.546,0.196
2025-11-10 23:15:00,PL01,LINE_B,A,STANDARD,35.7,4,0.7816,0.1369,0.15,315.25,272.1,231.29,1.76,57.62,15.54,14.25,87.41,2.079,2.135,0.264
2025-11-10 23:33:00,PL03,LINE_C,B,STANDARD,43.67,1,0.8206,0.0409,0.15,67.64,64.87,55.14,2.39,50.9,14.55,30.12,95.57,3.859,4.119,0.358
2025-11-10 23:35:00,PL01,LINE_A,B,STANDARD,36.28,2,0.8631,0.1162,0.0755,171.28,151.38,139.95,1.58,55.86,20.31,9.75,85.92,2.144,2.19,0.119
2025-11-11 00:42:00,PL02,LINE_D,A,HEAVY,89.25,1,0.8792,0.0762,0.1124,35.47,32.76,29.08,7.23,49.62,26.43,19.92,95.97,10.161,10.532,0.813
2025-11-11 00:46:00,PL02,LINE_A,B,STANDARD,43.49,1,0.8615,0.2066,0.0245,71.32,56.58,55.19,2.06,50.94,24.08,19.89,94.92,3.741,3.783,0.051
2025-11-11 00:58:00,PL01,LINE_B,B,STANDARD,30.21,1,0.8858,0.0863,0.15,105.57,96.46,81.99,1.82,56.08,25.25,25.76,107.09,2.93,3.126,0.273
2025-11-11 02:00:00,PL03,LINE_A,A,PREMIUM,40.08,2,0.7259,0.1591,0.0492,130.42,109.67,104.28,3.71,44.93,22.72,21.87,89.52,4.524,4.567,0.182
2025-11-11 03:02:00,PL03,LINE_B,A,PREMIUM,48.63,1,0.7862,0.25,0.0623,58.2,43.65,40.93,2.9,47.97,11.8,24.75,84.52,4.833,4.962,0.181
2025-11-11 04:01:00,PL02,LINE_B,A,PREMIUM,25.9,1,0.8314,0.1818,0.0478,115.57,94.56,90.04,3.51,55.11,17.29,28.98,101.39,4.581,4.635,0.168
2025-11-11 05:22:00,PL01,LINE_C,C,PREMIUM,42.24,1,0.6761,0.1699,0.15,57.62,47.83,40.65,4.12,56.79,19.09,24.17,100.05,6.208,6.578,0.617
2025-11-11 05:24:00,PL01,LINE_A,A,PREMIUM,41.91,1,0.9687,0.0948,0.15,83.2,75.32,64.02,3.38,56.07,16.71,19.99,92.77,4.615,4.832,0.507
2025-11-11 06:57:00,PL02,LINE_A,A,STANDARD,33.46,2,0.9169,0.2232,0.0279,197.33,153.29,149.02,2.22,48.39,20.52,23.32,92.23,2.823,2.84,0.062
2025-11-11 07:11:00,PL01,LINE_B,B,STANDARD,30.55,1,0.9109,0.25,0.15,107.33,80.5,68.42,1.63,59.28,19.99,26.07,105.35,2.936,3.167,0.244
2025-11-11 08:38:00,PL01,LINE_B,C,HEAVY,36.15,2,0.7958,0.1376,0.0732,158.5,136.7,126.7,4.14,60.06,23.26,24.44,107.75,4.925,4.987,0.303
2025-11-11 10:54:00,PL02,LINE_A,A,STANDARD,36.8,4,0.8207,0.0651,0.0713,321.1,300.2,278.81,1.95,51.2,16.02,14.04,81.26,2.225,2.246,0.139
2025-11-11 11:53:00,PL01,LINE_B,A,STANDARD,34.36,2,0.9099,0.25,0.15,190.7,143.03,121.57,1.7,56.31,20.71,33.8,110.82,2.477,2.613,0.255
2025-11-11 12:00:00,PL01,LINE_A,A,STANDARD,42.47,1,0.8688,0.1638,0.1158,73.65,61.58,54.45,2.31,54.79,19.76,21.49,96.04,3.872,4.076,0.268
2025-11-11 12:11:00,PL02,LINE_A,A,STANDARD,48.81,1,0.9592,0.1912,0.0575,70.74,57.21,53.92,2.43,48.15,18.79,16.02,82.97,3.885,3.973,0.14
2025-11-11 13:50:00,PL03,LINE_D,B,STANDARD,44.74,1,0.805,0.25,0.0403,64.77,48.58,46.62,2.67,46.27,19.33,35.06,100.66,4.744,4.831,0.108
2025-11-11 14:39:00,PL01,LINE_A,C,PREMIUM,77.21,2,0.9593,0.0724,0.0193,89.46,82.98,81.38,3.27,59.28,22.94,19.23,101.44,4.489,4.513,0.063
2025-11-11 15:39:00,PL03,LINE_B,B,HEAVY,58.71,2,0.8519,0.0826,0.1035,104.49,95.85,85.94,5.55,49.82,20.14,19.02,88.98,6.475,6.582,0.574
2025-11-11 17:29:00,PL02,LINE_A,C,PREMIUM,64.32,2,0.8887,0.0487,0.1334,99.48,94.64,82.02,2.78,48.71,16.53,22.31,87.56,3.708,3.851,0.371
2025-11-11 18:30:00,PL03,LINE_A,C,STANDARD,35.5,1,0.8936,0.0373,0.0686,90.62,87.24,81.26,1.77,47.76,14.63,20.66,83.05,2.725,2.796,0.122
2025-11-11 18:49:00,PL01,LINE_A,B,STANDARD,39.39,2,0.8867,0.1195,0.1439,162.07,142.71,122.17,2.52,57.89,19.31,25.79,102.99,3.245,3.367,0.363
2025-11-11 19:47:00,PL02,LINE_D,A,STANDARD,35.64,2,0.8552,0.25,0.15,172.76,129.57,110.14,2.27,47.35,17.95,15.04,80.34,2.888,2.997,0.34
2025-11-11 20:47:00,PL02,LINE_C,B,PREMIUM,49.42,2,0.8591,0.25,0.15,125.15,93.86,79.78,2.42,49.33,22.59,13.5,85.42,3.332,3.493,0.363
2025-11-11 21:03:00,PL02,LINE_A,A,STANDARD,47.17,4,0.856,0.0266,0.0793,261.3,254.35,234.18,1.92,49.38,14.64,23.32,87.34,2.259,2.288,0.152
2025-11-11 21:21:00,PL01,LINE_C,C,STANDARD,37.89,1,0.962,0.1188,0.0747,91.4,80.54,74.52,2.42,54.84,18.1,28.58,101.52,3.681,3.782,0.181
2025-11-11 22:46:00,PL01,LINE_A,C,STANDARD,54.08,1,0.875,0.25,0.0142,58.24,43.68,43.06,1.97,58.09,19.31,22.6,100.0,4.258,4.29,0.028
2025-11-11 22:55:00,PL01,LINE_B,B,STANDARD,42.92,2,0.9234,0.25,0.1194,154.9,116.17,102.3,2.15,56.44,18.28,21.11,95.83,2.978,3.089,0.257
2025-11-12 00:14:00,PL03,LINE_C,B,STANDARD,28.63,1,0.8318,0.0243,0.1146,104.61,102.06,90.37,2.3,49.72,13.51,19.74,82.97,3.109,3.214,0.263
2025-11-12 01:27:00,PL02,LINE_A,A,HEAVY,40.4,2,0.7989,0.0502,0.0814,142.38,135.24,124.23,5.15,46.46,20.21,20.8,87.47,5.796,5.853,0.419
2025-11-12 01:41:00,PL02,LINE_D,A,STANDARD,29.81,4,0.6934,0.1592,0.0471,334.91,281.58,268.31,1.74,51.11,19.67,17.87,88.64,2.058,2.074,0.082
2025-11-12 01:44:00,PL03,LINE_D,B,STANDARD,35.86,2,0.8035,0.1772,0.1148,161.34,132.74,117.5,1.78,45.83,16.76,23.27,85.87,2.426,2.509,0.204
2025-11-12 01:55:00,PL03,LINE_C,B,HEAVY,36.26,1,0.8492,0.25,0.0952,84.32,63.24,57.22,4.81,46.62,22.53,27.04,96.19,6.33,6.49,0.458
2025-11-12 02:36:00,PL02,LINE_A,A,PREMIUM,32.01,1,0.8246,0.1584,0.0474,92.73,78.05,74.35,3.71,53.49,11.67,24.04,89.19,4.849,4.906,0.176
2025-11-12 03:50:00,PL02,LINE_B,B,STANDARD,37.19,4,0.8263,0.1572,0.0556,319.91,269.61,254.63,2.01,53.16,21.95,20.85,95.96,2.361,2.382,0.111
2025-11-12 04:28:00,PL01,LINE_B,B,PREMIUM,41.87,1,0.8448,0.1547,0.0531,72.64,61.4,58.14,3.21,56.22,23.15,20.56,99.93,4.837,4.928,0.17
2025-11-12 04:46:00,PL01,LINE_C,C,PREMIUM,44.12,1,0.8772,0.0932,0.1152,71.58,64.91,57.43,3.42,54.83,16.16,20.1,91.09,4.82,5.003,0.394
2025-11-12 05:07:00,PL02,LINE_B,C,HEAVY,44.67,1,0.8392,0.0567,0.0711,67.63,63.8,59.26,5.24,52.62,16.23,24.09,92.93,6.696,6.808,0.373
2025-11-12 06:25:00,PL02,LINE_A,B,PREMIUM,69.14,1,0.8091,0.1884,0.0813,42.13,34.19,31.41,4.36,49.44,16.55,18.54,84.53,6.834,7.053,0.355
2025-11-12 06:44:00,PL02,LINE_D,B,PREMIUM,58.99,2,0.7911,0.129,0.15,96.57,84.1,71.49,3.51,49.99,19.11,27.51,96.6,4.654,4.857,0.526
2025-11-12 07:37:00,PL01,LINE_B,B,HEAVY,65.67,1,0.9114,0.0496,0.0512,49.97,47.49,45.06,4.24,57.43,22.66,26.84,106.93,6.492,6.613,0.217
2025-11-12 08:08:00,PL01,LINE_A,C,PREMIUM,41.86,2,0.8019,0.1073,0.0478,137.94,123.14,117.25,3.11,60.15,18.34,19.5,97.99,3.909,3.949,0.149
2025-11-12 08:31:00,PL01,LINE_A,C,STANDARD,28.98,4,0.8454,0.1267,0.1323,419.99,366.77,318.26,1.61,60.11,19.28,17.05,96.44,1.874,1.914,0.213
2025-11-12 08:45:00,PL01,LINE_D,B,STANDARD,42.91,2,0.8506,0.0646,0.1289,142.71,133.5,116.29,2.67,58.85,22.17,32.36,113.38,3.521,3.647,0.344
2025-11-12 08:47:00,PL02,LINE_D,A,PREMIUM,51.05,1,0.8131,0.1785,0.15,57.34,47.1,40.04,3.6,51.6,11.55,30.3,93.45,5.58,5.93,0.539
2025-11-12 08:48:00,PL03,LINE_B,A,PREMIUM,44.01,1,0.98,0.25,0.1328,80.17,60.13,52.14,3.6,47.74,15.67,26.09,89.51,5.09,5.318,0.478
2025-11-12 09:16:00,PL02,LINE_A,A,HEAVY,78.81,2,0.83,0.1766,0.1207,75.83,62.43,54.9,4.85,48.01,27.27,15.9,91.17,6.307,6.508,0.585
2025-11-12 09:32:00,PL01,LINE_B,C,STANDARD,22.39,1,0.9181,0.25,0.1487,147.6,110.7,94.23,2.49,55.08,14.8,24.67,94.56,3.346,3.495,0.371
2025-11-12 10:44:00,PL02,LINE_B,C,HEAVY,50.48,2,0.8822,0.2061,0.1314,125.82,99.9,86.77,5.76,54.93,9.64,19.48,84.06,6.598,6.725,0.756
2025-11-12 12:32:00,PL01,LINE_C,B,PREMIUM,52.02,1,0.8523,0.2356,0.045,58.98,45.09,43.06,3.22,55.71,12.03,21.06,88.81,5.191,5.284,0.145
2025-11-12 12:58:00,PL03,LINE_A,A,STANDARD,32.14,1,0.7308,0.25,0.0536,81.85,61.39,58.1,2.21,44.07,25.87,22.1,92.04,3.714,3.798,0.119
2025-11-12 12:59:00,PL01,LINE_B,A,PREMIUM,46.36,1,0.8238,0.136,0.0314,63.98,55.28,53.54,3.45,55.94,20.97,24.25,101.16,5.278,5.337,0.108
2025-11-12 13:08:00,PL01,LINE_C,C,PREMIUM,46.5,2,0.8385,0.1431,0.107,129.81,111.24,99.33,3.43,57.48,21.41,29.51,108.4,4.408,4.525,0.368
2025-11-12 13:47:00,PL02,LINE_B,A,PREMIUM,32.24,2,0.8386,0.1256,0.15,187.32,163.78,139.22,3.63,45.07,23.59,13.1,81.76,4.131,4.219,0.545
2025-11-12 14:00:00,PL02,LINE_D,B,PREMIUM,23.93,2,0.8454,0.1359,0.15,254.41,219.83,186.85,3.82,50.24,19.17,28.49,97.9,4.261,4.34,0.572
2025-11-12 14:07:00,PL01,LINE_B,A,STANDARD,21.72,1,0.8009,0.1892,0.1376,132.76,107.64,92.83,2.32,55.29,21.23,16.72,93.25,3.191,3.329,0.32
2025-11-12 14:57:00,PL02,LINE_D,A,HEAVY,53.76,1,0.8478,0.172,0.15,56.77,47.01,39.96,5.9,50.0,25.95,18.29,94.25,7.907,8.261,0.885
2025-11-12 16:06:00,PL02,LINE_A,A,HEAVY,63.5,1,0.8726,0.054,0.15,49.47,46.8,39.78,4.66,51.79,25.1,28.17,105.05,6.904,7.3,0.699
2025-11-12 17:26:00,PL02,LINE_C,A,HEAVY,61.02,1,0.8142,0.1669,0.0452,48.04,40.02,38.21,6.47,48.56,17.35,17.74,83.65,8.564,8.663,0.292
2025-11-12 17:47:00,PL02,LINE_B,B,PREMIUM,77.21,1,0.9004,0.1472,0.0688,41.99,35.8,33.34,4.03,51.51,19.52,31.16,102.2,6.884,7.095,0.277
2025-11-12 18:02:00,PL01,LINE_D,A,STANDARD,27.2,1,0.736,0.25,0.0574,97.41,73.06,68.86,2.19,54.42,16.06,25.36,95.85,3.501,3.581,0.126
2025-11-12 18:27:00,PL01,LINE_C,A,STANDARD,40.79,1,0.953,0.25,0.0469,84.11,63.08,60.13,2.0,56.19,14.5,27.35,98.04,3.554,3.63,0.094
2025-11-12 19:04:00,PL01,LINE_C,C,PREMIUM,66.55,4,0.8234,0.25,0.063,178.17,133.63,125.21,3.39,54.27,17.21,21.73,93.21,4.091,4.138,0.214
2025-11-12 19:31:00,PL02,LINE_A,C,PREMIUM,47.51,1,0.8393,0.0241,0.0589,63.6,62.07,58.41,3.12,55.68,13.04,22.21,90.94,4.581,4.673,0.183
2025-11-12 19:53:00,PL01,LINE_A,B,STANDARD,64.84,2,0.8169,0.1832,0.1081,90.72,74.1,66.09,1.59,55.46,6.84,19.2,81.51,2.693,2.827,0.172
2025-11-12 20:14:00,PL01,LINE_C,A,HEAVY,49.83,1,0.8701,0.25,0.045,62.87,47.15,45.03,4.64,54.11,27.05,24.62,105.78,6.88,6.986,0.209
2025-11-12 22:00:00,PL02,LINE_D,C,STANDARD,34.57,1,0.7742,0.2067,0.15,80.61,63.95,54.36,2.62,53.58,19.16,26.89,99.63,4.176,4.451,0.393
2025-11-12 23:36:00,PL01,LINE_A,A,PREMIUM,59.83,1,0.8783,0.0943,0.1164,52.84,47.86,42.29,3.28,55.97,15.95,13.33,85.25,5.062,5.297,0.382
2025-11-13 00:02:00,PL02,LINE_B,C,HEAVY,49.92,1,0.7843,0.2492,0.1331,56.56,42.47,36.82,4.93,52.49,22.18,19.77,94.44,7.153,7.495,0.656
2025-11-13 01:02:00,PL01,LINE_C,A,STANDARD,29.56,2,0.8861,0.2467,0.15,215.83,162.58,138.2,1.91,54.14,20.97,12.73,87.83,2.451,2.546,0.287
2025-11-13 01:30:00,PL01,LINE_C,A,HEAVY,76.89,1,0.905,0.25,0.0514,42.38,31.78,30.15,6.08,52.97,23.26,20.83,97.06,9.133,9.299,0.312
2025-11-13 01:35:00,PL02,LINE_D,A,HEAVY,40.74,1,0.8754,0.2231,0.0905,77.35,60.09,54.65,6.0,52.46,19.5,22.66,94.62,7.572,7.729,0.543
2025-11-13 02:05:00,PL03,LINE_A,B,STANDARD,53.29,1,0.8423,0.0723,0.0654,56.9,52.79,49.34,2.1,50.38,19.24,24.07,93.7,3.877,4.001,0.137
2025-11-13 02:24:00,PL02,LINE_B,A,HEAVY,68.91,1,0.9357,0.1805,0.15,48.88,40.05,34.05,4.05,53.96,19.44,10.92,84.33,6.154,6.525,0.607
2025-11-13 03:22:00,PL03,LINE_C,C,PREMIUM,23.29,2,0.9054,0.1158,0.0677,279.95,247.52,230.77,3.61,49.5,19.42,18.59,87.51,3.959,3.985,0.244
2025-11-13 03:56:00,PL02,LINE_B,A,HEAVY,52.17,1,0.8227,0.0331,0.0414,56.77,54.89,52.62,6.16,51.57,17.86,28.99,98.42,7.948,8.025,0.255
2025-11-13 04:05:00,PL01,LINE_A,B,PREMIUM,39.7,1,0.8135,0.0796,0.0791,73.76,67.89,62.52,3.51,56.21,19.96,30.77,106.94,5.08,5.216,0.277
2025-11-13 04:06:00,PL02,LINE_A,C,HEAVY,54.48,1,0.9626,0.0274,0.1102,63.61,61.87,55.05,6.16,51.31,18.34,24.08,93.74,7.673,7.861,0.679
2025-11-13 05:21:00,PL02,LINE_D,A,STANDARD,39.73,1,0.7373,0.1921,0.0753,66.8,53.97,49.9,2.87,52.65,8.84,29.11,90.6,4.545,4.681,0.216
2025-11-13 07:29:00,PL02,LINE_D,A,HEAVY,36.19,1,0.7393,0.0738,0.0848,73.53,68.11,62.33,4.71,49.03,19.7,34.23,102.95,6.22,6.36,0.399
2025-11-13 07:59:00,PL03,LINE_C,C,STANDARD,40.58,4,0.7759,0.1379,0.0974,275.33,237.37,214.25,1.62,50.65,18.2,22.35,91.2,2.0,2.041,0.157
2025-11-13 08:17:00,PL01,LINE_C,C,PREMIUM,35.98,1,0.9253,0.25,0.0675,92.58,69.44,64.75,3.46,56.0,16.68,24.27,96.96,4.859,4.96,0.234
2025-11-13 09:04:00,PL01,LINE_C,B,STANDARD,31.62,2,0.8861,0.17,0.0886,201.75,167.45,152.61,1.62,58.63,16.46,31.19,106.27,2.254,2.316,0.144
2025-11-13 09:17:00,PL02,LINE_B,A,STANDARD,34.11,1,0.8501,0.0854,0.0844,89.71,82.05,75.13,2.21,51.57,23.14,28.53,103.25,3.465,3.58,0.186
2025-11-13 10:32:00,PL03,LINE_C,B,STANDARD,37.27,1,0.8707,0.25,0.0431,84.1,63.07,60.35,1.62,46.68,12.36,19.87,78.91,2.874,2.93,0.07
2025-11-13 11:06:00,PL01,LINE_B,A,STANDARD,29.65,2,0.8704,0.1965,0.0722,211.34,169.81,157.56,2.65,53.04,15.88,12.93,81.85,3.132,3.17,0.191
2025-11-13 12:33:00,PL01,LINE_B,B,STANDARD,38.67,4,0.7798,0.0681,0.0183,290.4,270.62,265.67,2.55,57.01,15.91,21.31,94.23,2.902,2.908,0.047
2025-11-13 12:59:00,PL01,LINE_A,C,STANDARD,29.51,1,0.8433,0.0747,0.033,102.87,95.19,92.04,2.49,61.0,11.86,26.95,99.81,3.534,3.57,0.082
2025-11-13 13:11:00,PL02,LINE_C,A,STANDARD,43.31,2,0.8527,0.2399,0.0659,141.76,107.76,100.66,2.19,49.96,19.24,22.93,92.12,3.048,3.108,0.144
2025-11-13 13:17:00,PL03,LINE_B,B,STANDARD,32.67,1,0.8511,0.0802,0.1094,93.78,86.26,76.82,2.06,49.06,13.43,15.77,78.25,2.967,3.078,0.225
2025-11-13 14:41:00,PL01,LINE_D,B,PREMIUM,33.45,1,0.8514,0.1738,0.15,91.63,75.71,64.35,3.7,53.62,17.54,20.91,92.08,4.914,5.129,0.555
2025-11-13 14:54:00,PL01,LINE_B,B,STANDARD,26.66,1,0.8384,0.2317,0.0326,113.2,86.97,84.14,2.05,59.14,24.34,20.43,103.91,3.243,3.283,0.067
2025-11-13 18:06:00,PL01,LINE_A,B,STANDARD,17.51,1,0.9484,0.0978,0.0727,194.96,175.9,163.11,2.26,56.61,11.04,24.12,91.78,2.78,2.821,0.164
2025-11-13 18:31:00,PL01,LINE_C,A,HEAVY,64.66,2,0.8874,0.1618,0.1207,98.81,82.82,72.83,5.23,53.26,23.06,20.61,96.93,6.4,6.56,0.631
2025-11-13 19:15:00,PL03,LINE_B,A,STANDARD,31.28,2,0.8226,0.2286,0.0456,189.32,146.05,139.39,2.55,46.97,22.9,22.42,92.29,3.177,3.208,0.116
2025-11-13 19:31:00,PL01,LINE_C,A,STANDARD,48.99,4,0.9379,0.1684,0.15,275.68,229.27,194.88,2.37,50.37,15.27,26.92,92.56,2.778,2.849,0.356
2025-11-13 19:34:00,PL02,LINE_A,B,STANDARD,38.25,1,0.8704,0.1351,0.15,81.92,70.86,60.23,2.35,52.36,16.7,20.37,89.43,3.616,3.839,0.353
2025-11-13 21:26:00,PL01,LINE_B,C,STANDARD,37.07,2,0.8258,0.0236,0.0741,160.4,156.61,145.0,2.56,55.96,16.01,15.94,87.9,3.124,3.169,0.19
2025-11-13 21:26:00,PL03,LINE_A,C,HEAVY,47.97,2,0.9093,0.1274,0.15,136.48,119.09,101.23,4.78,49.52,19.99,22.1,91.61,5.553,5.689,0.718
2025-11-13 21:44:00,PL01,LINE_A,C,STANDARD,31.3,2,0.8597,0.1923,0.0513,197.77,159.74,151.55,2.43,56.7,25.33,19.17,101.2,3.067,3.101,0.125
2025-11-13 21:51:00,PL02,LINE_D,B,PREMIUM,48.74,1,0.7878,0.195,0.0697,58.19,46.84,43.58,2.94,52.58,20.89,15.0,88.47,4.826,4.967,0.205
2025-11-13 22:11:00,PL01,LINE_B,A,STANDARD,50.53,1,0.9097,0.1519,0.0732,64.82,54.97,50.95,2.27,60.2,21.49,15.26,96.94,4.033,4.172,0.166
2025-11-13 23:53:00,PL03,LINE_C,B,STANDARD,29.5,4,0.8086,0.1016,0.15,394.74,354.62,301.43,2.9,42.22,17.81,25.29,85.33,3.138,3.181,0.435
2025-11-14 00:16:00,PL02,LINE_A,A,STANDARD,45.97,2,0.8083,0.2104,0.0675,126.59,99.95,93.21,2.48,49.43,16.05,30.35,95.82,3.442,3.511,0.168
2025-11-14 00:23:00,PL01,LINE_C,A,STANDARD,31.56,1,0.8353,0.25,0.031,95.27,71.45,69.24,3.03,55.06,14.74,17.33,87.13,4.253,4.292,0.094
2025-11-14 04:06:00,PL01,LINE_C,B,PREMIUM,53.16,1,0.8656,0.25,0.0652,58.62,43.97,41.1,3.22,57.23,19.99,26.7,103.92,5.579,5.744,0.21
2025-11-14 04:32:00,PL03,LINE_A,B,STANDARD,38.1,1,0.804,0.0844,0.0907,75.97,69.56,63.25,2.57,49.83,14.13,8.0,71.96,3.6,3.703,0.233
2025-11-14 05:05:00,PL03,LINE_A,A,STANDARD,22.71,2,0.9379,0.2198,0.045,297.38,232.02,221.58,1.9,47.95,21.07,18.25,87.27,2.275,2.293,0.085
2025-11-14 05:09:00,PL03,LINE_A,C,STANDARD,29.67,2,0.9055,0.101,0.0776,219.76,197.56,182.24,2.17,52.07,23.16,27.11,102.34,2.689,2.733,0.168
2025-11-14 05:28:00,PL01,LINE_B,A,STANDARD,34.95,2,0.7693,0.2337,0.1075,158.5,121.46,108.4,1.65,55.72,17.77,16.68,90.17,2.391,2.48,0.177
2025-11-14 05:40:00,PL03,LINE_D,C,STANDARD,41.92,1,0.8102,0.1169,0.1202,69.57,61.44,54.06,1.75,49.0,24.52,24.55,98.07,3.351,3.569,0.211
2025-11-14 06:55:00,PL01,LINE_A,C,STANDARD,30.52,1,0.8693,0.2379,0.0733,102.55,78.15,72.42,2.96,59.4,17.08,15.96,92.44,4.138,4.232,0.217
2025-11-14 07:11:00,PL01,LINE_D,C,PREMIUM,47.19,4,0.8408,0.25,0.0847,256.56,192.42,176.13,2.71,62.02,14.4,15.81,92.22,3.193,3.237,0.23
2025-11-14 07:34:00,PL02,LINE_B,B,PREMIUM,59.85,2,0.8615,0.1098,0.057,103.65,92.26,87.0,3.6,49.67,27.26,19.61,96.54,4.642,4.706,0.205
2025-11-14 08:35:00,PL01,LINE_C,B,HEAVY,65.95,1,0.806,0.1203,0.0124,44.0,38.7,38.22,3.4,53.57,20.7,21.23,95.49,5.872,5.903,0.042
2025-11-14 08:55:00,PL02,LINE_A,C,STANDARD,22.89,4,0.8487,0.2151,0.0259,533.83,419.03,408.16,1.76,54.05,16.66,15.97,86.68,1.966,1.971,0.046
2025-11-14 09:36:00,PL01,LINE_B,A,HEAVY,59.74,2,0.821,0.2469,0.0261,98.95,74.53,72.58,4.55,54.0,29.77,20.42,104.19,5.947,5.984,0.119
2025-11-14 10:11:00,PL01,LINE_A,C,STANDARD,28.41,1,0.8404,0.1884,0.0904,106.47,86.41,78.6,2.03,57.3,14.46,23.03,94.78,3.129,3.238,0.184
2025-11-14 10:38:00,PL01,LINE_A,A,HEAVY,38.86,1,0.9223,0.2177,0.15,85.45,66.85,56.83,6.09,54.15,24.37,30.83,109.35,7.723,8.012,0.913
2025-11-14 11:38:00,PL01,LINE_A,B,PREMIUM,41.37,1,0.9526,0.1738,0.15,82.9,68.49,58.22,2.76,58.81,18.46,18.61,95.88,4.164,4.411,0.415
2025-11-14 12:04:00,PL01,LINE_C,A,PREMIUM,56.3,2,0.9007,0.199,0.065,115.19,92.27,86.27,2.56,51.72,12.32,29.07,93.12,3.565,3.635,0.166
2025-11-14 12:46:00,PL02,LINE_B,A,PREMIUM,48.37,4,0.8494,0.25,0.15,252.85,189.64,161.19,3.41,55.61,19.83,14.83,90.27,3.884,3.968,0.511
2025-11-14 13:24:00,PL01,LINE_A,B,HEAVY,79.63,1,0.8015,0.25,0.15,36.23,27.17,23.1,5.97,56.85,22.5,23.82,103.17,9.765,10.435,0.895
2025-11-14 14:07:00,PL01,LINE_B,B,STANDARD,28.7,1,0.8197,0.0147,0.0524,102.84,101.33,96.02,1.79,55.38,20.3,29.66,105.33,2.831,2.888,0.094
2025-11-14 14:35:00,PL02,LINE_C,B,STANDARD,29.73,2,0.9336,0.0641,0.1289,226.07,211.57,184.3,2.94,50.71,26.89,25.22,102.83,3.431,3.503,0.38
2025-11-14 14:38:00,PL01,LINE_A,B,STANDARD,38.72,4,0.8425,0.2189,0.15,313.28,244.71,208.01,2.1,56.14,13.22,17.44,86.8,2.451,2.514,0.314
2025-11-14 15:52:00,PL01,LINE_B,B,STANDARD,32.61,2,0.8977,0.2358,0.0279,198.24,151.49,147.26,1.79,53.86,21.46,29.47,104.79,2.484,2.504,0.05
2025-11-14 15:55:00,PL01,LINE_A,B,PREMIUM,30.06,2,0.9209,0.0447,0.0363,220.57,210.72,203.08,3.4,57.53,23.38,16.17,97.08,3.863,3.881,0.123
2025-11-14 16:13:00,PL01,LINE_B,C,STANDARD,59.57,1,0.8953,0.1478,0.0622,54.11,46.11,43.25,1.82,59.66,16.53,20.09,96.28,3.903,4.042,0.113
2025-11-14 17:18:00,PL02,LINE_C,C,HEAVY,74.07,1,0.8537,0.25,0.1062,41.49,31.12,27.81,5.06,53.53,17.57,24.68,95.78,8.136,8.502,0.537
2025-11-14 17:55:00,PL02,LINE_B,A,STANDARD,31.81,1,0.98,0.25,0.0683,110.92,83.19,77.51,2.48,48.72,20.03,16.81,85.56,3.51,3.586,0.169
2025-11-14 19:07:00,PL01,LINE_B,C,PREMIUM,66.45,2,0.98,0.0782,0.15,106.18,97.88,83.2,2.92,55.05,24.4,15.0,94.44,3.882,4.052,0.438
2025-11-14 19:17:00,PL03,LINE_A,C,PREMIUM,30.4,1,0.8254,0.1529,0.032,97.76,82.81,80.16,2.99,53.1,11.73,25.42,90.25,4.078,4.114,0.096
2025-11-14 19:39:00,PL01,LINE_B,B,STANDARD,40.77,2,0.9292,0.1616,0.15,164.11,137.6,116.96,2.59,55.47,16.52,19.5,91.48,3.257,3.374,0.389
2025-11-14 20:24:00,PL03,LINE_A,C,STANDARD,25.06,2,0.8371,0.0508,0.0674,240.54,228.33,212.94,2.3,50.41,18.12,26.03,94.55,2.71,2.74,0.155
2025-11-14 20:49:00,PL01,LINE_D,A,STANDARD,29.04,1,0.9058,0.25,0.0243,112.29,84.22,82.17,1.83,56.53,12.41,27.77,96.72,2.981,3.009,0.045
2025-11-14 20:55:00,PL03,LINE_B,C,HEAVY,85.83,1,0.8337,0.1859,0.0823,34.97,28.47,26.13,3.82,46.81,22.67,18.35,87.83,6.903,7.179,0.314
2025-11-14 21:19:00,PL03,LINE_C,C,STANDARD,26.78,1,0.8135,0.25,0.0404,109.35,82.01,78.7,2.57,51.06,20.57,21.05,92.68,3.705,3.752,0.104
2025-11-14 21:43:00,PL02,LINE_B,A,STANDARD,55.4,2,0.9632,0.1827,0.0686,125.17,102.3,95.28,1.9,49.88,18.32,30.75,98.96,2.87,2.942,0.131
2025-11-14 22:44:00,PL02,LINE_C,C,PREMIUM,32.58,2,0.8336,0.1481,0.0207,184.21,156.93,153.68,4.55,54.43,19.14,26.8,100.37,5.191,5.204,0.094
2025-11-14 23:51:00,PL02,LINE_D,C,PREMIUM,28.67,4,0.8976,0.0997,0.0844,450.85,405.88,371.64,3.29,54.05,18.53,21.52,94.09,3.521,3.542,0.277
2025-11-15 01:40:00,PL02,LINE_C,A,PREMIUM,31.59,1,0.9652,0.0815,0.0423,109.98,101.02,96.75,3.15,51.08,12.47,12.73,76.28,3.907,3.941,0.133
2025-11-15 01:48:00,PL01,LINE_A,B,STANDARD,45.67,1,0.8513,0.0571,0.15,67.1,63.27,53.78,2.3,58.47,16.8,26.82,102.1,3.911,4.196,0.345
2025-11-15 02:10:00,PL01,LINE_B,B,PREMIUM,60.76,1,0.953,0.143,0.15,56.46,48.39,41.13,3.61,54.66,22.75,18.51,95.92,5.59,5.94,0.541
2025-11-15 02:20:00,PL02,LINE_B,C,STANDARD,20.6,1,0.9422,0.1166,0.0396,164.64,145.45,139.68,2.26,54.67,24.06,24.88,103.61,2.972,3.001,0.09
2025-11-15 02:36:00,PL02,LINE_C,C,PREMIUM,54.36,1,0.9018,0.06,0.1443,59.73,56.15,48.05,3.44,55.26,20.66,18.84,94.76,5.132,5.417,0.497
2025-11-15 03:02:00,PL01,LINE_D,A,STANDARD,32.2,1,0.7612,0.0915,0.0155,85.1,77.31,76.11,2.19,56.29,16.22,19.2,91.72,3.378,3.396,0.034
2025-11-15 03:03:00,PL02,LINE_C,A,HEAVY,53.72,1,0.98,0.0067,0.0825,65.67,65.23,59.85,6.62,51.31,30.34,17.37,99.01,8.143,8.279,0.546
2025-11-15 03:23:00,PL01,LINE_C,A,STANDARD,48.9,1,0.7979,0.25,0.1094,58.74,44.06,39.24,2.44,53.57,19.39,17.84,90.79,4.5,4.753,0.267
2025-11-15 04:01:00,PL01,LINE_C,C,STANDARD,35.26,2,0.9116,0.25,0.0855,186.17,139.63,127.69,2.07,54.7,14.17,13.29,82.17,2.66,2.715,0.177
2025-11-15 04:14:00,PL01,LINE_C,A,STANDARD,22.26,2,0.7971,0.1373,0.15,257.87,222.46,189.09,1.62,56.33,20.04,21.71,98.08,2.062,2.14,0.243
2025-11-15 05:50:00,PL02,LINE_B,C,STANDARD,43.2,1,0.8259,0.1227,0.0777,68.82,60.38,55.69,2.44,51.48,25.16,28.82,105.45,4.19,4.337,0.19
2025-11-15 06:24:00,PL03,LINE_C,A,PREMIUM,52.05,1,0.8278,0.2246,0.15,57.25,44.4,37.74,3.29,46.28,17.57,16.63,80.48,5.107,5.427,0.494
2025-11-15 07:30:00,PL01,LINE_B,A,HEAVY,54.25,1,0.7882,0.25,0.1392,52.3,39.23,33.77,5.39,52.94,14.68,17.76,85.38,7.57,7.922,0.751
2025-11-15 07:52:00,PL03,LINE_A,B,PREMIUM,59.51,4,0.7664,0.1636,0.1184,185.47,155.13,136.77,3.78,50.88,13.93,17.72,82.53,4.316,4.388,0.448
2025-11-15 08:16:00,PL01,LINE_D,B,PREMIUM,67.8,1,0.9032,0.25,0.15,47.96,35.97,30.57,3.78,59.32,18.81,27.17,105.3,6.707,7.223,0.567
2025-11-15 09:57:00,PL02,LINE_C,B,STANDARD,45.11,1,0.8377,0.1615,0.0433,66.86,56.06,53.63,2.5,54.19,14.37,20.34,88.9,4.082,4.154,0.108
2025-11-15 10:26:00,PL02,LINE_C,A,STANDARD,49.93,4,0.9119,0.1566,0.0914,262.98,221.79,201.52,1.94,48.87,12.81,18.77,80.44,2.299,2.335,0.177
2025-11-15 10:39:00,PL01,LINE_D,C,PREMIUM,49.34,4,0.8588,0.25,0.15,250.65,187.99,159.79,2.98,62.22,20.35,19.42,101.99,3.526,3.622,0.448
2025-11-15 11:07:00,PL01,LINE_B,A,STANDARD,34.25,1,0.8007,0.25,0.1277,84.15,63.12,55.05,2.32,52.19,18.6,21.88,92.67,3.785,4.0,0.296
2025-11-15 11:58:00,PL02,LINE_B,C,STANDARD,36.13,2,0.98,0.25,0.0582,195.3,146.48,137.95,2.16,55.92,13.17,24.48,93.57,2.799,2.838,0.126
2025-11-15 13:39:00,PL01,LINE_C,B,STANDARD,33.91,4,0.7667,0.25,0.1103,325.58,244.19,217.25,2.51,54.42,20.42,21.27,96.11,2.907,2.956,0.277
2025-11-15 14:07:00,PL01,LINE_B,A,STANDARD,37.24,2,0.9311,0.1932,0.0108,180.0,145.22,143.66,2.09,53.15,18.0,22.24,93.39,2.737,2.744,0.023
2025-11-15 15:06:00,PL02,LINE_C,C,PREMIUM,41.16,1,0.9128,0.1136,0.15,79.83,70.77,60.15,2.86,55.18,16.15,25.13,96.45,4.227,4.468,0.43
2025-11-15 15:36:00,PL02,LINE_A,C,STANDARD,38.71,1,0.883,0.0973,0.15,82.11,74.12,63.0,2.14,51.2,19.4,19.45,90.05,3.357,3.572,0.321
2025-11-15 16:39:00,PL02,LINE_B,A,STANDARD,41.63,1,0.8574,0.1907,0.0369,74.14,60.0,57.79,2.37,49.81,19.17,16.35,85.34,3.788,3.842,0.087
2025-11-15 16:53:00,PL01,LINE_A,C,STANDARD,42.12,1,0.7775,0.1126,0.0425,66.45,58.97,56.46,2.05,58.49,21.52,15.3,95.31,3.663,3.735,0.087
2025-11-15 19:33:00,PL03,LINE_B,B,HEAVY,42.93,1,0.8354,0.0952,0.0483,70.04,63.37,60.31,4.29,47.64,22.95,28.9,99.49,5.86,5.94,0.207
2025-11-15 19:46:00,PL03,LINE_D,B,STANDARD,29.95,1,0.9216,0.1483,0.0461,110.79,94.37,90.02,1.82,52.08,18.22,22.15,92.45,2.797,2.844,0.084
2025-11-15 19:49:00,PL02,LINE_D,B,STANDARD,38.74,2,0.8419,0.25,0.0844,156.46,117.35,107.45,2.17,51.66,18.93,23.59,94.18,2.971,3.045,0.183
2025-11-15 19:53:00,PL01,LINE_C,B,HEAVY,45.66,1,0.8359,0.0432,0.0403,65.91,63.06,60.52,5.44,56.35,21.54,22.03,99.91,7.027,7.094,0.22
2025-11-15 20:08:00,PL01,LINE_A,A,PREMIUM,26.7,1,0.895,0.1331,0.15,120.68,104.62,88.93,3.52,54.42,16.5,20.91,91.84,4.395,4.55,0.528
2025-11-15 20:08:00,PL02,LINE_C,A,PREMIUM,29.91,2,0.8492,0.25,0.1247,204.42,153.32,134.19,3.14,49.87,16.66,13.54,80.07,3.658,3.733,0.391
2025-11-15 21:32:00,PL02,LINE_B,B,HEAVY,75.22,2,0.8677,0.1229,0.0354,83.06,72.85,70.27,6.29,51.02,22.93,34.48,108.43,7.778,7.832,0.223
2025-11-15 21:45:00,PL02,LINE_A,C,PREMIUM,29.51,2,0.858,0.1683,0.15,209.34,174.11,147.99,4.08,54.82,17.35,13.77,85.94,4.569,4.656,0.611
2025-11-15 21:51:00,PL01,LINE_B,A,STANDARD,41.51,1,0.8074,0.0699,0.15,70.03,65.14,55.37,2.05,55.37,14.57,27.19,97.13,3.542,3.806,0.308
2025-11-15 21:57:00,PL03,LINE_B,B,STANDARD,41.48,1,0.8692,0.1692,0.0177,75.43,62.66,61.56,2.47,50.65,10.51,30.0,91.16,3.929,3.956,0.044
2025-11-15 21:58:00,PL01,LINE_B,A,STANDARD,23.52,1,0.8188,0.1788,0.15,125.31,102.9,87.47,2.13,54.04,6.93,23.85,84.83,2.957,3.103,0.32
2025-11-15 22:55:00,PL03,LINE_B,A,STANDARD,36.13,1,0.9391,0.1854,0.1472,93.56,76.22,65.0,1.37,47.62,13.86,20.15,81.63,2.442,2.627,0.202
2025-11-15 23:27:00,PL03,LINE_D,B,STANDARD,37.33,1,0.8371,0.1846,0.0862,80.73,65.82,60.15,2.22,49.05,23.04,15.96,88.05,3.562,3.688,0.192
2025-11-15 23:29:00,PL03,LINE_B,C,STANDARD,28.4,2,0.8767,0.25,0.1012,222.24,166.68,149.81,2.03,43.33,28.54,14.99,86.86,2.554,2.612,0.206
2025-11-16 00:04:00,PL01,LINE_A,C,PREMIUM,45.39,1,0.9444,0.1585,0.15,74.89,63.02,53.57,3.34,57.88,16.39,19.5,93.78,4.824,5.087,0.5
2025-11-16 00:11:00,PL01,LINE_A,C,STANDARD,46.14,1,0.8305,0.25,0.1311,64.8,48.6,42.22,1.96,57.44,15.22,19.12,91.78,3.852,4.137,0.257
2025-11-16 02:00:00,PL01,LINE_C,A,HEAVY,44.57,2,0.8888,0.1,0.15,143.58,129.22,109.84,4.83,52.58,25.85,20.14,98.56,5.589,5.724,0.724
2025-11-16 02:17:00,PL01,LINE_A,B,STANDARD,32.6,2,0.7579,0.2215,0.0684,167.39,130.32,121.4,2.8,57.9,13.76,31.03,102.69,3.586,3.644,0.191
2025-11-16 02:45:00,PL01,LINE_A,C,PREMIUM,49.09,1,0.841,0.25,0.15,61.67,46.26,39.32,2.66,59.13,13.07,28.89,101.08,4.844,5.23,0.399
2025-11-16 03:19:00,PL01,LINE_B,B,PREMIUM,36.71,1,0.9389,0.2247,0.0589,92.06,71.37,67.17,4.58,53.86,16.64,26.47,96.97,5.943,6.028,0.27
2025-11-16 03:27:00,PL02,LINE_C,B,STANDARD,26.7,1,0.794,0.25,0.0269,107.07,80.3,78.15,2.52,53.08,20.78,15.01,88.87,3.626,3.656,0.068
2025-11-16 04:29:00,PL01,LINE_B,B,PREMIUM,64.06,1,0.8582,0.2174,0.0419,48.23,37.75,36.17,3.18,56.18,11.22,23.48,90.88,5.59,5.696,0.134
2025-11-16 04:44:00,PL02,LINE_A,A,PREMIUM,52.04,1,0.8954,0.0156,0.0803,61.95,60.98,56.08,2.7,48.9,20.73,17.22,86.85,4.129,4.253,0.217
2025-11-16 05:46:00,PL01,LINE_C,B,HEAVY,83.07,1,0.838,0.2234,0.0549,36.32,28.2,26.66,5.77,55.54,26.97,24.44,106.95,9.565,9.786,0.317
2025-11-16 05:47:00,PL01,LINE_A,C,HEAVY,99.35,1,0.8859,0.1151,0.064,32.1,28.41,26.59,4.76,54.47,19.1,17.85,91.42,7.981,8.201,0.305
2025-11-16 06:12:00,PL01,LINE_D,A,HEAVY,51.27,1,0.795,0.199,0.0682,55.82,44.72,41.67,3.79,54.65,18.44,21.51,94.6,5.905,6.06,0.258
2025-11-16 06:50:00,PL02,LINE_C,B,PREMIUM,46.71,1,0.7145,0.2018,0.0571,55.07,43.96,41.45,3.63,54.2,18.07,14.97,87.24,5.61,5.731,0.207
2025-11-16 07:06:00,PL01,LINE_B,B,STANDARD,25.82,1,0.8393,0.089,0.0278,117.0,106.59,103.63,2.8,52.57,20.41,26.06,99.03,3.725,3.751,0.078
2025-11-16 08:02:00,PL01,LINE_B,C,HEAVY,61.19,2,0.7817,0.25,0.0479,91.97,68.98,65.67,5.32,57.34,18.75,23.38,99.48,6.762,6.835,0.255
2025-11-16 09:21:00,PL01,LINE_C,B,HEAVY,87.76,1,0.8255,0.2241,0.0289,33.86,26.28,25.52,4.86,54.93,23.08,21.77,99.78,8.657,8.77,0.14
2025-11-16 09:43:00,PL02,LINE_D,C,PREMIUM,34.88,1,0.7531,0.0498,0.0479,77.72,73.85,70.31,3.68,55.25,16.05,15.88,87.18,4.857,4.916,0.176
2025-11-16 10:17:00,PL01,LINE_C,B,PREMIUM,50.74,2,0.894,0.0189,0.15,126.87,124.47,105.8,3.33,56.44,24.28,24.22,104.94,4.175,4.323,0.5
2025-11-16 10:23:00,PL03,LINE_B,A,STANDARD,32.46,2,0.8161,0.1274,0.1012,181.03,157.96,141.97,1.71,47.82,21.42,11.37,80.61,2.221,2.278,0.173
2025-11-16 11:14:00,PL01,LINE_B,A,STANDARD,38.48,2,0.8609,0.1925,0.129,161.08,130.07,113.28,1.91,54.83,27.31,12.56,94.7,2.635,2.742,0.246
2025-11-16 11:53:00,PL01,LINE_A,B,STANDARD,61.98,2,0.8767,0.0649,0.0241,101.85,95.25,92.95,2.4,52.44,11.33,28.49,92.25,3.364,3.388,0.058
2025-11-16 12:24:00,PL01,LINE_A,C,PREMIUM,47.95,2,0.9451,0.1776,0.0658,141.89,116.7,109.01,3.79,56.23,23.8,23.47,103.51,4.675,4.738,0.249
2025-11-16 12:28:00,PL03,LINE_C,C,STANDARD,26.47,1,0.853,0.1509,0.0087,116.01,98.5,97.64,1.6,48.15,21.13,17.11,86.39,2.479,2.487,0.014
2025-11-16 12:52:00,PL01,LINE_B,A,STANDARD,32.03,2,0.98,0.2132,0.076,220.32,173.35,160.18,2.24,50.16,16.46,24.08,90.7,2.761,2.804,0.17
2025-11-16 13:06:00,PL01,LINE_B,B,HEAVY,95.5,1,0.8482,0.1944,0.1042,31.97,25.76,23.07,3.87,57.08,14.54,22.21,93.84,7.515,7.939,0.404
2025-11-16 14:09:00,PL01,LINE_A,B,STANDARD,39.76,1,0.8881,0.25,0.0775,80.4,60.3,55.62,1.83,57.83,14.93,33.16,105.92,3.583,3.73,0.142
2025-11-16 14:40:00,PL01,LINE_B,A,STANDARD,27.83,1,0.9405,0.1982,0.0495,121.64,97.53,92.7,2.5,56.08,11.22,12.31,79.6,3.314,3.356,0.124
2025-11-16 14:50:00,PL03,LINE_C,A,STANDARD,39.17,1,0.9077,0.1879,0.15,83.41,67.74,57.58,2.45,48.59,25.15,27.11,100.85,3.935,4.198,0.367
2025-11-16 15:19:00,PL03,LINE_C,C,PREMIUM,49.85,1,0.815,0.1278,0.15,58.86,51.34,43.64,4.11,48.3,21.98,16.23,86.51,5.792,6.09,0.616
2025-11-16 16:13:00,PL02,LINE_A,B,HEAVY,39.59,2,0.889,0.1734,0.0262,161.68,133.64,130.15,6.59,51.2,21.7,22.97,95.87,7.312,7.331,0.173
2025-11-16 16:18:00,PL01,LINE_C,A,STANDARD,44.18,2,0.7644,0.0908,0.1148,124.57,113.26,100.26,2.16,56.4,14.55,20.58,91.53,2.965,3.07,0.248
2025-11-16 18:09:00,PL03,LINE_B,C,STANDARD,50.19,1,0.8638,0.0916,0.0406,61.96,56.29,54.0,1.83,49.03,22.1,18.88,90.01,3.434,3.501,0.075
2025-11-16 18:24:00,PL02,LINE_B,A,PREMIUM,67.23,2,0.8574,0.1635,0.1088,91.83,76.82,68.46,2.84,50.52,21.3,26.49,98.32,4.125,4.281,0.309
2025-11-16 21:53:00,PL02,LINE_C,C,PREMIUM,33.53,2,0.8941,0.18,0.15,192.01,157.45,133.83,2.85,51.84,17.13,22.84,91.8,3.429,3.532,0.427
2025-11-16 21:55:00,PL02,LINE_A,A,PREMIUM,61.87,1,0.9391,0.042,0.0793,54.64,52.35,48.2,4.24,50.04,16.16,15.23,81.43,5.793,5.926,0.336
2025-11-16 22:05:00,PL01,LINE_B,B,STANDARD,29.44,1,0.7378,0.1541,0.0736,90.23,76.33,70.71,1.71,58.29,18.02,10.95,87.26,2.853,2.944,0.126
2025-11-16 22:11:00,PL01,LINE_A,A,STANDARD,55.6,2,0.7531,0.1017,0.1475,97.53,87.61,74.69,1.6,55.73,19.44,22.32,97.49,2.716,2.909,0.236
2025-11-16 22:46:00,PL03,LINE_A,B,PREMIUM,50.65,1,0.9458,0.25,0.1322,67.22,50.42,43.75,3.92,46.74,19.54,18.6,84.88,5.604,5.861,0.518
2025-11-16 23:35:00,PL01,LINE_A,B,STANDARD,49.93,1,0.7766,0.0769,0.1196,56.0,51.69,45.51,2.11,56.27,13.57,22.67,92.5,3.896,4.139,0.252
2025-11-16 23:44:00,PL01,LINE_A,C,STANDARD,35.24,2,0.8354,0.0931,0.0966,170.71,154.81,139.86,2.4,57.47,15.96,17.08,90.51,2.986,3.049,0.232
2025-11-16 23:46:00,PL02,LINE_B,C,HEAVY,62.52,1,0.8225,0.1062,0.108,47.36,42.33,37.76,5.14,55.66,20.84,14.93,91.43,7.302,7.564,0.556
2025-11-16 23:54:00,PL02,LINE_A,A,HEAVY,62.49,1,0.9212,0.25,0.15,53.07,39.8,33.83,4.83,53.83,22.59,19.85,96.26,7.245,7.672,0.724
2025-11-17 01:28:00,PL01,LINE_A,C,PREMIUM,52.25,1,0.8828,0.2374,0.0788,60.82,46.38,42.73,4.27,60.54,17.9,24.78,103.21,6.5,6.69,0.337
2025-11-17 02:39:00,PL03,LINE_A,A,STANDARD,27.17,2,0.8101,0.171,0.1357,214.7,177.98,153.84,1.73,45.83,15.63,22.53,83.98,2.2,2.274,0.234
2025-11-17 03:32:00,PL03,LINE_A,C,STANDARD,27.72,1,0.9343,0.1882,0.1245,121.32,98.48,86.23,2.11,52.97,16.47,28.02,97.45,3.099,3.24,0.263
2025-11-17 03:51:00,PL02,LINE_D,B,PREMIUM,46.24,1,0.833,0.2159,0.125,64.86,50.86,44.5,3.49,50.7,17.99,14.24,82.94,5.12,5.353,0.436
2025-11-17 05:24:00,PL03,LINE_A,A,STANDARD,38.05,1,0.826,0.1602,0.0895,78.16,65.64,59.76,2.56,44.57,23.96,19.16,87.68,3.894,4.025,0.229
2025-11-17 05:42:00,PL03,LINE_B,B,HEAVY,124.26,1,0.6988,0.25,0.0919,20.25,15.18,13.79,5.78,47.08,23.36,17.75,88.19,11.587,12.175,0.531
2025-11-17 06:30:00,PL01,LINE_B,B,STANDARD,41.16,2,0.8672,0.069,0.15,151.68,141.22,120.04,2.13,58.36,17.76,24.89,101.0,2.844,2.971,0.319
2025-11-17 07:45:00,PL01,LINE_A,B,PREMIUM,37.63,1,0.7808,0.1351,0.0616,74.71,64.62,60.64,3.91,56.88,17.92,24.96,99.76,5.457,5.558,0.241
2025-11-17 08:01:00,PL01,LINE_B,C,STANDARD,58.66,2,0.8721,0.2119,0.15,107.05,84.36,71.7,1.93,58.0,15.09,21.48,94.56,3.05,3.248,0.289
2025-11-17 09:03:00,PL02,LINE_C,B,STANDARD,43.25,2,0.9738,0.1098,0.0921,162.13,144.33,131.04,2.39,49.36,17.08,31.4,97.84,3.066,3.134,0.22
2025-11-17 09:04:00,PL01,LINE_B,B,PREMIUM,42.65,4,0.8741,0.25,0.1292,295.13,221.35,192.76,3.82,55.87,23.22,30.95,110.05,4.315,4.389,0.493
2025-11-17 10:48:00,PL01,LINE_B,A,STANDARD,32.01,2,0.9076,0.1416,0.0316,204.13,175.21,169.68,2.2,56.74,16.23,20.91,93.87,2.739,2.757,0.07
2025-11-17 10:59:00,PL03,LINE_A,B,PREMIUM,44.43,4,0.8255,0.1664,0.1223,267.55,223.04,195.77,3.12,47.93,14.8,21.15,83.88,3.499,3.551,0.382
2025-11-17 12:48:00,PL01,LINE_D,A,PREMIUM,38.6,1,0.8404,0.1071,0.0277,78.38,69.98,68.04,4.47,54.25,14.85,30.22,99.32,5.891,5.931,0.124
2025-11-17 13:11:00,PL03,LINE_B,C,HEAVY,77.24,1,0.878,0.1213,0.0393,40.92,35.96,34.54,4.42,54.13,29.2,23.2,106.52,7.387,7.508,0.174
2025-11-17 13:18:00,PL02,LINE_B,B,STANDARD,34.02,1,0.931,0.054,0.0969,98.52,93.2,84.17,1.95,50.1,24.85,30.76,105.71,3.081,3.203,0.189
2025-11-17 13:20:00,PL02,LINE_D,B,STANDARD,44.4,2,0.7476,0.1471,0.15,121.23,103.4,87.89,2.87,54.2,22.29,20.88,97.37,3.808,3.974,0.43
2025-11-17 13:26:00,PL01,LINE_A,A,STANDARD,33.02,1,0.8958,0.1548,0.0924,97.67,82.54,74.91,1.46,56.28,17.69,20.96,94.93,2.609,2.726,0.135
2025-11-17 13:34:00,PL01,LINE_A,B,STANDARD,25.92,2,0.7852,0.2406,0.0321,218.12,165.64,160.32,2.15,56.86,23.44,23.96,104.26,2.783,2.804,0.069
2025-11-17 13:51:00,PL02,LINE_B,B,PREMIUM,43.9,2,0.8901,0.1329,0.1315,145.98,126.58,109.93,3.1,56.32,15.91,14.9,87.13,3.792,3.896,0.408
2025-11-17 16:02:00,PL03,LINE_D,C,PREMIUM,50.99,4,0.8092,0.25,0.0548,228.52,171.39,161.99,4.59,50.57,15.98,21.25,87.79,5.1,5.13,0.252
2025-11-17 17:39:00,PL03,LINE_C,C,PREMIUM,33.11,1,0.8225,0.1223,0.0615,89.42,78.49,73.66,3.48,48.61,20.18,27.35,96.14,4.703,4.784,0.214
2025-11-17 18:22:00,PL01,LINE_A,B,PREMIUM,43.9,1,0.8698,0.2283,0.0776,71.33,55.05,50.78,3.83,53.04,21.74,18.43,93.21,5.523,5.665,0.297
2025-11-17 18:22:00,PL01,LINE_A,B,HEAVY,70.54,2,0.9161,0.213,0.051,93.51,73.59,69.84,5.68,60.32,21.85,14.16,96.33,6.993,7.064,0.29
2025-11-17 18:51:00,PL02,LINE_B,A,STANDARD,24.4,2,0.7596,0.25,0.15,224.14,168.1,142.89,2.5,50.33,11.21,28.09,89.63,3.034,3.128,0.375
2025-11-17 19:24:00,PL02,LINE_C,B,PREMIUM,33.54,1,0.8788,0.0935,0.15,94.34,85.52,72.69,2.78,52.05,13.32,27.57,92.94,3.871,4.063,0.418
2025-11-17 19:31:00,PL02,LINE_B,B,HEAVY,64.17,1,0.9376,0.25,0.09,52.6,39.45,35.89,5.01,51.09,21.14,20.29,92.52,7.352,7.584,0.451
2025-11-17 19:58:00,PL02,LINE_C,B,PREMIUM,57.67,1,0.8122,0.25,0.0381,50.7,38.02,36.58,3.9,47.93,13.8,18.97,80.7,6.019,6.103,0.149
2025-11-17 20:18:00,PL02,LINE_C,C,STANDARD,51.97,1,0.98,0.25,0.1095,67.88,50.91,45.34,2.09,51.03,21.1,24.24,96.37,3.985,4.218,0.229
2025-11-17 20:19:00,PL02,LINE_C,C,STANDARD,30.51,4,0.8068,0.25,0.15,380.78,285.58,242.75,2.0,51.99,21.94,20.23,94.16,2.332,2.39,0.3
2025-11-17 20:35:00,PL01,LINE_C,A,HEAVY,90.03,1,0.8872,0.0347,0.0284,35.48,34.25,33.27,5.34,56.02,16.2,18.12,90.35,7.977,8.054,0.152
2025-11-17 20:43:00,PL01,LINE_A,A,PREMIUM,78.33,4,0.8927,0.0133,0.143,164.11,161.93,138.78,2.58,54.97,23.59,26.56,105.11,3.224,3.333,0.368
2025-11-17 21:00:00,PL03,LINE_D,C,STANDARD,35.32,2,0.8686,0.197,0.0215,177.09,142.21,139.15,2.16,50.91,19.45,17.3,87.65,2.774,2.788,0.046
2025-11-17 21:20:00,PL01,LINE_C,C,STANDARD,30.71,1,0.8035,0.2212,0.1178,94.19,73.36,64.72,2.4,60.8,18.78,20.9,100.48,3.773,3.956,0.283
2025-11-17 21:40:00,PL02,LINE_A,A,STANDARD,42.29,1,0.8918,0.18,0.0431,75.92,62.25,59.56,2.5,50.78,17.27,15.01,83.06,3.83,3.89,0.108
2025-11-17 21:51:00,PL01,LINE_A,B,STANDARD,39.96,2,0.8849,0.024,0.1419,159.43,155.6,133.52,2.29,58.07,15.19,19.33,92.59,2.888,2.987,0.325
2025-11-17 22:58:00,PL01,LINE_D,A,PREMIUM,58.6,1,0.7162,0.2188,0.1354,44.0,34.37,29.72,3.25,57.67,13.84,34.3,105.81,6.333,6.816,0.441
2025-11-17 23:12:00,PL01,LINE_D,A,STANDARD,47.07,2,0.7557,0.196,0.15,115.6,92.94,79.0,2.0,55.29,16.79,23.84,95.92,3.037,3.219,0.301
2025-11-17 23:31:00,PL01,LINE_B,C,STANDARD,46.29,1,0.9506,0.1694,0.15,73.93,61.41,52.2,2.33,62.1,14.79,19.67,96.57,3.904,4.181,0.35
2025-11-18 00:13:00,PL03,LINE_B,A,PREMIUM,25.36,1,0.8894,0.2426,0.0424,126.24,95.62,91.56,3.68,44.97,14.77,20.64,80.38,4.52,4.557,0.156
2025-11-18 00:21:00,PL01,LINE_B,B,PREMIUM,66.83,2,0.8667,0.25,0.039,93.38,70.03,67.3,3.6,58.47,17.2,22.03,97.7,4.992,5.049,0.14
2025-11-18 00:51:00,PL01,LINE_B,C,PREMIUM,43.57,2,0.8462,0.1758,0.1091,139.84,115.26,102.69,3.06,57.07,17.17,27.5,101.74,3.947,4.055,0.334
2025-11-18 01:37:00,PL01,LINE_D,A,STANDARD,24.16,2,0.8254,0.1261,0.064,245.95,214.94,201.19,2.65,53.67,21.32,26.36,101.36,3.124,3.156,0.17
2025-11-18 02:32:00,PL01,LINE_A,A,STANDARD,55.86,1,0.854,0.1356,0.0977,55.04,47.58,42.93,2.22,56.17,18.03,17.69,91.89,4.153,4.362,0.217
2025-11-18 03:36:00,PL02,LINE_A,A,STANDARD,41.79,2,0.9071,0.2156,0.15,156.28,122.59,104.2,2.58,50.45,19.79,27.55,97.79,3.38,3.521,0.387
2025-11-18 04:34:00,PL02,LINE_B,A,STANDARD,36.19,1,0.8458,0.1234,0.0474,84.13,73.75,70.25,1.98,52.5,13.26,18.97,84.74,3.13,3.187,0.094
2025-11-18 04:49:00,PL03,LINE_B,C,HEAVY,47.32,2,0.8598,0.25,0.1323,130.83,98.12,85.14,4.06,48.55,23.08,30.49,102.12,5.105,5.264,0.538
2025-11-18 05:04:00,PL01,LINE_C,B,STANDARD,30.29,1,0.8063,0.25,0.1095,95.84,71.88,64.01,2.27,52.33,26.2,20.13,98.66,3.645,3.813,0.249
2025-11-18 05:15:00,PL03,LINE_C,C,STANDARD,33.25,2,0.7677,0.25,0.1316,166.22,124.67,108.26,2.41,51.86,16.32,24.15,92.33,3.151,3.264,0.317
2025-11-18 06:12:00,PL02,LINE_C,A,PREMIUM,58.11,2,0.8895,0.1351,0.15,110.21,95.32,81.02,3.33,51.81,21.64,28.46,101.91,4.397,4.585,0.499
2025-11-18 07:19:00,PL01,LINE_C,C,PREMIUM,31.79,1,0.8342,0.041,0.1146,94.48,90.61,80.23,3.0,53.64,15.45,25.78,94.88,4.051,4.187,0.344
2025-11-18 08:26:00,PL03,LINE_A,B,HEAVY,68.15,1,0.8246,0.205,0.1402,43.56,34.63,29.77,4.91,50.29,22.85,14.02,87.16,7.426,7.837,0.688
2025-11-18 08:47:00,PL03,LINE_B,A,STANDARD,38.96,1,0.8542,0.117,0.15,78.92,69.69,59.23,1.99,46.51,9.29,19.59,75.39,3.071,3.262,0.298
2025-11-18 08:51:00,PL02,LINE_C,B,STANDARD,34.31,1,0.9359,0.0909,0.0389,98.19,89.26,85.79,2.45,49.27,11.51,25.98,86.76,3.425,3.464,0.096
2025-11-18 09:00:00,PL01,LINE_A,B,HEAVY,62.29,1,0.8654,0.1727,0.118,50.02,41.38,36.5,5.3,56.43,15.18,19.33,90.93,7.5,7.794,0.626
2025-11-18 09:08:00,PL02,LINE_A,A,HEAVY,51.04,1,0.8388,0.2003,0.1166,59.16,47.31,41.79,4.84,50.29,23.83,30.42,104.54,7.054,7.346,0.565
2025-11-18 09:19:00,PL01,LINE_A,B,STANDARD,29.29,2,0.9343,0.1964,0.0659,229.69,184.58,172.43,2.04,57.65,10.96,27.48,96.09,2.562,2.599,0.134
2025-11-18 10:01:00,PL01,LINE_C,A,PREMIUM,87.75,2,0.8762,0.1637,0.0901,71.89,60.12,54.71,4.05,54.54,9.75,20.66,84.95,5.458,5.598,0.364
2025-11-18 10:05:00,PL03,LINE_C,A,HEAVY,82.3,1,0.8662,0.2474,0.1085,37.89,28.51,25.42,5.4,50.88,19.53,24.84,95.26,8.736,9.143,0.586
2025-11-18 10:12:00,PL03,LINE_C,C,STANDARD,50.9,1,0.9002,0.25,0.15,63.67,47.75,40.59,1.64,51.66,21.76,26.43,99.85,3.727,4.096,0.245
2025-11-18 10:34:00,PL01,LINE_C,B,STANDARD,26.74,1,0.9102,0.0804,0.07,122.55,112.71,104.82,2.29,57.99,11.7,25.36,95.06,3.129,3.193,0.16
2025-11-18 10:35:00,PL01,LINE_B,C,HEAVY,59.17,2,0.7335,0.1136,0.15,89.26,79.12,67.25,5.42,55.47,16.61,17.02,89.09,6.548,6.747,0.813
2025-11-18 10:44:00,PL03,LINE_A,C,HEAVY,49.01,2,0.9375,0.1415,0.15,137.72,118.24,100.5,5.94,50.85,22.64,19.71,93.2,6.733,6.872,0.892
2025-11-18 10:46:00,PL01,LINE_A,B,STANDARD,35.43,1,0.7303,0.0906,0.021,74.22,67.49,66.08,2.55,61.61,15.78,19.59,96.98,3.984,4.015,0.053
2025-11-18 10:57:00,PL02,LINE_A,A,PREMIUM,36.19,1,0.8215,0.0372,0.1243,81.72,78.68,68.9,4.95,49.77,23.58,17.94,91.28,6.113,6.277,0.615
2025-11-18 11:47:00,PL01,LINE_C,C,HEAVY,69.04,1,0.8676,0.0837,0.0517,45.24,41.45,39.31,5.93,57.61,21.32,21.18,100.1,8.344,8.476,0.306
2025-11-18 12:27:00,PL03,LINE_C,A,STANDARD,51.6,1,0.8736,0.0649,0.0435,60.95,57.0,54.51,2.65,44.39,16.1,10.42,70.91,3.895,3.952,0.115
2025-11-18 13:02:00,PL01,LINE_A,A,HEAVY,30.3,1,0.8845,0.2308,0.0719,105.1,80.85,75.03,5.25,56.37,22.66,24.06,103.09,6.528,6.627,0.378
2025-11-18 13:33:00,PL03,LINE_A,B,STANDARD,41.9,1,0.8002,0.2159,0.1474,68.75,53.91,45.96,2.06,48.85,22.38,16.66,87.9,3.693,3.975,0.304
2025-11-18 14:50:00,PL02,LINE_B,B,HEAVY,56.19,1,0.8627,0.1716,0.0749,55.27,45.78,42.36,4.77,51.06,21.03,20.59,92.68,6.794,6.958,0.357
2025-11-18 15:22:00,PL02,LINE_D,A,HEAVY,76.41,1,0.7982,0.063,0.1324,37.6,35.24,30.57,5.55,45.54,17.67,15.84,79.06,7.79,8.133,0.734
2025-11-18 16:11:00,PL02,LINE_A,B,PREMIUM,37.41,1,0.8556,0.25,0.15,82.34,61.75,52.49,3.44,50.07,30.0,18.15,98.22,5.029,5.31,0.516
2025-11-18 17:07:00,PL01,LINE_B,B,PREMIUM,31.36,1,0.8815,0.0629,0.1017,101.18,94.81,85.17,3.17,58.93,20.43,22.12,101.48,4.241,4.362,0.322
2025-11-18 17:22:00,PL02,LINE_A,A,PREMIUM,37.18,4,0.8677,0.25,0.15,336.12,252.09,214.28,4.15,51.63,24.17,29.21,105.02,4.57,4.643,0.623
2025-11-18 17:48:00,PL02,LINE_C,B,PREMIUM,52.89,1,0.8227,0.1443,0.1422,56.0,47.92,41.11,4.08,50.3,20.4,19.57,90.27,5.967,6.279,0.581
2025-11-18 17:52:00,PL02,LINE_D,C,HEAVY,57.69,1,0.7814,0.1315,0.15,48.76,42.34,35.99,3.67,49.57,17.33,20.35,87.25,5.734,6.098,0.551
2025-11-18 17:56:00,PL02,LINE_A,B,PREMIUM,28.27,1,0.7298,0.0872,0.1181,92.95,84.84,74.82,3.14,53.1,6.0,26.67,85.77,4.152,4.288,0.371
2025-11-18 18:15:00,PL03,LINE_A,A,HEAVY,74.37,1,0.8244,0.1487,0.15,39.91,33.97,28.88,4.58,48.03,25.48,23.7,97.21,7.443,7.948,0.687
2025-11-18 21:06:00,PL03,LINE_A,B,STANDARD,31.57,1,0.8806,0.0782,0.1111,100.42,92.57,82.28,1.98,51.56,20.85,20.0,92.41,2.976,3.101,0.22
2025-11-18 21:44:00,PL02,LINE_A,C,STANDARD,35.86,2,0.9745,0.25,0.0606,195.66,146.74,137.86,2.14,55.89,19.4,18.83,94.12,2.778,2.82,0.129
2025-11-18 21:50:00,PL02,LINE_A,B,PREMIUM,31.21,1,0.9215,0.1872,0.1263,106.3,86.4,75.48,3.59,52.71,21.47,15.85,90.02,4.636,4.787,0.454
2025-11-18 22:48:00,PL01,LINE_A,C,HEAVY,65.72,1,0.8345,0.0322,0.0402,45.71,44.24,42.46,4.59,58.68,22.96,30.76,112.4,7.131,7.237,0.184
2025-11-18 23:31:00,PL01,LINE_C,B,STANDARD,40.14,1,0.7224,0.2322,0.018,64.79,49.75,48.85,1.97,55.98,12.81,17.32,86.11,3.705,3.737,0.035
2025-11-18 23:37:00,PL03,LINE_A,A,STANDARD,21.31,1,0.8538,0.0174,0.0843,144.23,141.71,129.77,2.45,45.67,20.99,17.17,83.83,3.044,3.099,0.207
2025-11-19 00:11:00,PL01,LINE_A,B,STANDARD,26.38,1,0.8978,0.1457,0.0756,122.53,104.68,96.77,2.77,53.92,18.15,31.19,103.26,3.755,3.835,0.209
2025-11-19 00:15:00,PL01,LINE_C,B,PREMIUM,48.23,2,0.7078,0.1241,0.102,105.67,92.55,83.12,3.14,57.57,17.74,26.36,101.67,4.243,4.367,0.321
2025-11-19 01:17:00,PL01,LINE_A,B,HEAVY,96.77,1,0.921,0.1271,0.0715,34.26,29.91,27.77,5.96,57.22,25.51,24.22,106.95,9.534,9.81,0.426
2025-11-19 01:17:00,PL03,LINE_B,B,STANDARD,23.04,1,0.914,0.25,0.0296,142.82,107.11,103.94,2.36,47.21,21.48,27.62,96.32,3.263,3.291,0.07
2025-11-19 01:50:00,PL02,LINE_A,B,STANDARD,43.62,1,0.8229,0.1494,0.15,67.91,57.77,49.1,2.75,51.4,19.65,23.37,94.42,4.382,4.67,0.412
2025-11-19 02:22:00,PL03,LINE_A,B,STANDARD,46.84,2,0.7359,0.1206,0.0845,113.11,99.48,91.07,2.49,46.94,19.91,18.72,85.57,3.347,3.426,0.21
2025-11-19 02:30:00,PL03,LINE_A,B,PREMIUM,62.46,1,0.8334,0.1813,0.15,48.03,39.32,33.42,3.79,50.2,17.21,18.72,86.13,5.981,6.368,0.569
2025-11-19 03:21:00,PL03,LINE_D,A,PREMIUM,67.81,2,0.8862,0.25,0.15,94.09,70.57,59.98,4.36,48.3,20.28,14.93,83.52,5.543,5.752,0.654
2025-11-19 03:28:00,PL01,LINE_A,C,STANDARD,32.62,2,0.9207,0.1397,0.15,203.21,174.82,148.6,2.05,60.47,14.83,17.05,92.35,2.577,2.67,0.307
2025-11-19 04:49:00,PL01,LINE_A,C,STANDARD,78.4,1,0.8838,0.034,0.0198,40.58,39.2,38.43,2.6,57.76,14.61,21.53,93.91,4.991,5.039,0.052
2025-11-19 05:45:00,PL01,LINE_D,A,PREMIUM,89.99,4,0.8894,0.25,0.0979,142.31,106.73,96.28,4.35,53.09,20.72,30.64,104.45,5.328,5.434,0.426
2025-11-19 06:06:00,PL02,LINE_C,C,STANDARD,37.28,1,0.9053,0.0975,0.0233,87.42,78.9,77.05,1.73,55.27,18.8,17.73,91.81,2.894,2.922,0.04
2025-11-19 06:10:00,PL03,LINE_A,B,STANDARD,31.98,1,0.8952,0.1499,0.15,100.79,85.68,72.83,2.31,51.45,19.09,25.35,95.9,3.433,3.631,0.347
2025-11-19 06:10:00,PL01,LINE_C,A,STANDARD,42.26,1,0.7467,0.0898,0.0926,63.6,57.89,52.53,2.0,51.81,15.91,23.03,90.75,3.564,3.724,0.185
2025-11-19 06:41:00,PL02,LINE_C,A,HEAVY,48.99,2,0.7731,0.1611,0.0102,113.62,95.32,94.34,5.95,49.57,25.81,24.13,99.51,6.992,7.003,0.061
2025-11-19 06:47:00,PL02,LINE_A,A,HEAVY,80.55,1,0.8119,0.0491,0.15,36.29,34.5,29.33,5.21,48.48,17.52,26.03,92.03,7.876,8.346,0.781
2025-11-19 07:42:00,PL01,LINE_A,B,HEAVY,56.64,1,0.9256,0.115,0.0323,58.83,52.07,50.38,4.31,55.91,21.53,18.73,96.17,6.156,6.218,0.139
2025-11-19 09:09:00,PL01,LINE_D,C,PREMIUM,41.62,1,0.8454,0.1405,0.15,73.13,62.85,53.43,2.99,58.85,24.58,31.82,115.24,4.82,5.144,0.448
2025-11-19 09:11:00,PL01,LINE_A,B,STANDARD,43.02,1,0.8433,0.1087,0.1134,70.57,62.9,55.77,2.38,59.01,15.69,16.35,91.05,3.829,4.014,0.27
2025-11-19 09:26:00,PL02,LINE_D,A,STANDARD,46.15,2,0.7585,0.1302,0.0783,118.32,102.91,94.86,1.77,50.19,20.26,17.27,87.71,2.621,2.693,0.138
2025-11-19 11:44:00,PL01,LINE_A,A,STANDARD,46.61,2,0.8991,0.238,0.1007,138.88,105.83,95.18,2.32,56.55,22.84,13.17,92.56,3.199,3.297,0.234
2025-11-19 11:52:00,PL03,LINE_A,A,PREMIUM,45.84,1,0.9161,0.1357,0.15,71.94,62.18,52.85,3.37,49.44,16.48,25.68,91.6,4.846,5.106,0.506
2025-11-19 12:07:00,PL01,LINE_A,A,PREMIUM,49.29,1,0.9785,0.25,0.071,71.46,53.6,49.79,4.31,55.85,19.97,23.32,99.14,6.163,6.305,0.306
2025-11-19 12:13:00,PL01,LINE_A,B,PREMIUM,36.0,2,0.7862,0.0792,0.1196,157.24,144.78,127.47,4.31,56.9,12.78,20.25,89.92,4.931,5.016,0.515
2025-11-19 12:25:00,PL01,LINE_B,B,PREMIUM,52.84,1,0.8646,0.0762,0.108,58.91,54.42,48.54,3.99,57.91,10.17,26.54,94.61,5.727,5.938,0.431
2025-11-19 12:33:00,PL02,LINE_B,B,STANDARD,35.26,1,0.7899,0.25,0.0324,80.65,60.49,58.53,2.61,52.2,19.68,17.63,89.5,4.088,4.137,0.085
2025-11-19 13:41:00,PL01,LINE_A,C,STANDARD,34.41,2,0.8689,0.1695,0.1128,181.82,151.0,133.97,3.07,57.51,24.44,20.54,102.48,3.745,3.831,0.346
2025-11-19 14:09:00,PL03,LINE_B,C,STANDARD,18.07,1,0.8234,0.25,0.046,164.0,123.0,117.34,2.38,46.9,13.78,17.46,78.15,3.017,3.047,0.109
2025-11-19 14:09:00,PL01,LINE_B,C,STANDARD,36.54,1,0.9103,0.1197,0.1394,89.68,78.95,67.95,2.76,57.41,14.84,20.28,92.52,3.934,4.124,0.385
2025-11-19 14:25:00,PL03,LINE_C,A,STANDARD,40.18,2,0.839,0.25,0.0619,150.35,112.76,105.78,2.6,47.83,17.93,20.32,86.08,3.361,3.412,0.161
2025-11-19 14:38:00,PL01,LINE_B,B,STANDARD,28.48,1,0.891,0.25,0.1262,112.64,84.48,73.82,2.26,57.8,15.05,30.81,103.66,3.489,3.666,0.286
2025-11-19 15:01:00,PL01,LINE_B,C,STANDARD,25.23,1,0.7699,0.1517,0.042,109.86,93.19,89.27,2.08,60.98,15.46,18.21,94.65,3.097,3.141,0.087
2025-11-19 15:24:00,PL02,LINE_A,B,STANDARD,32.01,2,0.8171,0.1891,0.0279,183.78,149.02,144.87,2.39,52.28,18.46,16.65,87.39,2.974,2.991,0.066
2025-11-19 15:29:00,PL03,LINE_A,A,STANDARD,42.31,4,0.8216,0.25,0.059,279.6,209.7,197.32,2.12,45.75,18.31,18.18,82.24,2.514,2.539,0.125
2025-11-19 16:03:00,PL03,LINE_C,B,STANDARD,42.62,1,0.8128,0.1958,0.15,68.65,55.21,46.93,2.14,49.77,25.84,31.79,107.4,4.081,4.425,0.32
2025-11-19 16:06:00,PL02,LINE_D,A,STANDARD,26.14,1,0.9115,0.1258,0.0339,125.54,109.74,106.02,2.38,47.79,21.18,24.38,93.36,3.227,3.257,0.081
2025-11-19 16:31:00,PL02,LINE_B,A,PREMIUM,56.74,1,0.8668,0.0596,0.15,55.0,51.72,43.96,3.81,49.2,19.49,20.05,88.75,5.525,5.827,0.571
2025-11-19 16:32:00,PL01,LINE_A,A,PREMIUM,28.88,2,0.6962,0.0709,0.0919,173.55,161.24,146.42,2.58,56.55,19.41,23.6,99.56,3.194,3.257,0.237
2025-11-19 17:02:00,PL02,LINE_C,C,PREMIUM,42.4,1,0.8765,0.0661,0.1444,74.42,69.5,59.46,3.38,52.46,23.16,18.57,94.18,4.731,4.96,0.488
2025-11-19 17:42:00,PL02,LINE_D,A,PREMIUM,34.28,1,0.843,0.1007,0.114,88.53,79.62,70.54,2.71,50.58,23.97,18.95,93.5,3.88,4.031,0.308
2025-11-19 17:46:00,PL03,LINE_D,C,PREMIUM,40.23,4,0.7568,0.25,0.0868,270.89,203.17,185.54,4.38,52.62,16.82,28.76,98.19,4.861,4.907,0.38
2025-11-19 19:06:00,PL01,LINE_B,B,PREMIUM,44.53,2,0.8295,0.0855,0.016,134.11,122.65,120.68,3.22,57.06,14.87,27.33,99.25,4.034,4.047,0.052
2025-11-19 19:25:00,PL01,LINE_A,A,STANDARD,31.2,1,0.9319,0.0572,0.0733,107.51,101.36,93.93,1.98,53.55,12.72,28.27,94.54,2.914,2.988,0.145
2025-11-19 19:40:00,PL02,LINE_A,A,STANDARD,38.32,1,0.8884,0.2078,0.1488,83.46,66.11,56.28,2.4,52.24,12.13,15.06,79.43,3.601,3.811,0.357
2025-11-19 21:15:00,PL01,LINE_D,A,PREMIUM,36.04,1,0.8955,0.25,0.15,89.46,67.09,57.03,4.04,55.72,13.66,26.87,96.26,5.477,5.73,0.606
2025-11-19 21:21:00,PL03,LINE_C,C,STANDARD,39.28,1,0.98,0.1439,0.15,89.82,76.89,65.36,2.18,49.81,17.03,34.03,100.87,3.494,3.725,0.327
2025-11-19 22:36:00,PL01,LINE_A,A,PREMIUM,57.27,1,0.8827,0.0984,0.0899,55.49,50.03,45.53,2.97,52.69,13.8,21.85,88.33,4.737,4.911,0.267
2025-11-19 23:09:00,PL02,LINE_D,A,HEAVY,39.95,1,0.8773,0.1534,0.061,79.05,66.93,62.85,5.1,50.08,28.67,21.32,100.07,6.592,6.689,0.311
2025-11-19 23:23:00,PL02,LINE_C,A,STANDARD,28.01,2,0.8782,0.0618,0.1195,225.74,211.78,186.48,2.32,48.58,22.5,17.95,89.04,2.736,2.793,0.277
2025-11-19 23:37:00,PL03,LINE_B,A,HEAVY,43.65,1,0.8603,0.0744,0.0537,70.96,65.68,62.15,5.16,49.75,19.93,18.15,87.83,6.501,6.576,0.277
2025-11-20 01:14:00,PL01,LINE_C,B,STANDARD,31.91,2,0.8769,0.0708,0.0985,197.87,183.86,165.76,2.04,54.93,13.99,28.42,97.34,2.569,2.626,0.201
2025-11-20 01:23:00,PL02,LINE_C,C,HEAVY,59.02,2,0.9022,0.1023,0.0455,110.05,98.79,94.29,4.23,49.88,28.22,28.44,106.55,5.306,5.357,0.192
2025-11-20 01:48:00,PL02,LINE_C,A,STANDARD,27.06,2,0.8406,0.25,0.15,223.63,167.72,142.57,1.98,49.91,26.41,17.09,93.41,2.542,2.64,0.298
2025-11-20 02:37:00,PL01,LINE_C,A,PREMIUM,35.78,1,0.9113,0.1785,0.124,91.68,75.32,65.98,3.57,56.87,18.92,20.36,96.14,4.845,5.025,0.442
2025-11-20 02:40:00,PL03,LINE_C,C,HEAVY,56.82,1,0.9506,0.2458,0.0581,60.23,45.42,42.79,5.96,47.95,22.41,17.46,87.82,7.895,8.014,0.346
2025-11-20 02:41:00,PL01,LINE_B,B,STANDARD,27.84,1,0.8184,0.184,0.0827,105.84,86.36,79.22,2.16,55.2,21.94,21.3,98.44,3.299,3.402,0.179
2025-11-20 03:10:00,PL01,LINE_C,B,PREMIUM,55.05,1,0.8235,0.0492,0.0273,53.85,51.2,49.8,3.55,53.68,14.64,24.26,92.58,5.355,5.406,0.097
2025-11-20 05:45:00,PL03,LINE_C,C,PREMIUM,27.6,1,0.9058,0.25,0.023,118.15,88.61,86.57,2.98,48.12,22.37,35.61,106.1,4.175,4.204,0.069
2025-11-20 06:18:00,PL01,LINE_C,C,STANDARD,30.36,1,0.8611,0.25,0.0192,102.1,76.58,75.1,1.89,60.02,13.37,22.81,96.2,3.15,3.175,0.036
2025-11-20 06:39:00,PL01,LINE_A,B,STANDARD,23.06,1,0.7753,0.1411,0.0463,121.05,103.97,99.16,2.33,56.4,23.25,24.68,104.33,3.337,3.386,0.108
2025-11-20 06:48:00,PL02,LINE_B,C,PREMIUM,30.71,1,0.9007,0.25,0.0519,105.58,79.19,75.08,3.12,52.01,19.82,23.81,95.64,4.328,4.394,0.162
2025-11-20 07:19:00,PL03,LINE_A,B,PREMIUM,42.75,1,0.8877,0.0978,0.1495,74.76,67.45,57.37,2.96,46.42,23.31,32.55,102.28,4.474,4.74,0.442
2025-11-20 07:26:00,PL01,LINE_C,C,STANDARD,33.82,2,0.7454,0.106,0.1485,158.68,141.86,120.8,1.73,57.14,16.69,14.3,88.12,2.351,2.46,0.257
2025-11-20 07:29:00,PL03,LINE_B,B,PREMIUM,48.67,2,0.8199,0.1629,0.15,121.31,101.55,86.32,3.77,48.95,16.12,20.61,85.68,4.614,4.763,0.566
2025-11-20 08:12:00,PL01,LINE_A,A,STANDARD,39.85,1,0.9451,0.0764,0.1487,85.37,78.85,67.12,2.67,52.38,13.08,19.29,84.75,3.748,3.935,0.397
2025-11-20 08:52:00,PL01,LINE_B,A,HEAVY,56.79,2,0.8957,0.1654,0.15,113.55,94.76,80.55,6.1,56.55,29.69,25.75,111.99,7.282,7.49,0.915
2025-11-20 09:12:00,PL02,LINE_A,B,STANDARD,20.31,1,0.7845,0.0439,0.15,139.08,132.97,113.02,1.81,51.53,21.91,17.79,91.23,2.493,2.614,0.271
2025-11-20 09:32:00,PL03,LINE_A,B,PREMIUM,55.4,1,0.8601,0.2442,0.0766,55.9,42.25,39.01,3.39,48.93,24.9,16.58,90.41,5.534,5.712,0.26
2025-11-20 09:44:00,PL02,LINE_B,C,STANDARD,35.72,2,0.7824,0.0462,0.0042,157.7,150.41,149.78,2.37,52.11,25.8,24.64,102.55,3.049,3.052,0.01
2025-11-20 09:48:00,PL01,LINE_B,A,HEAVY,75.23,2,0.8663,0.1168,0.15,82.91,73.23,62.24,5.31,56.67,13.57,21.56,91.8,6.561,6.782,0.796
2025-11-20 11:02:00,PL02,LINE_A,A,STANDARD,63.19,2,0.8929,0.1032,0.15,101.74,91.24,77.55,2.61,47.84,19.2,21.81,88.84,3.584,3.755,0.391
2025-11-20 12:37:00,PL03,LINE_B,C,HEAVY,44.02,2,0.8573,0.1186,0.133,140.22,123.59,107.15,6.72,49.63,22.85,16.56,89.04,7.436,7.547,0.893
2025-11-20 13:06:00,PL02,LINE_D,B,HEAVY,50.28,1,0.9603,0.25,0.15,68.76,51.57,43.83,4.86,52.66,26.56,20.04,99.26,6.785,7.125,0.729
2025-11-20 13:09:00,PL03,LINE_A,C,STANDARD,25.28,4,0.8457,0.25,0.0972,481.67,361.25,326.12,2.82,46.67,13.69,27.9,88.26,3.065,3.092,0.274
2025-11-20 13:20:00,PL03,LINE_A,A,HEAVY,45.23,2,0.8424,0.25,0.0851,134.12,100.59,92.03,5.63,42.4,20.56,22.92,85.88,6.483,6.562,0.479
2025-11-20 14:39:00,PL03,LINE_C,C,STANDARD,41.67,1,0.7698,0.0636,0.1048,66.51,62.27,55.75,2.15,49.88,16.89,24.94,91.71,3.626,3.798,0.226
2025-11-20 14:54:00,PL01,LINE_A,C,PREMIUM,37.77,2,0.98,0.0947,0.023,186.82,169.13,165.24,3.2,61.19,16.5,20.35,98.04,3.783,3.797,0.074
2025-11-20 15:22:00,PL01,LINE_B,A,STANDARD,38.89,2,0.917,0.0589,0.0546,169.77,159.78,151.04,2.39,56.5,26.64,22.35,105.5,3.054,3.092,0.131
2025-11-20 15:38:00,PL01,LINE_A,C,STANDARD,20.75,1,0.8594,0.1051,0.0771,149.08,133.41,123.12,1.84,56.0,20.61,24.13,100.75,2.597,2.66,0.142
2025-11-20 15:42:00,PL01,LINE_C,A,STANDARD,41.07,1,0.8176,0.0757,0.0678,71.67,66.24,61.75,1.7,54.47,24.12,28.77,107.36,3.321,3.439,0.115
2025-11-20 16:15:00,PL02,LINE_A,C,PREMIUM,61.91,1,0.8573,0.1115,0.15,49.85,44.29,37.65,3.54,53.03,16.03,22.15,91.21,5.603,5.966,0.532
2025-11-20 16:47:00,PL02,LINE_B,A,PREMIUM,32.87,2,0.8141,0.1675,0.0642,178.35,148.48,138.95,3.07,51.23,16.83,27.92,95.98,3.716,3.76,0.197
2025-11-20 17:19:00,PL02,LINE_D,B,STANDARD,36.9,1,0.7396,0.0514,0.0641,72.16,68.45,64.06,1.53,52.64,22.1,18.5,93.24,2.89,2.984,0.098
2025-11-20 17:32:00,PL03,LINE_B,B,PREMIUM,32.36,1,0.8288,0.1233,0.0879,92.22,80.85,73.74,2.53,47.21,24.79,23.47,95.47,3.708,3.822,0.222
2025-11-20 17:50:00,PL01,LINE_C,C,HEAVY,65.75,1,0.8582,0.25,0.0901,46.99,35.24,32.07,4.96,56.14,22.4,21.38,99.92,7.794,8.075,0.447
2025-11-20 18:03:00,PL03,LINE_C,B,PREMIUM,27.27,2,0.7567,0.1865,0.134,199.75,162.49,140.71,2.74,52.67,17.32,24.58,94.57,3.324,3.414,0.367
2025-11-20 18:07:00,PL02,LINE_B,C,STANDARD,46.16,4,0.8991,0.0325,0.15,280.46,271.35,230.65,2.5,53.85,19.18,22.33,95.36,2.854,2.916,0.375
2025-11-20 20:03:00,PL02,LINE_D,B,PREMIUM,57.48,4,0.88,0.25,0.0432,220.43,165.32,158.19,3.71,51.88,17.94,21.02,90.85,4.264,4.289,0.16
2025-11-20 20:26:00,PL02,LINE_B,C,PREMIUM,39.51,1,0.9525,0.0652,0.15,86.79,81.13,68.96,4.03,48.93,16.14,14.48,79.56,5.012,5.185,0.605
2025-11-20 21:44:00,PL01,LINE_C,C,STANDARD,22.22,1,0.8428,0.1395,0.1412,136.58,117.53,100.93,2.41,58.91,17.44,21.17,97.52,3.235,3.371,0.34
2025-11-20 21:55:00,PL01,LINE_A,C,PREMIUM,48.71,1,0.8871,0.1833,0.15,65.57,53.55,45.51,3.08,58.08,19.81,21.66,99.55,4.939,5.268,0.462
2025-11-20 22:02:00,PL03,LINE_B,C,STANDARD,30.35,1,0.796,0.2094,0.15,94.43,74.65,63.45,2.19,48.17,16.69,33.39,98.25,3.502,3.734,0.328
2025-11-20 23:49:00,PL03,LINE_B,A,HEAVY,66.5,2,0.7862,0.0934,0.15,85.12,77.17,65.59,5.87,47.02,20.71,20.48,88.21,7.009,7.211,0.88
2025-11-21 00:11:00,PL01,LINE_C,B,PREMIUM,22.83,4,0.8247,0.0167,0.136,520.13,511.44,441.87,2.75,54.32,14.08,21.89,90.29,2.928,2.956,0.374
2025-11-21 00:14:00,PL02,LINE_B,B,PREMIUM,29.26,2,0.8112,0.1165,0.15,199.6,176.34,149.89,4.09,51.98,19.88,17.83,89.7,4.601,4.69,0.614
2025-11-21 03:37:00,PL02,LINE_C,B,STANDARD,41.9,1,0.9185,0.2195,0.0253,78.92,61.59,60.03,2.56,48.78,17.2,27.57,93.54,4.08,4.12,0.065
2025-11-21 03:46:00,PL01,LINE_C,C,STANDARD,31.8,2,0.9601,0.132,0.1022,217.35,188.66,169.37,2.43,58.01,10.5,32.66,101.17,2.963,3.024,0.248
2025-11-21 05:08:00,PL01,LINE_B,A,PREMIUM,47.25,1,0.7683,0.0781,0.0666,58.54,53.97,50.37,3.37,52.39,16.16,26.24,94.79,5.131,5.257,0.225
2025-11-21 05:24:00,PL01,LINE_C,B,STANDARD,31.09,1,0.823,0.0548,0.1321,95.31,90.09,78.18,1.98,56.72,20.57,17.36,94.65,3.032,3.192,0.262
2025-11-21 06:01:00,PL01,LINE_A,C,STANDARD,34.25,1,0.929,0.25,0.0104,97.66,73.25,72.49,2.04,58.52,12.83,28.91,100.26,3.408,3.422,0.021
2025-11-21 06:46:00,PL02,LINE_A,B,STANDARD,27.1,1,0.8279,0.1232,0.1059,110.0,96.45,86.24,2.52,52.25,26.88,17.85,96.97,3.526,3.645,0.267
2025-11-21 07:15:00,PL01,LINE_B,C,STANDARD,27.65,4,0.886,0.25,0.0363,461.41,346.06,333.5,2.11,58.26,18.42,11.17,87.85,2.365,2.375,0.077
2025-11-21 07:18:00,PL02,LINE_A,A,STANDARD,40.87,1,0.9367,0.1062,0.15,82.5,73.74,62.68,1.77,49.6,14.8,22.74,87.13,2.948,3.156,0.265
2025-11-21 07:18:00,PL01,LINE_A,A,STANDARD,32.67,1,0.8593,0.1436,0.1134,94.7,81.1,71.91,2.05,52.87,11.33,27.59,91.8,3.185,3.329,0.233
2025-11-21 07:27:00,PL01,LINE_A,B,STANDARD,42.25,1,0.8612,0.0826,0.0454,73.38,67.32,64.26,2.13,56.85,20.95,27.22,105.02,3.691,3.765,0.097
2025-11-21 07:56:00,PL02,LINE_A,C,STANDARD,35.03,1,0.8317,0.1233,0.132,85.48,74.94,65.05,2.52,48.4,8.97,21.68,79.04,3.572,3.733,0.332
2025-11-21 08:15:00,PL01,LINE_D,B,PREMIUM,48.72,1,0.7869,0.0573,0.1357,58.14,54.81,47.37,3.15,55.26,19.19,17.68,92.12,4.833,5.096,0.428
2025-11-21 08:27:00,PL01,LINE_B,A,STANDARD,33.08,1,0.9115,0.2267,0.0928,99.18,76.7,69.58,2.0,59.52,19.42,13.38,92.33,3.2,3.323,0.185
2025-11-21 08:40:00,PL01,LINE_B,C,STANDARD,30.89,2,0.9492,0.0975,0.0946,221.27,199.7,180.81,1.61,57.04,14.94,24.72,96.69,2.096,2.147,0.152
2025-11-21 08:48:00,PL01,LINE_B,B,STANDARD,24.18,1,0.8401,0.1171,0.0636,125.09,110.44,103.42,2.8,55.58,24.98,20.56,101.13,3.718,3.78,0.178
2025-11-21 08:55:00,PL02,LINE_B,C,STANDARD,32.12,1,0.7833,0.25,0.15,87.79,65.84,55.96,2.06,51.06,10.6,20.04,81.71,3.305,3.524,0.31
2025-11-21 09:16:00,PL01,LINE_D,C,STANDARD,36.44,2,0.8038,0.2106,0.0221,158.84,125.38,122.61,2.18,60.67,12.5,24.36,97.54,2.962,2.98,0.048
2025-11-21 11:02:00,PL02,LINE_B,A,STANDARD,68.55,2,0.8128,0.1981,0.1285,85.37,68.46,59.66,2.14,49.08,21.28,22.67,93.03,3.498,3.699,0.275
2025-11-21 11:09:00,PL02,LINE_C,B,STANDARD,39.75,1,0.9115,0.2288,0.0652,82.55,63.66,59.51,1.48,52.71,18.33,24.96,96.0,2.986,3.091,0.096
2025-11-21 11:11:00,PL03,LINE_A,B,PREMIUM,42.1,4,0.9387,0.0615,0.1465,321.1,301.34,257.2,3.71,49.7,26.04,21.62,97.36,4.031,4.086,0.543
2025-11-21 11:27:00,PL01,LINE_A,C,STANDARD,33.69,1,0.9303,0.1269,0.0778,99.41,86.8,80.05,1.75,60.69,11.11,25.32,97.12,2.87,2.964,0.136
2025-11-21 12:56:00,PL01,LINE_C,C,HEAVY,73.75,2,0.8871,0.1812,0.0353,86.6,70.91,68.4,6.16,60.47,22.16,13.42,96.05,7.512,7.562,0.217
2025-11-21 13:10:00,PL01,LINE_B,C,STANDARD,35.6,2,0.8759,0.0831,0.0801,177.16,162.43,149.41,2.61,61.67,18.74,16.75,97.15,3.206,3.258,0.209
2025-11-21 13:24:00,PL02,LINE_B,A,PREMIUM,57.24,1,0.9226,0.1473,0.15,58.03,49.48,42.06,4.58,50.38,16.83,20.69,87.9,6.361,6.675,0.688
2025-11-21 13:41:00,PL01,LINE_D,A,STANDARD,25.58,1,0.8407,0.25,0.1002,118.31,88.73,79.84,1.75,56.62,17.98,23.8,98.4,2.857,2.98,0.175
2025-11-21 15:43:00,PL02,LINE_C,C,STANDARD,38.77,1,0.7165,0.0688,0.0663,66.53,61.96,57.85,1.56,50.7,18.84,23.36,92.89,3.056,3.162,0.103
2025-11-21 16:09:00,PL01,LINE_A,C,STANDARD,48.96,2,0.9099,0.1864,0.0488,133.82,108.87,103.55,2.34,56.63,12.9,25.97,95.49,3.215,3.26,0.114
2025-11-21 16:15:00,PL03,LINE_A,C,HEAVY,98.31,1,0.872,0.0598,0.048,31.93,30.02,28.58,6.28,52.43,15.81,32.3,100.54,9.626,9.795,0.301
2025-11-21 17:12:00,PL02,LINE_A,C,HEAVY,56.16,2,0.9321,0.088,0.1097,119.49,108.98,97.03,4.05,56.28,28.67,22.08,107.04,5.028,5.149,0.444
2025-11-21 17:18:00,PL01,LINE_A,C,STANDARD,32.77,1,0.9735,0.2144,0.0221,106.93,84.0,82.15,2.05,61.18,22.26,23.04,106.48,3.316,3.345,0.045
2025-11-21 17:40:00,PL01,LINE_B,B,PREMIUM,36.97,2,0.7266,0.25,0.0639,141.5,106.12,99.34,3.87,59.29,25.34,22.91,107.54,4.886,4.955,0.247
2025-11-21 17:50:00,PL02,LINE_A,C,STANDARD,58.21,1,0.8334,0.1189,0.0174,51.54,45.41,44.62,1.89,50.71,17.97,14.17,82.86,3.714,3.747,0.033
2025-11-21 18:08:00,PL01,LINE_C,C,STANDARD,35.4,2,0.8468,0.25,0.059,172.24,129.18,121.57,2.07,59.36,20.12,15.56,95.04,2.806,2.852,0.122
2025-11-21 18:09:00,PL01,LINE_C,B,PREMIUM,51.47,2,0.8171,0.2474,0.0549,114.31,86.03,81.31,3.75,57.35,23.43,19.8,100.59,4.92,4.988,0.206
2025-11-21 18:20:00,PL02,LINE_B,A,STANDARD,31.29,2,0.8937,0.0715,0.1147,205.65,190.94,169.04,1.7,49.42,14.63,25.54,89.59,2.169,2.23,0.195
2025-11-21 19:04:00,PL03,LINE_B,A,PREMIUM,57.84,1,0.7804,0.0695,0.0867,48.57,45.2,41.28,3.19,47.69,16.83,19.46,83.98,5.045,5.221,0.276
2025-11-21 20:07:00,PL01,LINE_B,C,STANDARD,33.34,1,0.8991,0.127,0.0987,97.09,84.76,76.39,2.36,58.97,15.19,18.89,93.05,3.458,3.579,0.233
2025-11-21 21:30:00,PL01,LINE_C,A,HEAVY,68.45,1,0.8577,0.0316,0.0999,45.11,43.68,39.32,7.01,58.72,23.61,18.09,100.41,9.305,9.56,0.7
2025-11-21 21:45:00,PL02,LINE_A,A,STANDARD,29.51,1,0.7732,0.0173,0.0708,94.32,92.69,86.12,1.95,51.4,16.78,24.28,92.46,2.95,3.026,0.138
2025-11-22 00:52:00,PL02,LINE_A,A,STANDARD,49.58,1,0.8835,0.0576,0.0559,64.15,60.45,57.08,2.72,49.91,16.08,26.68,92.66,4.25,4.341,0.152
2025-11-22 00:54:00,PL01,LINE_C,A,STANDARD,41.63,1,0.9079,0.0388,0.1439,78.51,75.46,64.6,2.45,54.02,19.09,26.91,100.02,3.775,3.998,0.353
2025-11-22 01:08:00,PL01,LINE_D,A,PREMIUM,32.97,2,0.8592,0.2413,0.0523,187.64,142.37,134.93,3.88,57.8,20.05,19.97,97.82,4.563,4.601,0.203
2025-11-22 01:49:00,PL02,LINE_A,B,PREMIUM,29.78,1,0.9099,0.1056,0.0837,110.01,98.4,90.17,2.65,50.92,29.69,21.85,102.47,3.689,3.784,0.222
2025-11-22 01:51:00,PL02,LINE_C,B,STANDARD,33.55,1,0.8659,0.1145,0.1225,92.92,82.28,72.2,2.28,49.03,19.46,23.99,92.48,3.406,3.562,0.279
2025-11-22 02:04:00,PL01,LINE_C,C,PREMIUM,30.91,2,0.8625,0.0838,0.0429,200.95,184.11,176.21,3.57,59.31,14.38,15.92,89.62,4.056,4.078,0.153
2025-11-22 02:37:00,PL01,LINE_B,A,HEAVY,43.2,2,0.909,0.1285,0.0425,151.49,132.03,126.41,5.68,52.61,23.03,16.16,91.79,6.377,6.408,0.242
2025-11-22 03:15:00,PL02,LINE_B,A,PREMIUM,43.5,1,0.8871,0.0837,0.064,73.42,67.27,62.97,3.71,48.63,21.65,19.77,90.05,5.046,5.137,0.237
2025-11-22 05:04:00,PL01,LINE_B,A,STANDARD,34.86,1,0.9201,0.1944,0.0216,95.02,76.54,74.89,2.68,57.9,23.2,21.87,102.97,4.027,4.056,0.058
2025-11-22 05:06:00,PL01,LINE_C,B,HEAVY,52.8,1,0.98,0.076,0.1265,66.82,61.74,53.93,5.31,56.66,20.93,19.58,97.17,6.879,7.107,0.671
2025-11-22 05:16:00,PL01,LINE_A,A,PREMIUM,40.66,2,0.9121,0.1287,0.1268,161.51,140.73,122.88,3.09,51.48,22.99,20.6,95.06,3.767,3.865,0.392
2025-11-22 05:23:00,PL02,LINE_B,C,PREMIUM,45.36,1,0.9266,0.0963,0.0745,73.53,66.46,61.5,3.56,50.69,12.48,18.18,81.34,4.782,4.88,0.265
2025-11-22 05:49:00,PL01,LINE_A,A,PREMIUM,49.61,1,0.7466,0.25,0.0778,54.18,40.63,37.47,3.21,56.03,10.33,16.25,82.61,5.248,5.419,0.25
2025-11-22 06:23:00,PL03,LINE_B,C,STANDARD,23.81,2,0.7906,0.1703,0.0224,239.03,198.33,193.88,1.22,52.36,12.68,27.69,92.73,1.69,1.7,0.027
2025-11-22 08:01:00,PL03,LINE_B,C,HEAVY,51.25,1,0.8455,0.1301,0.0399,59.39,51.66,49.6,5.4,47.03,24.09,23.88,95.0,7.236,7.312,0.215
2025-11-22 09:10:00,PL01,LINE_B,C,PREMIUM,40.6,1,0.8639,0.07,0.0799,76.6,71.24,65.54,4.26,58.38,16.65,16.65,91.68,5.549,5.661,0.341
2025-11-22 09:23:00,PL01,LINE_D,B,STANDARD,23.31,2,0.6848,0.157,0.1476,211.55,178.33,152.01,2.18,59.87,16.04,23.27,99.18,2.74,2.836,0.322
2025-11-22 09:51:00,PL01,LINE_A,C,STANDARD,42.49,1,0.9769,0.0881,0.101,82.77,75.48,67.85,2.02,57.21,16.19,14.51,87.91,3.185,3.315,0.204
2025-11-22 12:18:00,PL02,LINE_A,A,STANDARD,25.42,1,0.8907,0.1389,0.0739,126.14,108.62,100.59,2.28,46.08,22.18,29.36,97.63,3.175,3.247,0.168
2025-11-22 14:05:00,PL01,LINE_D,C,HEAVY,55.59,1,0.8183,0.25,0.1317,52.99,39.74,34.51,4.26,57.65,22.42,29.68,109.74,7.018,7.437,0.561
2025-11-22 15:13:00,PL03,LINE_B,A,STANDARD,29.93,1,0.8471,0.1827,0.0816,101.9,83.29,76.49,2.84,47.37,14.82,18.58,80.76,3.813,3.899,0.232
2025-11-22 15:29:00,PL01,LINE_B,B,STANDARD,24.19,2,0.8969,0.08,0.0618,266.94,245.59,230.41,2.04,58.48,17.35,24.97,100.8,2.452,2.479,0.126
2025-11-22 16:20:00,PL01,LINE_C,B,PREMIUM,65.89,1,0.8161,0.2435,0.0553,44.59,33.73,31.87,4.06,55.96,24.29,19.38,99.63,7.018,7.191,0.225
2025-11-22 16:46:00,PL02,LINE_B,A,HEAVY,81.66,1,0.8393,0.1347,0.0464,37.0,32.02,30.53,5.5,50.96,20.49,23.47,94.92,8.466,8.61,0.255
2025-11-22 17:15:00,PL01,LINE_D,A,STANDARD,43.22,2,0.7732,0.25,0.0973,128.82,96.62,87.22,2.14,56.24,19.79,22.39,98.43,3.159,3.269,0.208
2025-11-22 17:16:00,PL02,LINE_C,A,STANDARD,59.64,1,0.8624,0.25,0.0151,52.06,39.05,38.46,2.19,53.55,17.73,18.65,89.93,4.49,4.526,0.033
2025-11-22 17:43:00,PL02,LINE_D,C,PREMIUM,28.38,1,0.6896,0.25,0.1181,87.48,65.61,57.86,3.2,55.15,12.0,20.12,87.26,4.53,4.708,0.378
2025-11-22 17:52:00,PL01,LINE_D,B,PREMIUM,45.34,1,0.8721,0.2059,0.1002,69.25,54.99,49.48,3.32,55.53,17.19,21.38,94.1,5.033,5.223,0.333
2025-11-22 18:17:00,PL02,LINE_C,B,STANDARD,44.46,1,0.8852,0.0351,0.0411,71.67,69.16,66.32,2.77,49.83,17.82,22.8,90.45,4.082,4.138,0.114
2025-11-22 18:27:00,PL02,LINE_D,B,STANDARD,34.23,4,0.7335,0.25,0.1011,308.55,231.41,208.01,2.44,49.43,20.07,32.21,101.71,2.881,2.93,0.247
2025-11-22 18:54:00,PL01,LINE_C,B,HEAVY,88.11,1,0.8261,0.0873,0.0811,33.75,30.81,28.31,4.99,53.17,17.54,17.45,88.16,7.849,8.101,0.405
2025-11-22 19:00:00,PL01,LINE_A,A,STANDARD,35.92,2,0.8825,0.0943,0.15,176.9,160.22,136.18,2.19,55.09,21.24,21.86,98.19,2.807,2.916,0.329
2025-11-22 19:12:00,PL01,LINE_C,A,STANDARD,25.53,1,0.98,0.0316,0.15,138.18,133.81,113.74,2.19,53.85,27.08,21.5,102.44,2.952,3.088,0.328
2025-11-22 19:57:00,PL02,LINE_C,A,STANDARD,26.34,4,0.9124,0.1906,0.0481,498.74,403.66,384.24,2.12,53.77,25.5,26.9,106.17,2.382,2.395,0.102
2025-11-22 22:01:00,PL02,LINE_B,B,STANDARD,38.78,4,0.7978,0.1114,0.15,296.27,263.27,223.78,2.58,48.27,16.5,20.32,85.09,2.898,2.955,0.386
2025-11-22 23:22:00,PL02,LINE_A,A,STANDARD,47.27,1,0.8453,0.0839,0.15,64.38,58.98,50.13,2.49,49.37,12.96,15.18,77.51,3.804,4.036,0.373
2025-11-22 23:23:00,PL02,LINE_B,A,STANDARD,30.39,1,0.8339,0.1568,0.1472,98.8,83.31,71.05,2.16,52.93,19.14,24.86,96.92,3.327,3.528,0.318
2025-11-23 00:59:00,PL01,LINE_A,B,PREMIUM,42.16,1,0.8925,0.0633,0.0645,76.21,71.38,66.78,3.67,59.13,9.9,24.31,93.33,4.978,5.068,0.237
2025-11-23 01:24:00,PL02,LINE_C,B,PREMIUM,45.2,2,0.8563,0.1227,0.0836,136.39,119.66,109.66,3.3,50.22,19.42,24.93,94.57,4.095,4.167,0.276
2025-11-23 01:36:00,PL03,LINE_B,B,STANDARD,27.11,1,0.7652,0.185,0.0778,101.61,82.82,76.38,1.81,48.21,14.13,21.57,83.9,2.825,2.911,0.141
2025-11-23 02:12:00,PL02,LINE_C,C,STANDARD,26.1,1,0.8792,0.1858,0.0602,121.27,98.74,92.8,2.04,55.47,19.14,26.97,101.58,3.066,3.132,0.123
2025-11-23 02:12:00,PL01,LINE_C,C,HEAVY,56.69,1,0.7375,0.035,0.0463,46.84,45.2,43.11,5.24,57.52,19.6,19.18,96.3,7.367,7.47,0.242
2025-11-23 02:40:00,PL03,LINE_B,A,PREMIUM,53.34,1,0.7983,0.25,0.15,53.88,40.41,34.35,3.68,48.73,16.53,22.07,87.34,5.842,6.224,0.552
2025-11-23 02:59:00,PL03,LINE_D,A,PREMIUM,61.14,2,0.812,0.25,0.0537,95.63,71.72,67.87,3.08,46.75,9.91,27.52,84.18,4.258,4.325,0.166
2025-11-23 03:52:00,PL01,LINE_D,B,HEAVY,67.74,1,0.777,0.0657,0.0314,41.29,38.58,37.37,6.24,57.16,23.26,21.44,101.87,8.876,8.962,0.196
2025-11-23 03:54:00,PL01,LINE_A,A,PREMIUM,50.88,1,0.817,0.0184,0.083,57.81,56.74,52.03,3.43,55.55,13.3,23.67,92.52,5.056,5.203,0.284
2025-11-23 06:49:00,PL02,LINE_A,B,STANDARD,26.81,2,0.8136,0.25,0.15,218.49,163.87,139.29,2.23,55.54,14.4,20.77,90.72,2.783,2.881,0.334
2025-11-23 07:43:00,PL02,LINE_C,A,PREMIUM,36.05,2,0.8329,0.1199,0.0792,166.36,146.42,134.81,3.62,49.94,14.76,27.67,92.37,4.251,4.306,0.287
2025-11-23 08:16:00,PL02,LINE_B,B,STANDARD,28.48,1,0.8818,0.0375,0.123,111.47,107.28,94.08,2.98,56.74,21.31,16.44,94.5,3.86,3.984,0.367
2025-11-23 08:42:00,PL01,LINE_C,B,STANDARD,56.15,2,0.8356,0.0932,0.1209,107.15,97.16,85.41,2.38,57.39,25.84,24.08,107.31,3.482,3.634,0.288
2025-11-23 09:00:00,PL01,LINE_B,B,STANDARD,36.04,2,0.8857,0.2369,0.0464,176.95,135.03,128.76,3.05,55.28,20.34,31.0,106.62,3.842,3.88,0.142
2025-11-23 09:44:00,PL01,LINE_C,B,PREMIUM,36.02,1,0.9612,0.1225,0.0196,96.06,84.29,82.64,2.9,53.84,17.33,18.12,89.29,3.958,3.979,0.057
2025-11-23 10:27:00,PL02,LINE_B,A,STANDARD,33.82,1,0.7579,0.1881,0.0839,80.67,65.5,60.0,2.68,50.26,19.92,21.37,91.56,4.073,4.201,0.224
2025-11-23 10:41:00,PL02,LINE_B,C,PREMIUM,40.11,1,0.8283,0.0979,0.0222,74.34,67.06,65.57,3.24,53.3,14.99,22.5,90.79,4.592,4.623,0.072
2025-11-23 10:57:00,PL01,LINE_A,A,STANDARD,37.8,2,0.8848,0.1207,0.15,168.55,148.2,125.97,2.54,55.06,9.65,33.17,97.89,3.199,3.316,0.381
2025-11-23 11:46:00,PL01,LINE_C,C,HEAVY,61.11,2,0.768,0.2215,0.0646,90.48,70.44,65.89,4.95,58.48,20.34,21.11,99.92,6.364,6.462,0.319
2025-11-23 12:31:00,PL01,LINE_D,A,STANDARD,55.71,1,0.8176,0.25,0.0551,52.84,39.63,37.45,2.38,55.74,19.47,19.23,94.44,4.767,4.906,0.131
2025-11-23 13:26:00,PL03,LINE_A,A,STANDARD,37.48,1,0.8909,0.0593,0.0418,85.58,80.5,77.14,2.05,45.98,13.51,14.45,73.95,2.967,3.007,0.086
2025-11-23 13:42:00,PL01,LINE_B,C,PREMIUM,22.64,2,0.95,0.25,0.1083,302.09,226.56,202.02,3.06,62.53,19.93,15.55,98.01,3.494,3.546,0.332
2025-11-23 14:04:00,PL02,LINE_B,B,STANDARD,40.21,1,0.8486,0.0196,0.0628,75.97,74.48,69.81,2.53,53.94,21.2,15.23,90.36,3.743,3.824,0.159
2025-11-23 15:56:00,PL02,LINE_D,A,PREMIUM,52.1,1,0.7867,0.25,0.15,54.35,40.77,34.65,3.74,51.63,18.26,16.97,86.86,5.874,6.25,0.562
2025-11-23 16:36:00,PL02,LINE_A,C,STANDARD,27.93,1,0.9749,0.1425,0.0283,125.67,107.76,104.72,2.04,53.38,20.59,17.88,91.86,2.895,2.92,0.058
2025-11-23 16:39:00,PL01,LINE_C,B,STANDARD,24.17,4,0.8194,0.25,0.0901,488.09,366.07,333.07,1.81,55.48,13.58,8.0,77.06,2.018,2.039,0.163
2025-11-23 16:44:00,PL02,LINE_B,C,HEAVY,55.4,2,0.7478,0.1488,0.0838,97.19,82.73,75.79,6.84,55.28,22.81,22.67,100.77,8.06,8.171,0.573
2025-11-23 18:16:00,PL02,LINE_B,A,PREMIUM,62.59,2,0.909,0.0415,0.0536,104.58,100.23,94.86,3.25,49.22,20.51,29.47,99.2,4.242,4.298,0.174
2025-11-23 18:35:00,PL01,LINE_C,C,STANDARD,54.38,1,0.8505,0.1786,0.0215,56.3,46.25,45.26,2.52,57.38,13.77,27.27,98.42,4.648,4.695,0.054
2025-11-23 18:40:00,PL02,LINE_D,C,STANDARD,25.23,4,0.7959,0.1281,0.0707,454.34,396.16,368.16,2.32,54.74,22.35,23.27,100.36,2.57,2.589,0.164
2025-11-23 19:01:00,PL02,LINE_A,C,PREMIUM,58.39,2,0.9145,0.123,0.0889,112.77,98.9,90.11,3.59,50.3,14.99,20.45,85.74,4.459,4.543,0.319
2025-11-23 19:32:00,PL01,LINE_B,C,PREMIUM,31.79,1,0.866,0.1201,0.0495,98.08,86.3,82.03,3.65,55.48,17.33,15.76,88.57,4.672,4.726,0.18
2025-11-23 21:03:00,PL02,LINE_B,B,STANDARD,24.23,2,0.8106,0.0717,0.1272,240.86,223.59,195.15,2.19,49.52,20.42,16.0,85.94,2.572,2.628,0.278
2025-11-23 21:15:00,PL02,LINE_A,A,STANDARD,29.99,2,0.8267,0.046,0.15,198.48,189.35,160.94,2.52,51.32,18.18,25.49,94.98,3.024,3.113,0.378
2025-11-23 21:53:00,PL02,LINE_C,C,STANDARD,30.68,1,0.9013,0.25,0.0888,105.76,79.32,72.28,1.79,54.22,17.6,18.72,90.55,2.933,3.044,0.159
2025-11-24 00:10:00,PL02,LINE_C,A,STANDARD,46.34,1,0.8666,0.2447,0.0885,67.33,50.85,46.36,1.97,53.51,17.29,27.63,98.44,3.903,4.091,0.174
2025-11-24 00:12:00,PL01,LINE_D,C,HEAVY,65.74,1,0.962,0.25,0.0355,52.68,39.51,38.11,5.57,56.53,17.2,29.57,103.3,8.185,8.282,0.198
2025-11-24 00:22:00,PL02,LINE_B,A,STANDARD,23.9,1,0.789,0.0776,0.1293,118.83,109.61,95.45,2.16,49.9,16.43,16.19,82.52,2.914,3.026,0.279
2025-11-24 00:41:00,PL02,LINE_B,C,STANDARD,35.57,1,0.7935,0.0573,0.15,80.31,75.71,64.35,1.65,52.03,19.08,25.21,96.32,2.921,3.145,0.247
2025-11-24 01:04:00,PL02,LINE_C,C,PREMIUM,95.04,1,0.8748,0.115,0.061,33.14,29.33,27.54,3.11,49.63,20.82,25.62,96.07,6.386,6.599,0.19
2025-11-24 02:44:00,PL02,LINE_B,A,STANDARD,40.72,1,0.9247,0.1445,0.1227,81.76,69.94,61.36,1.32,50.91,23.36,13.17,87.44,2.57,2.745,0.162
2025-11-24 03:10:00,PL02,LINE_B,B,HEAVY,37.06,1,0.835,0.2374,0.0097,81.11,61.85,61.26,6.4,49.47,22.03,13.41,84.91,7.777,7.79,0.062
2025-11-24 03:29:00,PL02,LINE_D,B,PREMIUM,62.58,1,0.8336,0.206,0.15,47.95,38.08,32.37,3.01,52.85,19.27,25.63,97.75,5.576,6.029,0.451
2025-11-24 06:14:00,PL02,LINE_A,A,STANDARD,27.96,4,0.8072,0.1346,0.025,415.74,359.79,350.79,2.27,53.47,20.99,19.76,94.23,2.53,2.537,0.057
2025-11-24 06:17:00,PL01,LINE_D,A,STANDARD,41.41,2,0.8455,0.1986,0.0697,147.01,117.82,109.6,1.84,55.27,19.62,23.3,98.19,2.674,2.737,0.128
2025-11-24 06:23:00,PL02,LINE_A,A,STANDARD,29.33,1,0.7112,0.1736,0.124,87.29,72.14,63.19,2.28,48.41,18.86,22.08,89.35,3.517,3.692,0.283
2025-11-24 07:03:00,PL01,LINE_A,B,HEAVY,45.43,1,0.8357,0.1882,0.0304,66.22,53.76,52.12,5.13,54.9,24.69,11.19,90.78,6.823,6.876,0.156
2025-11-24 07:05:00,PL01,LINE_B,A,PREMIUM,34.16,2,0.8617,0.1952,0.071,181.61,146.16,135.78,3.02,53.33,10.41,27.82,91.55,3.642,3.69,0.214
2025-11-24 07:13:00,PL03,LINE_A,A,PREMIUM,39.29,1,0.8211,0.25,0.0792,75.23,56.43,51.96,3.39,48.39,18.85,33.2,100.43,5.175,5.328,0.269
2025-11-24 07:25:00,PL01,LINE_B,A,PREMIUM,36.2,1,0.7895,0.25,0.1372,78.5,58.87,50.8,3.33,53.71,17.01,23.41,94.13,4.926,5.18,0.457
2025-11-24 07:46:00,PL02,LINE_A,A,STANDARD,28.16,2,0.8928,0.219,0.0759,228.25,178.27,164.74,1.76,56.49,18.33,18.84,93.66,2.282,2.326,0.133
2025-11-24 08:17:00,PL01,LINE_B,A,PREMIUM,46.05,1,0.9099,0.2176,0.0544,71.13,55.66,52.63,3.67,56.58,14.85,24.66,96.09,5.398,5.497,0.2
2025-11-24 08:43:00,PL01,LINE_B,B,HEAVY,51.29,1,0.8229,0.2277,0.026,57.75,44.6,43.44,4.84,54.96,21.28,24.61,100.84,7.101,7.161,0.126
2025-11-24 08:51:00,PL01,LINE_C,A,PREMIUM,54.49,1,0.8225,0.0528,0.15,54.34,51.47,43.75,5.23,56.85,19.75,23.41,100.01,7.177,7.52,0.785
2025-11-24 09:04:00,PL01,LINE_D,C,HEAVY,103.43,1,0.6311,0.25,0.0818,21.97,16.47,15.13,5.48,59.6,21.43,26.71,107.74,12.023,12.605,0.448
2025-11-24 09:09:00,PL02,LINE_C,B,STANDARD,42.96,1,0.8302,0.06,0.15,69.57,65.4,55.59,2.22,52.96,14.89,19.66,87.51,3.557,3.793,0.333
2025-11-24 10:07:00,PL01,LINE_C,A,STANDARD,37.91,1,0.9179,0.1274,0.0388,87.17,76.06,73.11,1.46,49.06,13.94,27.32,90.32,2.643,2.691,0.056
2025-11-24 10:16:00,PL02,LINE_C,A,STANDARD,32.91,2,0.7966,0.1959,0.15,174.31,140.17,119.14,2.37,52.05,19.37,22.66,94.07,3.041,3.16,0.356
2025-11-24 10:22:00,PL03,LINE_C,B,PREMIUM,35.76,2,0.8572,0.127,0.077,172.61,150.69,139.08,3.45,48.13,21.27,27.66,97.06,4.098,4.151,0.266
2025-11-24 10:37:00,PL01,LINE_C,C,STANDARD,38.85,1,0.8017,0.1571,0.0811,74.29,62.62,57.54,2.05,58.04,20.93,21.68,100.66,3.653,3.795,0.166
2025-11-24 11:39:00,PL03,LINE_A,B,STANDARD,39.44,4,0.9264,0.2487,0.15,338.19,254.08,215.97,2.26,48.72,15.04,21.34,85.1,2.592,2.651,0.339
2025-11-24 12:00:00,PL01,LINE_B,A,STANDARD,27.03,1,0.9323,0.25,0.0685,124.18,93.13,86.76,2.44,52.98,20.9,13.78,87.66,3.379,3.448,0.167
2025-11-24 12:04:00,PL02,LINE_B,C,STANDARD,41.46,1,0.9181,0.0859,0.0644,79.72,72.86,68.17,2.59,52.49,17.95,19.81,90.24,3.824,3.91,0.166
2025-11-24 12:26:00,PL01,LINE_B,B,PREMIUM,47.27,1,0.8794,0.0829,0.0406,66.97,61.42,58.93,2.7,63.71,20.37,39.01,123.09,4.699,4.784,0.109
2025-11-24 12:29:00,PL03,LINE_D,C,STANDARD,40.96,1,0.8349,0.0867,0.1268,73.38,67.01,58.52,2.56,53.44,16.54,8.0,77.97,3.724,3.893,0.325
2025-11-24 13:27:00,PL02,LINE_C,A,STANDARD,35.26,1,0.8541,0.1748,0.1013,87.21,71.97,64.67,1.87,47.93,20.12,19.93,87.98,3.092,3.23,0.189
2025-11-24 13:58:00,PL01,LINE_A,A,HEAVY,49.93,1,0.7133,0.2008,0.0039,51.43,41.1,40.94,6.16,55.15,17.83,14.75,87.73,8.293,8.302,0.024
2025-11-24 14:22:00,PL02,LINE_C,B,PREMIUM,41.74,2,0.8029,0.25,0.15,138.48,103.86,88.28,3.38,53.2,14.96,19.22,87.39,4.217,4.366,0.506
2025-11-24 14:50:00,PL03,LINE_C,B,PREMIUM,40.67,1,0.8141,0.2447,0.0494,72.06,54.43,51.74,3.41,49.79,11.28,26.87,87.94,5.027,5.111,0.169
2025-11-24 14:55:00,PL01,LINE_A,C,STANDARD,38.01,1,0.8711,0.0933,0.1383,82.5,74.8,64.45,1.85,53.33,21.8,16.8,91.93,3.084,3.281,0.257
2025-11-24 15:03:00,PL03,LINE_B,C,STANDARD,24.57,1,0.6938,0.2419,0.1335,101.66,77.07,66.78,1.74,44.22,11.46,15.67,71.35,2.666,2.808,0.232
2025-11-24 15:04:00,PL01,LINE_C,B,STANDARD,50.4,1,0.8139,0.0692,0.1322,58.13,54.11,46.96,2.12,55.67,16.3,14.2,86.17,3.711,3.954,0.28
2025-11-24 15:29:00,PL03,LINE_C,B,STANDARD,46.07,2,0.8681,0.25,0.1332,135.68,101.76,88.21,2.25,48.78,20.17,18.89,87.85,3.115,3.248,0.3
2025-11-24 15:47:00,PL01,LINE_C,C,STANDARD,33.54,1,0.7975,0.0787,0.15,85.61,78.87,67.04,1.67,56.7,12.24,25.45,94.38,2.869,3.08,0.251
2025-11-24 16:13:00,PL01,LINE_B,B,HEAVY,67.79,1,0.8612,0.0485,0.0839,45.74,43.52,39.87,6.99,60.13,25.94,19.53,105.6,9.418,9.64,0.586
2025-11-24 16:25:00,PL01,LINE_C,C,STANDARD,64.38,2,0.9365,0.1308,0.1338,104.73,91.03,78.84,3.08,58.35,19.16,18.75,96.26,4.137,4.301,0.412
2025-11-24 16:44:00,PL01,LINE_A,C,HEAVY,45.02,2,0.7332,0.2476,0.0658,117.26,88.22,82.42,5.66,60.6,28.82,15.04,104.46,6.848,6.931,0.373
2025-11-24 17:12:00,PL02,LINE_C,B,STANDARD,48.19,1,0.7302,0.1696,0.15,54.55,45.3,38.5,2.27,50.68,16.08,25.21,91.98,4.305,4.664,0.341
2025-11-24 18:03:00,PL01,LINE_A,C,STANDARD,25.92,4,0.9675,0.25,0.0586,537.46,403.09,379.47,2.29,54.32,18.48,25.62,98.43,2.534,2.549,0.134
2025-11-24 18:08:00,PL01,LINE_B,A,PREMIUM,42.15,2,0.8907,0.2244,0.15,152.17,118.02,100.32,2.86,55.43,16.37,20.5,92.3,3.642,3.78,0.429
2025-11-24 19:15:00,PL02,LINE_D,A,PREMIUM,42.98,4,0.8181,0.2123,0.15,274.07,215.89,183.51,2.92,47.98,27.53,18.9,94.41,3.353,3.43,0.437
2025-11-24 19:45:00,PL01,LINE_D,B,STANDARD,34.43,1,0.8566,0.2477,0.1073,89.58,67.39,60.15,2.48,59.97,21.72,26.5,108.19,4.088,4.281,0.266
2025-11-24 20:30:00,PL03,LINE_B,B,STANDARD,22.73,4,0.7739,0.0119,0.1016,490.21,484.38,435.19,2.73,49.07,15.68,27.73,92.48,2.924,2.946,0.278
2025-11-24 20:36:00,PL02,LINE_D,B,STANDARD,39.36,2,0.8818,0.25,0.0831,161.31,120.98,110.92,2.52,51.97,19.63,20.29,91.88,3.279,3.348,0.209
2025-11-24 20:41:00,PL02,LINE_A,A,HEAVY,83.46,1,0.8362,0.0691,0.0389,36.07,33.57,32.27,5.91,51.26,23.35,31.23,105.83,9.067,9.194,0.23
2025-11-24 20:49:00,PL01,LINE_A,B,STANDARD,31.85,1,0.8413,0.0825,0.0988,95.09,87.24,78.62,1.81,53.83,23.38,23.74,100.94,2.965,3.091,0.179
2025-11-24 21:20:00,PL02,LINE_A,A,STANDARD,39.24,2,0.781,0.25,0.1139,143.3,107.47,95.23,2.39,49.6,18.11,20.05,87.77,3.202,3.307,0.272
2025-11-24 21:59:00,PL01,LINE_A,A,PREMIUM,41.06,2,0.8262,0.057,0.0779,144.87,136.62,125.97,3.63,56.35,14.7,25.95,96.99,4.341,4.401,0.283
2025-11-24 22:06:00,PL01,LINE_B,C,PREMIUM,41.62,1,0.8754,0.25,0.0934,75.73,56.8,51.49,2.88,55.64,19.29,23.49,98.42,4.616,4.794,0.269
2025-11-24 22:19:00,PL01,LINE_B,C,STANDARD,30.52,1,0.8456,0.1911,0.101,99.73,80.67,72.53,1.73,59.66,16.75,21.92,98.33,2.948,3.085,0.175
2025-11-25 00:30:00,PL03,LINE_D,B,PREMIUM,49.6,2,0.778,0.2453,0.0888,112.94,85.23,77.66,3.99,52.26,25.98,20.07,98.3,5.142,5.254,0.354
2025-11-25 00:36:00,PL02,LINE_B,A,STANDARD,38.8,1,0.848,0.25,0.065,78.67,59.0,55.17,1.81,48.91,13.92,18.41,81.24,3.19,3.286,0.118
2025-11-25 00:56:00,PL02,LINE_C,B,STANDARD,39.87,2,0.831,0.25,0.0514,150.08,112.56,106.77,1.91,53.77,23.5,19.38,96.65,2.765,2.811,0.098
2025-11-25 01:54:00,PL01,LINE_B,B,STANDARD,42.8,1,0.8062,0.1809,0.0672,67.82,55.55,51.81,2.03,59.55,8.56,16.78,84.89,3.555,3.665,0.136
2025-11-25 02:12:00,PL01,LINE_A,B,HEAVY,42.59,1,0.8589,0.25,0.15,72.6,54.45,46.28,4.13,58.81,21.08,14.02,93.91,5.858,6.163,0.62
2025-11-25 03:00:00,PL01,LINE_C,B,PREMIUM,72.95,1,0.779,0.25,0.0262,38.44,28.83,28.07,3.58,58.59,26.7,14.72,100.01,7.054,7.147,0.094
2025-11-25 04:04:00,PL03,LINE_C,A,STANDARD,37.52,1,0.8748,0.25,0.0998,83.93,62.95,56.66,1.77,48.19,19.6,26.6,94.4,3.27,3.437,0.177
2025-11-25 04:11:00,PL03,LINE_C,A,STANDARD,33.0,1,0.8131,0.2257,0.14,88.69,68.67,59.05,2.3,44.14,18.96,21.21,84.31,3.525,3.725,0.322
2025-11-25 04:37:00,PL03,LINE_C,C,PREMIUM,66.16,2,0.7556,0.0602,0.0303,82.23,77.28,74.94,3.56,51.95,18.9,18.0,88.86,4.713,4.749,0.108
2025-11-25 05:16:00,PL01,LINE_D,C,PREMIUM,34.62,4,0.8908,0.1138,0.0318,370.56,328.39,317.94,3.25,57.34,27.39,21.87,106.59,3.573,3.584,0.103
2025-11-25 05:22:00,PL03,LINE_A,C,PREMIUM,41.01,1,0.8814,0.25,0.1246,77.36,58.02,50.79,3.49,51.7,16.83,15.15,83.68,4.934,5.139,0.435
2025-11-25 05:37:00,PL03,LINE_C,C,STANDARD,33.72,1,0.8466,0.153,0.15,90.4,76.57,65.08,2.61,46.25,14.42,12.7,73.37,3.57,3.739,0.392
2025-11-25 06:12:00,PL03,LINE_C,A,HEAVY,45.82,1,0.895,0.2241,0.1,70.31,54.56,49.1,4.75,43.78,18.86,22.21,84.86,6.305,6.477,0.475
2025-11-25 07:47:00,PL02,LINE_D,C,PREMIUM,51.86,1,0.8522,0.1416,0.0918,59.16,50.79,46.12,3.32,50.7,12.22,24.56,87.48,5.042,5.216,0.305
2025-11-25 07:58:00,PL02,LINE_C,C,STANDARD,34.89,2,0.8542,0.0471,0.15,176.26,167.95,142.76,2.35,50.63,14.71,23.42,88.76,2.875,2.969,0.352
2025-11-25 08:22:00,PL03,LINE_C,B,STANDARD,46.39,2,0.8529,0.0358,0.029,132.38,127.64,123.93,1.89,49.53,24.82,25.31,99.67,2.666,2.689,0.055
2025-11-25 08:32:00,PL01,LINE_D,C,STANDARD,37.33,2,0.7758,0.2097,0.1157,149.64,118.25,104.58,1.96,58.8,20.05,16.42,95.27,2.763,2.869,0.226
2025-11-25 08:47:00,PL01,LINE_B,B,HEAVY,42.2,1,0.752,0.147,0.0326,64.15,54.72,52.93,4.96,56.38,26.07,23.85,106.3,6.902,6.968,0.162
2025-11-25 08:52:00,PL02,LINE_D,C,STANDARD,44.87,1,0.8576,0.0679,0.15,68.8,64.13,54.51,1.83,53.29,17.2,25.84,96.34,3.328,3.593,0.274
2025-11-25 09:08:00,PL02,LINE_A,B,STANDARD,37.32,1,0.87,0.164,0.0554,83.92,70.15,66.27,2.4,49.92,18.32,25.0,93.24,3.733,3.811,0.133
2025-11-25 09:08:00,PL01,LINE_C,B,STANDARD,30.31,2,0.7644,0.25,0.1459,181.55,136.16,116.29,2.1,57.21,19.7,16.5,93.41,2.788,2.906,0.307
2025-11-25 09:25:00,PL03,LINE_B,A,PREMIUM,56.17,2,0.8561,0.2305,0.0921,109.73,84.44,76.66,3.65,48.5,12.26,22.24,83.0,4.637,4.737,0.337
2025-11-25 13:11:00,PL03,LINE_C,C,PREMIUM,39.37,2,0.8231,0.1807,0.1465,150.54,123.34,105.26,3.5,48.78,16.39,20.41,85.58,4.194,4.313,0.513
2025-11-25 13:16:00,PL01,LINE_D,A,STANDARD,31.73,1,0.8506,0.1137,0.15,96.5,85.53,72.7,2.26,56.12,18.39,17.43,91.94,3.34,3.53,0.34
2025-11-25 13:41:00,PL02,LINE_B,B,PREMIUM,31.72,1,0.9061,0.0797,0.0865,102.84,94.64,86.45,3.48,51.75,7.95,18.04,77.74,4.304,4.382,0.301
2025-11-25 14:16:00,PL02,LINE_B,C,STANDARD,36.68,1,0.8476,0.1843,0.0446,83.19,67.86,64.83,2.14,48.11,16.57,21.67,86.35,3.408,3.467,0.095
2025-11-25 14:34:00,PL02,LINE_A,B,STANDARD,28.11,2,0.8054,0.049,0.15,206.27,196.16,166.73,2.77,50.57,19.38,31.62,101.57,3.283,3.374,0.415
2025-11-25 14:49:00,PL01,LINE_C,C,STANDARD,19.88,2,0.9243,0.032,0.1064,334.76,324.06,289.57,2.1,58.73,13.55,26.49,98.77,2.406,2.443,0.224
2025-11-25 14:58:00,PL03,LINE_C,B,STANDARD,45.17,2,0.9606,0.25,0.0206,153.12,114.84,112.48,2.34,49.09,13.67,26.13,88.89,3.114,3.131,0.048
2025-11-25 15:14:00,PL02,LINE_C,A,PREMIUM,49.65,2,0.9666,0.041,0.15,140.17,134.43,114.26,3.45,49.04,21.82,19.01,89.87,4.12,4.238,0.518
2025-11-25 15:24:00,PL01,LINE_A,C,PREMIUM,34.93,1,0.8807,0.1216,0.15,90.78,79.75,67.79,3.32,56.14,21.24,23.55,100.94,4.581,4.804,0.497
2025-11-25 15:26:00,PL02,LINE_C,C,STANDARD,28.65,2,0.7778,0.0234,0.1369,195.48,190.91,164.78,2.02,55.02,22.67,22.57,100.26,2.548,2.631,0.277
2025-11-25 15:35:00,PL01,LINE_D,B,STANDARD,52.95,1,0.7967,0.2423,0.15,54.16,41.03,34.88,2.19,53.91,15.65,26.86,96.42,4.538,4.953,0.328
2025-11-25 15:49:00,PL03,LINE_C,B,HEAVY,46.21,1,0.7601,0.246,0.0512,59.21,44.65,42.36,5.19,45.66,21.68,16.59,83.93,7.069,7.171,0.266
2025-11-25 16:23:00,PL01,LINE_B,B,PREMIUM,57.43,4,0.8702,0.1627,0.0467,218.18,182.69,174.15,3.55,59.08,16.14,18.57,93.79,4.064,4.089,0.166
2025-11-25 16:28:00,PL01,LINE_A,C,HEAVY,46.28,2,0.7954,0.25,0.0355,123.75,92.81,89.52,5.33,60.06,29.3,25.87,115.24,6.567,6.612,0.189
2025-11-25 16:35:00,PL01,LINE_C,C,STANDARD,34.61,1,0.8772,0.0369,0.15,91.24,87.88,74.69,2.01,60.31,16.57,24.47,101.36,3.162,3.366,0.301
2025-11-25 16:44:00,PL03,LINE_C,B,PREMIUM,41.25,1,0.8157,0.25,0.0663,71.19,53.39,49.85,3.45,45.82,20.11,27.36,93.29,5.199,5.323,0.229
2025-11-25 17:37:00,PL02,LINE_D,A,PREMIUM,74.77,1,0.6156,0.1765,0.15,29.64,24.41,20.75,2.83,50.34,15.56,10.09,75.99,5.942,6.492,0.424
2025-11-25 18:07:00,PL02,LINE_C,A,STANDARD,70.82,1,0.8993,0.0259,0.0728,45.72,44.53,41.29,3.33,44.44,16.36,25.43,86.22,5.269,5.421,0.243
2025-11-25 18:32:00,PL01,LINE_C,C,STANDARD,29.29,1,0.7772,0.122,0.0788,95.54,83.89,77.28,2.23,57.82,12.81,14.31,84.94,3.238,3.325,0.175
2025-11-25 18:41:00,PL01,LINE_B,A,STANDARD,35.73,1,0.9462,0.25,0.15,95.34,71.5,60.78,2.4,53.31,14.34,18.01,85.66,3.594,3.805,0.359
2025-11-25 19:52:00,PL02,LINE_D,A,HEAVY,82.12,1,0.7934,0.1998,0.15,34.78,27.83,23.65,6.44,50.25,28.06,22.41,100.72,10.056,10.695,0.966
2025-11-25 20:19:00,PL01,LINE_B,B,STANDARD,32.66,2,0.7937,0.25,0.0957,174.97,131.23,118.67,2.66,55.54,15.7,26.28,97.52,3.399,3.478,0.254
2025-11-25 23:23:00,PL03,LINE_B,C,STANDARD,26.54,2,0.8366,0.086,0.0949,226.91,207.39,187.71,1.89,48.03,18.87,20.9,87.79,2.314,2.359,0.179
2025-11-25 23:33:00,PL02,LINE_C,B,STANDARD,28.67,2,0.9123,0.0877,0.0591,229.13,209.04,196.69,1.46,51.13,18.87,19.04,89.04,1.881,1.908,0.086
2025-11-25 23:54:00,PL01,LINE_A,A,PREMIUM,33.77,4,0.8284,0.1293,0.15,353.27,307.59,261.46,3.96,53.33,19.03,21.08,93.44,4.26,4.313,0.593
2025-11-26 00:22:00,PL01,LINE_C,B,PREMIUM,59.85,4,0.8251,0.0403,0.0882,198.52,190.52,173.72,3.58,55.03,21.48,30.95,107.45,4.147,4.202,0.316
2025-11-26 00:59:00,PL01,LINE_B,B,STANDARD,42.91,2,0.8722,0.0554,0.0902,146.35,138.24,125.77,2.05,57.52,22.02,30.03,109.57,2.839,2.918,0.185
2025-11-26 01:20:00,PL03,LINE_A,B,PREMIUM,61.97,1,0.8803,0.0983,0.1115,51.14,46.11,40.97,4.01,46.92,20.61,22.74,90.27,5.964,6.21,0.447
2025-11-26 01:31:00,PL03,LINE_A,A,PREMIUM,68.5,1,0.7776,0.2019,0.0543,40.87,32.62,30.85,3.24,44.68,14.92,20.24,79.84,5.687,5.827,0.176
2025-11-26 01:38:00,PL02,LINE_A,B,PREMIUM,64.17,1,0.8924,0.25,0.1123,50.07,37.55,33.33,3.74,54.22,19.26,23.83,97.31,6.336,6.664,0.42
2025-11-26 02:15:00,PL01,LINE_B,B,PREMIUM,50.07,4,0.9699,0.0507,0.15,278.94,264.79,225.07,4.2,55.4,23.29,14.92,93.6,4.555,4.618,0.63
2025-11-26 02:21:00,PL02,LINE_D,B,PREMIUM,28.62,1,0.8956,0.1365,0.036,112.68,97.29,93.78,3.29,47.87,18.84,22.52,89.23,4.207,4.241,0.119
2025-11-26 02:22:00,PL01,LINE_B,B,STANDARD,42.36,4,0.84,0.053,0.1167,285.54,270.4,238.84,2.34,57.21,17.09,27.15,101.45,2.711,2.76,0.273
2025-11-26 02:40:00,PL01,LINE_A,A,STANDARD,36.67,2,0.7858,0.25,0.1344,154.28,115.71,100.16,1.48,54.01,15.33,24.58,93.92,2.295,2.421,0.199
2025-11-26 03:29:00,PL01,LINE_C,B,STANDARD,57.19,1,0.832,0.126,0.021,52.37,45.77,44.81,1.9,55.85,11.62,29.56,97.03,4.016,4.062,0.04
2025-11-26 03:33:00,PL03,LINE_D,A,PREMIUM,50.68,2,0.8434,0.25,0.0962,119.82,89.87,81.22,3.6,46.98,17.15,26.92,91.05,4.614,4.722,0.347
2025-11-26 06:03:00,PL01,LINE_A,A,STANDARD,30.4,4,0.8826,0.1008,0.1058,418.08,375.92,336.14,2.38,55.92,18.37,26.77,101.06,2.649,2.681,0.252
2025-11-26 06:41:00,PL02,LINE_B,B,STANDARD,37.75,2,0.8743,0.1416,0.1331,166.75,143.14,124.09,2.17,51.3,21.83,19.16,92.3,2.815,2.914,0.289
2025-11-26 07:41:00,PL02,LINE_A,A,STANDARD,30.09,2,0.9279,0.1961,0.0385,222.01,178.48,171.62,2.11,47.89,17.24,17.93,83.06,2.572,2.59,0.081
2025-11-26 08:28:00,PL02,LINE_A,B,STANDARD,34.15,1,0.7164,0.1996,0.0327,75.53,60.46,58.48,2.24,51.63,21.62,18.89,92.14,3.762,3.814,0.073
2025-11-26 08:44:00,PL01,LINE_D,B,PREMIUM,68.6,1,0.7849,0.1688,0.0445,41.19,34.24,32.71,3.98,58.03,23.22,21.4,102.65,6.974,7.114,0.177
2025-11-26 09:40:00,PL01,LINE_D,A,STANDARD,47.29,2,0.8544,0.25,0.0841,130.09,97.56,89.36,1.85,54.69,20.6,28.88,104.16,2.913,3.011,0.155
2025-11-26 09:53:00,PL02,LINE_A,A,STANDARD,29.68,4,0.8026,0.118,0.15,389.45,343.49,291.97,2.13,49.11,11.99,20.23,81.33,2.366,2.408,0.319
2025-11-26 10:00:00,PL02,LINE_C,B,STANDARD,59.02,1,0.8716,0.25,0.1324,53.17,39.87,34.59,2.21,49.96,18.74,20.22,88.93,4.444,4.784,0.293
2025-11-26 10:16:00,PL03,LINE_D,B,STANDARD,27.07,1,0.8216,0.1042,0.0613,109.24,97.87,91.86,2.52,48.86,25.34,26.42,100.62,3.549,3.617,0.155
2025-11-26 10:34:00,PL03,LINE_C,A,HEAVY,72.6,1,0.9151,0.2043,0.0937,45.38,36.11,32.73,5.21,42.97,15.63,15.56,74.16,7.265,7.477,0.488
2025-11-26 10:43:00,PL01,LINE_A,B,HEAVY,41.13,1,0.7728,0.25,0.1014,67.64,50.73,45.59,5.09,57.75,23.21,28.66,109.62,7.25,7.494,0.516
2025-11-26 11:02:00,PL03,LINE_B,B,STANDARD,36.64,1,0.7411,0.0887,0.0376,72.82,66.36,63.86,2.77,47.9,14.95,19.27,82.12,4.006,4.054,0.104
2025-11-26 11:18:00,PL02,LINE_C,A,PREMIUM,50.5,2,0.8398,0.1443,0.0547,119.75,102.47,96.87,3.16,48.46,19.27,18.41,86.14,3.999,4.047,0.173
2025-11-26 11:22:00,PL02,LINE_A,A,STANDARD,30.5,1,0.8082,0.0236,0.0654,95.4,93.16,87.06,1.22,49.81,18.8,19.37,87.98,2.167,2.233,0.08
2025-11-26 11:54:00,PL01,LINE_C,A,PREMIUM,69.81,1,0.7238,0.25,0.15,37.33,28.0,23.8,3.53,54.22,19.24,15.36,88.83,6.701,7.261,0.529
2025-11-26 12:25:00,PL01,LINE_B,B,STANDARD,34.38,1,0.9056,0.0149,0.0497,94.83,93.41,88.77,2.33,56.87,13.71,20.03,90.62,3.298,3.349,0.116
2025-11-26 12:37:00,PL02,LINE_B,C,STANDARD,49.89,4,0.8943,0.0491,0.1203,258.13,245.47,215.94,2.02,57.28,21.1,20.4,98.77,2.424,2.479,0.243
2025-11-26 12:55:00,PL01,LINE_A,B,STANDARD,23.06,2,0.8937,0.0901,0.1166,279.0,253.86,224.27,1.78,58.66,20.83,17.73,97.22,2.165,2.215,0.208
2025-11-26 13:20:00,PL01,LINE_A,A,STANDARD,39.03,1,0.8738,0.0505,0.15,80.6,76.52,65.04,2.5,56.11,15.82,29.57,101.5,3.828,4.062,0.375
2025-11-26 14:06:00,PL01,LINE_D,A,PREMIUM,39.52,1,0.7586,0.1345,0.0482,69.11,59.82,56.93,3.47,55.38,27.68,24.96,108.02,5.275,5.367,0.167
2025-11-26 14:38:00,PL02,LINE_B,A,PREMIUM,36.81,1,0.922,0.25,0.1181,90.18,67.63,59.64,3.87,51.69,20.14,13.97,85.8,5.143,5.313,0.458
2025-11-26 16:38:00,PL01,LINE_C,B,HEAVY,78.93,1,0.7895,0.25,0.1112,36.01,27.01,24.0,5.48,55.05,22.51,28.47,106.03,9.403,9.894,0.609
2025-11-26 16:47:00,PL03,LINE_C,A,PREMIUM,44.19,1,0.8307,0.1352,0.1005,67.68,58.53,52.65,3.48,50.41,21.02,20.83,92.26,5.056,5.232,0.35
2025-11-26 17:40:00,PL01,LINE_B,A,STANDARD,32.18,2,0.9225,0.0596,0.1051,206.41,194.11,173.71,1.85,59.78,18.66,29.09,107.53,2.407,2.472,0.195
2025-11-26 18:04:00,PL01,LINE_C,C,STANDARD,26.02,1,0.9369,0.0983,0.0072,129.64,116.9,116.06,2.49,56.47,17.5,16.64,90.61,3.263,3.269,0.018
2025-11-26 18:48:00,PL02,LINE_B,C,STANDARD,23.21,2,0.8534,0.25,0.076,264.69,198.52,183.43,2.39,51.91,14.17,15.14,81.22,2.799,2.833,0.182
2025-11-26 19:35:00,PL01,LINE_A,B,STANDARD,43.1,2,0.8054,0.0803,0.0935,134.53,123.73,112.16,3.16,57.34,19.89,22.53,99.75,3.966,4.049,0.295
2025-11-26 19:41:00,PL01,LINE_C,B,PREMIUM,37.82,2,0.9207,0.1332,0.0612,175.28,151.93,142.63,3.1,51.1,21.27,15.69,88.06,3.681,3.719,0.19
2025-11-26 20:01:00,PL02,LINE_C,A,STANDARD,59.84,2,0.8879,0.1673,0.08,106.83,88.96,81.84,2.34,50.12,28.25,25.36,103.73,3.503,3.604,0.187
2025-11-26 22:40:00,PL01,LINE_A,A,PREMIUM,72.54,1,0.8989,0.25,0.0542,44.61,33.46,31.64,3.76,55.97,20.22,15.15,91.33,6.485,6.642,0.204
2025-11-26 23:12:00,PL02,LINE_A,A,STANDARD,51.43,1,0.8884,0.1484,0.0505,62.18,52.95,50.28,2.59,50.97,16.13,19.28,86.39,4.223,4.31,0.131
2025-11-26 23:42:00,PL02,LINE_A,A,HEAVY,56.94,2,0.8306,0.0722,0.1269,105.04,97.45,85.09,4.93,48.22,18.14,24.65,91.02,5.859,5.995,0.625
2025-11-27 00:56:00,PL03,LINE_D,B,STANDARD,39.77,4,0.814,0.1343,0.0651,294.76,255.18,238.57,1.61,53.1,13.78,23.69,90.57,1.965,1.99,0.105
2025-11-27 02:02:00,PL01,LINE_A,C,STANDARD,45.2,2,0.79,0.0602,0.1005,125.85,118.27,106.39,1.78,58.3,15.82,23.71,97.82,2.602,2.695,0.178
2025-11-27 02:04:00,PL03,LINE_B,B,STANDARD,34.65,1,0.943,0.1285,0.15,97.98,85.39,72.58,2.18,46.49,11.27,23.89,81.65,3.141,3.309,0.328
2025-11-27 02:31:00,PL01,LINE_A,B,HEAVY,74.63,1,0.8998,0.1533,0.1288,43.41,36.76,32.02,5.74,59.29,23.12,33.53,115.94,8.89,9.356,0.739
2025-11-27 03:32:00,PL02,LINE_B,A,PREMIUM,77.63,1,0.9319,0.1804,0.0312,43.21,35.42,34.31,2.84,50.4,18.11,28.34,96.85,5.578,5.666,0.089
2025-11-27 05:03:00,PL02,LINE_C,A,STANDARD,32.27,1,0.9266,0.0332,0.057,103.37,99.94,94.24,2.38,50.48,21.64,11.29,83.41,3.215,3.266,0.136
2025-11-27 05:31:00,PL01,LINE_B,A,STANDARD,55.52,2,0.8249,0.136,0.1351,106.97,92.42,79.93,1.68,53.3,23.42,27.58,104.29,2.812,2.988,0.227
2025-11-27 05:50:00,PL03,LINE_A,A,STANDARD,28.84,1,0.8147,0.1147,0.1406,101.7,90.04,77.38,2.77,47.35,25.86,19.56,92.76,3.8,3.968,0.389
2025-11-27 06:45:00,PL03,LINE_B,C,PREMIUM,24.45,2,0.8301,0.101,0.15,244.43,219.75,186.79,3.55,51.97,19.1,18.39,89.46,3.955,4.026,0.532
2025-11-27 06:50:00,PL03,LINE_C,A,STANDARD,32.31,1,0.9294,0.0744,0.065,103.56,95.86,89.63,2.03,48.25,15.34,21.48,85.06,2.918,2.98,0.132
2025-11-27 06:52:00,PL01,LINE_D,A,STANDARD,27.87,2,0.7423,0.1195,0.0232,191.77,168.86,164.95,1.86,55.34,7.75,17.04,80.12,2.334,2.345,0.043
2025-11-27 08:40:00,PL02,LINE_D,A,STANDARD,27.64,2,0.8714,0.2322,0.074,227.01,174.31,161.4,1.62,47.1,18.11,26.78,91.99,2.15,2.192,0.12
2025-11-27 10:41:00,PL01,LINE_C,C,PREMIUM,50.35,4,0.8386,0.0668,0.1384,239.82,223.79,192.81,3.88,60.94,17.48,16.32,94.74,4.3,4.368,0.537
2025-11-27 10:44:00,PL02,LINE_B,C,PREMIUM,58.01,1,0.874,0.25,0.1356,54.24,40.68,35.16,3.57,52.46,15.73,20.63,88.82,5.75,6.093,0.484
2025-11-27 11:28:00,PL03,LINE_B,B,STANDARD,45.75,1,0.8637,0.1313,0.1138,67.97,59.04,52.32,2.3,45.15,22.01,26.14,93.3,3.877,4.08,0.261
2025-11-27 11:39:00,PL02,LINE_B,C,PREMIUM,62.1,1,0.8695,0.1361,0.0659,50.41,43.55,40.68,4.53,55.38,21.25,23.01,99.64,6.821,6.982,0.299
2025-11-27 11:58:00,PL03,LINE_A,A,STANDARD,34.98,4,0.7891,0.2338,0.0858,324.87,248.91,227.55,2.61,49.48,16.04,20.29,85.8,2.952,2.985,0.224
2025-11-27 13:03:00,PL03,LINE_A,B,STANDARD,32.37,2,0.8776,0.25,0.0243,195.19,146.39,142.83,2.0,44.54,7.39,32.4,84.33,2.575,2.59,0.049
2025-11-27 14:10:00,PL02,LINE_A,A,STANDARD,34.71,1,0.9317,0.2154,0.0586,96.62,75.81,71.37,3.05,47.49,23.97,26.79,98.25,4.349,4.43,0.179
2025-11-27 16:04:00,PL01,LINE_A,A,STANDARD,33.3,4,0.8102,0.25,0.1268,350.34,262.75,229.44,2.76,54.49,17.2,29.61,101.29,3.15,3.206,0.35
2025-11-27 17:38:00,PL03,LINE_D,C,PREMIUM,64.94,2,0.7863,0.1347,0.1385,87.17,75.43,64.98,3.39,50.7,10.02,17.6,78.32,4.425,4.592,0.469
2025-11-27 18:15:00,PL02,LINE_B,B,STANDARD,37.49,2,0.8736,0.149,0.15,167.78,142.78,121.36,2.28,56.46,22.88,19.68,99.02,2.974,3.096,0.342
2025-11-27 19:14:00,PL03,LINE_C,A,PREMIUM,85.99,1,0.8492,0.25,0.0913,35.55,26.67,24.23,3.74,49.63,20.27,22.65,92.55,7.212,7.561,0.341
2025-11-27 19:22:00,PL01,LINE_B,B,STANDARD,30.43,1,0.8318,0.25,0.0959,98.39,73.79,66.71,2.78,57.09,26.13,23.0,106.22,4.221,4.374,0.267
2025-11-27 19:49:00,PL03,LINE_D,A,PREMIUM,38.02,1,0.8616,0.2356,0.0539,81.57,62.35,58.99,3.31,45.88,20.66,13.5,80.04,4.592,4.665,0.178
2025-11-27 20:00:00,PL02,LINE_D,B,STANDARD,38.54,1,0.98,0.0939,0.15,91.53,82.94,70.5,1.77,53.59,15.95,25.42,94.97,2.918,3.12,0.266
2025-11-27 20:30:00,PL01,LINE_B,C,STANDARD,35.82,1,0.8102,0.1975,0.0517,81.42,65.33,61.95,2.36,59.46,15.75,30.11,105.32,3.972,4.06,0.122
2025-11-27 20:34:00,PL01,LINE_A,A,HEAVY,43.46,1,0.8451,0.25,0.1425,70.0,52.5,45.02,4.55,57.52,10.28,16.04,83.83,6.146,6.411,0.648
2025-11-27 21:29:00,PL02,LINE_A,A,PREMIUM,32.01,1,0.7849,0.0638,0.1417,88.29,82.65,70.94,3.5,49.38,18.44,23.51,91.33,4.608,4.791,0.497
2025-11-27 21:40:00,PL01,LINE_C,B,STANDARD,38.49,2,0.8017,0.1493,0.0875,149.97,127.58,116.41,1.67,52.59,16.89,22.82,92.3,2.393,2.462,0.146
2025-11-27 22:18:00,PL02,LINE_C,A,HEAVY,79.88,1,0.844,0.121,0.15,38.04,33.44,28.42,5.49,53.78,21.47,28.1,103.34,8.584,9.13,0.824
2025-11-28 00:48:00,PL03,LINE_B,A,HEAVY,39.31,1,0.9648,0.0781,0.0753,88.35,81.45,75.32,5.24,45.56,24.79,27.7,98.05,6.446,6.544,0.395
2025-11-28 01:15:00,PL01,LINE_C,B,PREMIUM,50.77,2,0.8326,0.1833,0.0249,118.07,96.43,94.03,3.76,53.46,18.05,14.24,85.75,4.651,4.674,0.094
2025-11-28 01:17:00,PL02,LINE_A,C,PREMIUM,58.91,2,0.7949,0.0441,0.1104,97.14,92.86,82.61,2.78,50.89,13.2,21.38,85.47,3.702,3.817,0.307
2025-11-28 01:19:00,PL02,LINE_B,A,PREMIUM,40.59,2,0.7519,0.1979,0.0653,133.39,106.99,100.01,2.82,53.08,21.59,23.22,97.89,3.731,3.795,0.184
2025-11-28 01:20:00,PL01,LINE_B,A,HEAVY,50.7,1,0.852,0.2313,0.0879,60.5,46.51,42.42,4.42,51.21,21.96,20.25,93.43,6.429,6.622,0.388
2025-11-28 01:39:00,PL02,LINE_A,C,STANDARD,54.38,2,0.8224,0.0522,0.0294,108.88,103.19,100.15,2.04,52.96,21.56,28.75,103.27,3.046,3.076,0.06
2025-11-28 02:01:00,PL01,LINE_C,B,PREMIUM,64.17,1,0.8487,0.0858,0.125,47.61,43.52,38.09,3.45,55.99,16.94,15.16,88.09,5.479,5.768,0.432
2025-11-28 02:06:00,PL02,LINE_B,A,PREMIUM,67.45,2,0.845,0.1449,0.1084,90.2,77.13,68.77,3.56,50.09,14.25,29.43,93.78,4.778,4.925,0.386
2025-11-28 02:20:00,PL01,LINE_C,A,STANDARD,36.31,2,0.9021,0.0714,0.0686,178.87,166.11,154.71,1.71,55.17,18.82,23.14,97.13,2.298,2.341,0.118
2025-11-28 05:05:00,PL03,LINE_A,C,HEAVY,71.46,1,0.8319,0.2359,0.076,41.91,32.02,29.59,5.21,47.85,22.18,22.93,92.97,8.112,8.351,0.396
2025-11-28 05:21:00,PL01,LINE_C,B,STANDARD,45.99,1,0.8178,0.25,0.0363,64.01,48.01,46.26,2.52,56.09,17.84,24.35,98.28,4.57,4.647,0.092
2025-11-28 07:01:00,PL03,LINE_C,C,STANDARD,30.72,2,0.8568,0.0544,0.0678,200.84,189.91,177.04,1.8,49.45,12.98,29.04,91.47,2.285,2.32,0.122
2025-11-28 08:11:00,PL02,LINE_B,C,STANDARD,48.23,1,0.9468,0.1799,0.1394,70.68,57.96,49.88,2.1,52.18,22.64,24.77,99.59,3.822,4.1,0.293
2025-11-28 09:12:00,PL01,LINE_D,C,STANDARD,26.54,4,0.8442,0.185,0.15,458.1,373.33,317.33,2.29,59.53,18.03,19.03,96.59,2.551,2.597,0.344
2025-11-28 10:07:00,PL01,LINE_B,C,STANDARD,29.28,1,0.6775,0.2377,0.0451,83.31,63.51,60.64,2.6,62.59,20.28,18.26,101.12,4.194,4.269,0.117
2025-11-28 11:00:00,PL02,LINE_A,B,PREMIUM,30.69,1,0.7989,0.0632,0.1498,93.73,87.81,74.66,4.6,51.52,16.05,22.78,90.35,5.626,5.807,0.688
2025-11-28 11:21:00,PL01,LINE_C,A,PREMIUM,99.97,1,0.857,0.0588,0.0313,30.86,29.05,28.14,3.75,54.05,23.71,22.36,100.12,7.196,7.307,0.117
2025-11-28 11:57:00,PL01,LINE_B,C,STANDARD,44.83,4,0.8929,0.1938,0.0993,286.83,231.25,208.28,2.44,60.06,19.49,19.15,98.7,2.864,2.911,0.242
2025-11-28 12:23:00,PL01,LINE_C,C,PREMIUM,49.23,2,0.8388,0.1773,0.1142,122.68,100.92,89.4,3.28,55.58,15.12,23.14,93.84,4.213,4.333,0.375
2025-11-28 12:44:00,PL01,LINE_C,B,PREMIUM,44.63,2,0.9048,0.1227,0.15,145.97,128.05,108.85,2.84,57.46,16.7,21.61,95.76,3.591,3.723,0.427
2025-11-28 14:05:00,PL01,LINE_C,A,STANDARD,24.79,2,0.9272,0.1829,0.0807,269.27,220.02,202.26,2.26,53.63,18.6,28.69,100.92,2.722,2.763,0.183
2025-11-28 15:38:00,PL02,LINE_D,B,STANDARD,35.97,1,0.7836,0.2163,0.0464,78.44,61.47,58.61,2.64,49.66,13.94,29.2,92.8,4.152,4.225,0.123
2025-11-28 15:41:00,PL01,LINE_B,A,PREMIUM,51.58,2,0.9199,0.1006,0.1265,128.41,115.49,100.87,3.32,58.67,19.96,24.49,103.12,4.209,4.339,0.42
2025-11-28 17:18:00,PL02,LINE_C,B,HEAVY,108.68,1,0.9152,0.1492,0.15,30.32,25.79,21.92,6.23,52.37,21.84,25.69,99.9,10.105,10.789,0.935
2025-11-28 17:26:00,PL03,LINE_B,C,STANDARD,28.1,1,0.9735,0.0873,0.0499,124.72,113.84,108.16,3.11,48.41,20.69,23.57,92.67,3.929,3.971,0.155
2025-11-28 18:08:00,PL02,LINE_C,B,STANDARD,39.35,1,0.8676,0.1939,0.1067,79.37,63.98,57.15,2.05,49.48,21.56,26.12,97.16,3.565,3.747,0.218
2025-11-28 18:47:00,PL02,LINE_D,C,HEAVY,61.86,2,0.7255,0.25,0.0771,84.45,63.33,58.45,5.6,53.06,21.22,24.26,98.54,7.154,7.284,0.431
2025-11-28 19:04:00,PL01,LINE_C,C,STANDARD,37.59,1,0.8843,0.2453,0.0589,84.69,63.92,60.15,2.15,59.6,15.74,18.63,93.96,3.622,3.714,0.127
2025-11-28 19:05:00,PL01,LINE_A,A,STANDARD,34.83,1,0.8535,0.1222,0.0772,88.21,77.43,71.45,2.52,55.47,16.1,27.6,99.17,3.799,3.906,0.194
2025-11-28 19:55:00,PL01,LINE_D,A,STANDARD,22.44,1,0.821,0.2213,0.1225,131.73,102.57,90.01,1.83,55.85,18.22,22.84,96.9,2.771,2.903,0.224
2025-11-28 19:56:00,PL02,LINE_B,A,PREMIUM,36.82,1,0.8612,0.1816,0.1362,84.21,68.92,59.53,3.09,48.45,20.78,10.18,79.41,4.239,4.421,0.42
2025-11-28 20:02:00,PL02,LINE_D,C,PREMIUM,43.43,4,0.7156,0.1496,0.0363,237.28,201.78,194.45,2.87,52.45,16.98,19.6,89.03,3.311,3.328,0.104
2025-11-28 20:09:00,PL01,LINE_C,B,STANDARD,32.8,1,0.9176,0.1438,0.0942,100.72,86.24,78.12,2.37,54.98,19.84,29.41,104.23,3.581,3.707,0.223
2025-11-28 21:32:00,PL01,LINE_B,B,PREMIUM,42.71,2,0.8255,0.1302,0.0679,139.15,121.03,112.8,2.59,56.76,9.18,22.49,88.43,3.318,3.371,0.176
2025-11-28 22:29:00,PL01,LINE_A,C,STANDARD,32.74,1,0.8787,0.0822,0.0462,96.61,88.67,84.57,2.29,58.66,18.62,16.11,93.38,3.338,3.389,0.106
2025-11-28 22:46:00,PL02,LINE_C,B,HEAVY,89.43,1,0.8902,0.25,0.15,35.83,26.88,22.84,6.2,53.86,18.51,10.55,82.92,9.283,9.827,0.93
2025-11-28 22:47:00,PL01,LINE_C,A,STANDARD,37.9,1,0.8182,0.25,0.1379,77.71,58.28,50.24,2.39,55.41,16.99,22.02,94.42,4.009,4.268,0.33
2025-11-28 22:50:00,PL02,LINE_C,A,PREMIUM,37.31,4,0.852,0.0554,0.1337,328.81,310.58,269.06,3.88,51.64,20.32,21.54,93.51,4.185,4.232,0.519
2025-11-28 23:02:00,PL01,LINE_C,C,STANDARD,29.57,1,0.9213,0.0265,0.0776,112.17,109.2,100.73,2.56,58.86,17.1,25.46,101.43,3.492,3.57,0.199
2025-11-28 23:20:00,PL01,LINE_C,C,STANDARD,20.66,2,0.8853,0.25,0.1455,308.52,231.39,197.72,2.49,56.59,22.35,16.76,95.7,2.903,2.974,0.362
2025-11-29 00:48:00,PL01,LINE_C,C,PREMIUM,49.93,1,0.9619,0.25,0.0806,69.36,52.02,47.82,3.56,58.29,22.05,26.93,107.28,5.625,5.806,0.287
2025-11-29 00:56:00,PL01,LINE_B,B,STANDARD,33.71,1,0.8212,0.1429,0.0762,87.71,75.17,69.45,1.78,56.6,21.23,25.25,103.07,3.148,3.261,0.135
2025-11-29 01:25:00,PL02,LINE_A,A,STANDARD,44.16,1,0.8735,0.25,0.0401,71.2,53.4,51.26,2.05,49.61,20.22,16.27,86.11,3.658,3.725,0.082
2025-11-29 02:04:00,PL01,LINE_B,A,PREMIUM,30.86,1,0.86,0.1951,0.0506,100.32,80.75,76.66,3.53,54.33,18.54,27.59,100.46,4.777,4.843,0.179
2025-11-29 02:25:00,PL03,LINE_A,C,PREMIUM,65.43,4,0.7733,0.091,0.1498,170.18,154.7,131.53,3.61,48.68,21.33,30.3,100.3,4.26,4.374,0.541
2025-11-29 03:02:00,PL02,LINE_C,C,STANDARD,30.43,2,0.8293,0.0647,0.15,196.18,183.48,155.96,2.08,54.79,19.96,23.75,98.49,2.614,2.709,0.312
2025-11-29 03:35:00,PL01,LINE_A,A,HEAVY,52.26,1,0.7962,0.0872,0.1398,54.85,50.07,43.07,5.3,53.35,18.71,25.38,97.44,7.25,7.566,0.742
2025-11-29 04:30:00,PL01,LINE_C,C,STANDARD,32.44,1,0.8089,0.1346,0.0667,89.77,77.69,72.5,2.4,58.98,17.65,16.26,92.89,3.593,3.679,0.16
2025-11-29 05:00:00,PL01,LINE_C,A,STANDARD,57.47,1,0.8948,0.2423,0.0255,56.05,42.47,41.39,2.32,57.88,20.85,30.24,108.98,4.882,4.949,0.059
2025-11-29 06:39:00,PL01,LINE_A,C,STANDARD,30.59,1,0.8461,0.25,0.0628,99.57,74.68,69.99,2.34,57.08,13.95,21.4,92.43,3.574,3.657,0.147
2025-11-29 06:56:00,PL01,LINE_B,B,PREMIUM,50.02,2,0.9602,0.25,0.15,138.2,103.65,88.1,3.49,58.4,22.48,31.97,112.85,4.584,4.776,0.524
2025-11-29 07:48:00,PL01,LINE_D,C,STANDARD,34.32,4,0.7818,0.25,0.068,328.01,246.01,229.27,2.21,59.18,15.39,23.3,97.88,2.609,2.638,0.15
2025-11-29 10:20:00,PL02,LINE_A,B,PREMIUM,60.84,4,0.8246,0.0929,0.0779,195.16,177.02,163.23,2.12,53.65,18.02,17.53,89.2,2.625,2.668,0.165
2025-11-29 11:12:00,PL02,LINE_D,C,PREMIUM,55.91,4,0.782,0.1457,0.0499,201.42,172.06,163.48,3.64,52.37,16.97,24.1,93.44,4.188,4.216,0.182
2025-11-29 11:16:00,PL02,LINE_C,B,STANDARD,23.96,1,0.7868,0.049,0.0267,118.19,112.4,109.41,2.59,51.12,15.35,13.29,79.76,3.298,3.318,0.069
2025-11-29 11:58:00,PL02,LINE_C,B,STANDARD,31.35,1,0.8241,0.2005,0.0839,94.64,75.66,69.31,1.94,48.85,26.05,17.53,92.43,3.159,3.271,0.163
2025-11-29 12:13:00,PL02,LINE_D,B,STANDARD,32.17,2,0.8462,0.25,0.0371,189.4,142.05,136.78,2.65,57.31,13.28,29.23,99.82,3.356,3.383,0.098
2025-11-29 13:37:00,PL03,LINE_A,A,STANDARD,50.95,1,0.98,0.164,0.0372,69.24,57.89,55.74,1.55,48.26,13.6,24.26,86.12,3.036,3.093,0.058
2025-11-29 15:11:00,PL02,LINE_B,C,STANDARD,36.37,1,0.9226,0.1376,0.0982,91.33,78.77,71.03,1.99,54.55,17.82,11.98,84.35,3.065,3.182,0.196
2025-11-29 17:06:00,PL03,LINE_C,B,STANDARD,37.17,2,0.8214,0.1684,0.035,159.09,132.31,127.68,2.4,47.02,17.13,14.37,78.53,2.99,3.012,0.084
2025-11-29 18:36:00,PL03,LINE_B,C,STANDARD,29.82,1,0.7968,0.1678,0.062,96.17,80.04,75.08,1.31,49.01,17.53,24.07,90.6,2.445,2.52,0.081
2025-11-29 19:38:00,PL01,LINE_C,C,HEAVY,65.48,1,0.8641,0.2272,0.0901,47.51,36.71,33.41,6.34,54.41,22.82,18.96,96.19,8.961,9.22,0.571
2025-11-29 20:14:00,PL01,LINE_A,A,STANDARD,35.88,2,0.7611,0.25,0.0782,152.7,114.53,105.57,2.12,54.85,20.99,26.96,102.8,3.017,3.093,0.166
2025-11-29 21:03:00,PL03,LINE_A,B,STANDARD,29.94,1,0.852,0.1732,0.0827,102.44,84.7,77.7,2.07,48.84,11.07,24.82,84.73,3.071,3.161,0.171
2025-11-29 21:58:00,PL03,LINE_B,B,PREMIUM,47.72,1,0.8326,0.161,0.0837,62.81,52.7,48.28,3.62,50.43,17.83,20.32,88.58,5.301,5.455,0.303
2025-11-29 22:48:00,PL02,LINE_A,C,STANDARD,32.43,1,0.8903,0.0737,0.035,98.83,91.54,88.34,2.22,51.05,13.14,22.63,86.81,3.172,3.206,0.078
2025-11-29 23:04:00,PL01,LINE_A,C,PREMIUM,60.91,1,0.861,0.25,0.133,50.89,38.17,33.09,2.53,58.61,20.15,30.39,109.15,5.386,5.825,0.336
2025-11-29 23:42:00,PL03,LINE_B,B,STANDARD,27.16,2,0.7505,0.11,0.0626,198.95,177.06,165.98,2.68,46.35,11.5,18.13,75.98,3.107,3.135,0.168
2025-11-29 23:42:00,PL02,LINE_A,B,STANDARD,28.06,4,0.859,0.25,0.1286,440.82,330.62,288.09,1.73,54.48,15.75,10.38,80.6,1.974,2.01,0.223
2025-11-29 23:43:00,PL01,LINE_C,A,STANDARD,43.13,1,0.8214,0.1189,0.0325,68.56,60.41,58.44,2.24,57.13,21.68,15.55,94.36,3.806,3.859,0.073
2025-11-29 23:50:00,PL01,LINE_B,C,PREMIUM,37.33,2,0.8522,0.1772,0.0995,164.4,135.27,121.81,3.35,63.51,22.4,20.23,106.15,4.138,4.225,0.334
2025-11-30 00:20:00,PL01,LINE_B,A,HEAVY,33.77,2,0.9749,0.0042,0.0396,207.86,207.0,198.79,4.47,53.03,30.04,17.26,100.33,4.952,4.972,0.177
2025-11-30 00:35:00,PL01,LINE_C,B,STANDARD,41.98,1,0.9387,0.0502,0.0387,80.49,76.45,73.49,2.06,59.85,22.15,13.96,95.96,3.315,3.366,0.08
2025-11-30 01:02:00,PL03,LINE_A,B,STANDARD,24.84,2,0.9548,0.25,0.0411,276.74,207.55,199.02,1.77,46.1,15.7,19.15,80.95,2.158,2.174,0.073
2025-11-30 01:35:00,PL02,LINE_A,B,STANDARD,26.05,2,0.892,0.0948,0.0806,246.53,223.15,205.16,3.0,48.35,21.0,21.72,91.08,3.408,3.444,0.242
2025-11-30 01:39:00,PL01,LINE_C,A,HEAVY,83.34,1,0.6915,0.088,0.1249,29.87,27.24,23.84,5.41,56.11,20.3,14.96,91.37,8.766,9.245,0.676
2025-11-30 02:13:00,PL01,LINE_B,B,STANDARD,68.07,2,0.833,0.142,0.1412,88.1,75.59,64.92,2.01,55.41,15.43,16.98,87.82,3.17,3.361,0.284
2025-11-30 02:29:00,PL01,LINE_B,C,PREMIUM,61.99,1,0.8429,0.0724,0.0679,48.95,45.41,42.33,2.88,52.69,14.85,25.83,93.37,4.933,5.083,0.195
2025-11-30 02:45:00,PL03,LINE_C,B,STANDARD,29.05,2,0.8691,0.1496,0.0797,215.39,183.17,168.57,1.68,52.45,15.73,20.65,88.84,2.169,2.211,0.134
2025-11-30 03:36:00,PL01,LINE_A,C,STANDARD,51.51,2,0.7173,0.25,0.0937,100.26,75.2,68.15,2.48,57.76,14.17,22.75,94.68,3.74,3.87,0.232
2025-11-30 05:47:00,PL01,LINE_D,C,HEAVY,82.11,2,0.8017,0.1264,0.1204,70.3,61.41,54.02,4.78,58.33,23.46,15.65,97.45,6.368,6.585,0.575
2025-11-30 05:55:00,PL02,LINE_C,C,PREMIUM,40.26,4,0.8761,0.25,0.1216,313.34,235.0,206.43,3.05,53.27,18.1,27.13,98.49,3.474,3.532,0.371
2025-11-30 09:19:00,PL01,LINE_B,B,STANDARD,36.45,2,0.9439,0.1492,0.0938,186.47,158.64,143.76,2.14,55.9,19.18,24.16,99.24,2.767,2.831,0.201
2025-11-30 10:47:00,PL01,LINE_D,C,PREMIUM,48.25,2,0.938,0.1383,0.1101,139.98,120.62,107.34,3.03,60.93,16.53,17.59,95.05,3.82,3.917,0.334
2025-11-30 12:47:00,PL02,LINE_A,B,PREMIUM,56.47,1,0.9068,0.1449,0.0561,57.82,49.44,46.67,3.07,48.49,25.9,12.89,87.28,4.84,4.945,0.172
2025-11-30 13:32:00,PL02,LINE_B,B,STANDARD,35.73,4,0.9196,0.0833,0.1443,370.61,339.74,290.72,1.89,54.17,15.97,25.61,95.75,2.171,2.218,0.273
2025-11-30 14:25:00,PL03,LINE_B,C,STANDARD,43.55,1,0.7834,0.0343,0.0247,64.76,62.54,61.0,2.03,49.76,16.45,24.78,90.99,3.49,3.526,0.05
2025-11-30 15:20:00,PL01,LINE_A,A,STANDARD,56.24,2,0.8446,0.25,0.15,108.13,81.1,68.94,1.66,56.17,26.04,23.3,105.51,2.965,3.194,0.25
2025-11-30 16:38:00,PL02,LINE_C,A,PREMIUM,30.86,1,0.7326,0.25,0.1042,85.47,64.11,57.43,3.69,49.77,21.37,23.5,94.63,5.167,5.339,0.385
2025-11-30 16:58:00,PL03,LINE_A,B,HEAVY,58.17,1,0.7982,0.1182,0.1081,49.4,43.56,38.85,4.75,46.66,15.39,23.62,85.67,6.713,6.952,0.513
2025-11-30 17:40:00,PL02,LINE_C,C,HEAVY,62.85,2,0.8926,0.1827,0.0955,102.25,83.57,75.59,4.55,53.68,19.51,28.34,101.53,5.768,5.896,0.435
2025-11-30 18:47:00,PL02,LINE_A,A,PREMIUM,46.14,2,0.9185,0.1474,0.15,143.32,122.2,103.87,3.55,48.78,15.03,16.56,80.37,4.206,4.322,0.532
2025-11-30 18:59:00,PL01,LINE_D,B,STANDARD,37.59,1,0.7504,0.2461,0.1138,71.86,54.17,48.01,2.04,58.05,17.0,18.21,93.25,3.758,3.979,0.232
2025-11-30 19:52:00,PL01,LINE_B,A,PREMIUM,58.28,1,0.7969,0.2468,0.15,49.22,37.08,31.51,2.81,48.57,21.68,26.28,96.54,5.409,5.869,0.421
2025-11-30 20:16:00,PL02,LINE_A,B,STANDARD,25.42,1,0.9554,0.25,0.0644,135.29,101.47,94.93,1.92,52.85,26.59,17.77,97.21,2.882,2.948,0.124
2025-11-30 20:35:00,PL03,LINE_A,C,STANDARD,34.94,1,0.8167,0.15,0.0269,84.14,71.53,69.6,1.5,48.32,9.2,21.0,78.52,2.601,2.631,0.04
2025-11-30 20:55:00,PL03,LINE_A,B,STANDARD,29.35,2,0.8365,0.1776,0.1003,205.2,168.75,151.83,1.78,50.33,16.71,23.7,90.74,2.315,2.375,0.178
2025-11-30 22:03:00,PL03,LINE_A,C,STANDARD,47.0,2,0.9252,0.233,0.054,141.73,108.7,102.83,2.6,50.18,15.82,10.83,76.83,3.305,3.345,0.14
2025-11-30 22:09:00,PL01,LINE_A,A,PREMIUM,45.66,1,0.8429,0.0726,0.0983,66.45,61.63,55.57,2.36,57.51,18.18,27.82,103.51,4.039,4.222,0.232
2025-11-30 22:24:00,PL03,LINE_C,A,STANDARD,30.14,1,0.8372,0.25,0.0403,99.98,74.99,71.97,1.98,46.18,22.64,32.27,101.09,3.328,3.384,0.08
2025-11-30 22:46:00,PL03,LINE_B,B,PREMIUM,57.87,4,0.8742,0.175,0.1136,217.52,179.46,159.08,2.31,45.0,10.09,30.18,85.27,2.785,2.846,0.262
2025-11-30 22:58:00,PL03,LINE_C,B,STANDARD,46.61,2,0.8002,0.1183,0.1486,123.6,108.98,92.79,2.83,50.15,17.54,29.46,97.15,3.718,3.874,0.42
2025-11-30 23:40:00,PL03,LINE_A,C,PREMIUM,66.46,1,0.9045,0.081,0.0609,49.0,45.03,42.29,3.23,51.41,15.72,22.78,89.91,5.228,5.358,0.197
2025-12-01 01:20:00,PL02,LINE_A,B,STANDARD,47.43,2,0.9401,0.0903,0.0683,142.72,129.83,120.96,2.54,51.47,13.87,23.23,88.58,3.226,3.276,0.174
2025-12-01 02:08:00,PL02,LINE_D,A,STANDARD,63.41,1,0.7892,0.2445,0.0639,44.81,33.85,31.69,1.68,50.55,19.53,12.96,83.03,4.137,4.305,0.108
2025-12-01 02:42:00,PL01,LINE_A,C,STANDARD,40.09,2,0.7977,0.25,0.0938,143.25,107.44,97.36,1.9,59.25,14.77,13.08,87.1,2.712,2.796,0.178
2025-12-01 03:27:00,PL03,LINE_C,B,PREMIUM,53.83,1,0.9562,0.0525,0.15,63.95,60.59,51.5,3.74,47.74,27.76,16.35,91.84,5.259,5.527,0.562
2025-12-01 03:30:00,PL03,LINE_C,C,HEAVY,55.85,1,0.9604,0.1155,0.0742,61.91,54.75,50.69,5.26,49.34,24.15,22.09,95.57,7.007,7.147,0.391
2025-12-01 03:39:00,PL02,LINE_C,B,STANDARD,26.72,1,0.7951,0.25,0.068,107.11,80.34,74.87,2.41,51.52,21.95,17.56,91.03,3.545,3.628,0.164
2025-12-01 03:42:00,PL01,LINE_C,A,STANDARD,51.74,1,0.7982,0.1765,0.1198,55.54,45.73,40.25,2.74,55.4,23.8,19.59,98.79,4.903,5.197,0.329
2025-12-01 03:57:00,PL02,LINE_B,A,STANDARD,33.44,1,0.8227,0.25,0.15,88.58,66.43,56.47,1.22,55.7,14.95,30.32,100.98,2.738,3.006,0.183
2025-12-01 03:57:00,PL01,LINE_B,C,STANDARD,56.87,2,0.8835,0.1725,0.1207,111.85,92.55,81.38,2.05,58.76,21.06,14.68,94.51,3.068,3.208,0.247
2025-12-01 04:15:00,PL01,LINE_B,A,STANDARD,29.9,2,0.8562,0.1796,0.0463,206.15,169.14,161.31,2.25,53.91,19.53,13.52,86.97,2.765,2.79,0.104
2025-12-01 05:05:00,PL02,LINE_B,C,STANDARD,37.66,1,0.8964,0.0794,0.0151,85.68,78.88,77.69,2.26,54.02,18.24,16.51,88.77,3.382,3.399,0.034
2025-12-01 05:58:00,PL03,LINE_B,C,STANDARD,31.4,2,0.7406,0.1166,0.0419,169.79,149.99,143.7,2.25,51.09,13.41,22.65,87.14,2.826,2.852,0.094
2025-12-01 06:19:00,PL03,LINE_A,B,PREMIUM,52.04,2,0.7971,0.1543,0.1439,110.28,93.27,79.84,3.23,49.57,22.1,16.14,87.81,4.168,4.326,0.464
2025-12-01 06:23:00,PL01,LINE_A,A,HEAVY,67.04,2,0.9156,0.1652,0.0786,98.33,82.09,75.63,6.0,49.18,21.08,16.18,86.43,7.058,7.147,0.472
2025-12-01 06:38:00,PL02,LINE_C,C,STANDARD,61.51,4,0.8627,0.25,0.0537,201.98,151.48,143.34,2.12,51.87,20.25,21.58,93.7,2.743,2.778,0.114
2025-12-01 08:29:00,PL01,LINE_D,B,HEAVY,67.11,1,0.7576,0.2284,0.15,40.64,31.36,26.66,4.17,56.2,28.06,28.19,112.45,7.752,8.384,0.625
2025-12-01 08:30:00,PL01,LINE_B,C,PREMIUM,34.75,2,0.8354,0.2006,0.15,173.06,138.35,117.6,2.46,60.16,14.05,12.01,86.22,3.086,3.196,0.369
2025-12-01 09:18:00,PL02,LINE_B,B,STANDARD,34.27,1,0.8714,0.0383,0.0984,91.53,88.02,79.36,2.64,51.55,14.48,16.86,82.89,3.586,3.689,0.26
2025-12-01 09:25:00,PL03,LINE_B,B,PREMIUM,57.03,2,0.8712,0.0414,0.0875,109.99,105.43,96.21,4.01,44.66,15.49,21.85,82.0,4.788,4.863,0.351
2025-12-01 09:38:00,PL03,LINE_B,B,STANDARD,32.99,1,0.8012,0.25,0.0815,87.44,65.58,60.23,2.22,49.18,18.13,24.49,91.8,3.624,3.748,0.181
2025-12-01 10:06:00,PL02,LINE_B,B,HEAVY,74.97,1,0.891,0.0361,0.0553,42.79,41.24,38.96,4.52,56.3,23.97,23.68,103.95,7.038,7.186,0.25
2025-12-01 11:30:00,PL01,LINE_A,A,STANDARD,43.02,1,0.8406,0.1472,0.0373,70.34,59.98,57.75,2.34,55.5,18.07,21.64,95.2,3.926,3.988,0.087
2025-12-01 11:41:00,PL01,LINE_A,C,PREMIUM,59.9,4,0.9238,0.25,0.15,222.08,166.56,141.58,3.97,61.33,19.3,14.08,94.7,4.542,4.643,0.596
2025-12-01 11:50:00,PL01,LINE_B,A,STANDARD,43.03,2,0.829,0.2373,0.0432,138.71,105.79,101.22,1.79,53.68,20.47,19.81,93.96,2.677,2.717,0.077
2025-12-01 13:23:00,PL01,LINE_C,C,STANDARD,32.39,1,0.9538,0.0976,0.0627,106.0,95.65,89.65,1.9,56.99,23.43,28.42,108.84,3.035,3.111,0.119
2025-12-01 14:46:00,PL03,LINE_C,B,STANDARD,34.75,1,0.9312,0.25,0.15,96.47,72.35,61.5,2.32,51.62,18.34,24.67,94.63,3.632,3.863,0.349
2025-12-01 16:10:00,PL02,LINE_C,B,STANDARD,53.03,4,0.9199,0.0469,0.15,249.8,238.1,202.38,1.52,51.8,21.11,17.41,90.31,1.902,1.969,0.228
2025-12-01 16:27:00,PL01,LINE_D,A,STANDARD,24.24,1,0.8498,0.1745,0.0702,126.18,104.16,96.85,2.51,54.97,18.29,21.36,94.62,3.42,3.489,0.176
2025-12-01 16:41:00,PL03,LINE_B,B,STANDARD,44.81,2,0.8274,0.103,0.0703,132.95,119.25,110.87,1.25,49.06,17.03,24.39,90.47,2.012,2.069,0.088
2025-12-01 18:04:00,PL02,LINE_C,A,HEAVY,61.24,2,0.911,0.25,0.15,107.1,80.33,68.28,3.93,47.1,28.21,16.69,92.0,5.079,5.281,0.59
2025-12-01 18:07:00,PL01,LINE_B,A,HEAVY,180.0,1,0.7845,0.0996,0.0625,15.69,14.13,13.24,3.61,55.28,27.4,25.56,108.25,11.273,11.784,0.226
2025-12-01 19:16:00,PL02,LINE_B,C,STANDARD,28.32,2,0.9525,0.1649,0.15,242.16,202.23,171.9,2.37,52.72,18.1,15.49,86.31,2.801,2.876,0.356
2025-12-01 19:24:00,PL02,LINE_B,C,STANDARD,49.57,1,0.9346,0.2259,0.1323,67.88,52.54,45.59,2.87,49.71,16.43,28.3,94.44,4.671,4.945,0.38
2025-12-01 19:48:00,PL01,LINE_C,A,STANDARD,44.13,1,0.8283,0.127,0.0404,67.57,58.99,56.61,1.98,56.62,15.15,17.46,89.23,3.496,3.559,0.08
2025-12-01 20:01:00,PL01,LINE_A,B,STANDARD,44.94,1,0.8543,0.0656,0.0203,68.43,63.94,62.65,2.39,56.09,18.91,19.73,94.73,3.867,3.898,0.048
2025-12-01 21:57:00,PL03,LINE_C,B,HEAVY,71.4,1,0.8454,0.2361,0.0127,42.63,32.56,32.15,4.41,48.91,22.09,31.47,102.46,7.56,7.601,0.056
2025-12-01 22:07:00,PL01,LINE_D,C,STANDARD,36.63,1,0.8571,0.1679,0.038,84.24,70.09,67.43,2.0,56.08,15.88,16.5,88.46,3.264,3.314,0.076
2025-12-01 23:08:00,PL02,LINE_C,B,PREMIUM,44.45,1,0.8442,0.25,0.0555,68.36,51.27,48.42,3.56,52.07,16.34,18.21,86.63,5.251,5.35,0.198
2025-12-01 23:15:00,PL03,LINE_B,C,PREMIUM,69.4,1,0.8576,0.0709,0.15,44.49,41.33,35.13,3.46,51.34,13.5,22.99,87.84,5.589,5.964,0.52
2025-12-01 23:37:00,PL02,LINE_B,B,STANDARD,27.04,4,0.7961,0.25,0.15,424.03,318.02,270.32,1.96,53.59,21.53,16.59,91.72,2.248,2.299,0.294
2025-12-02 00:00:00,PL02,LINE_B,B,HEAVY,51.78,1,0.862,0.127,0.15,59.93,52.32,44.47,4.32,54.57,18.49,22.26,95.32,6.142,6.463,0.648
2025-12-02 00:34:00,PL01,LINE_C,A,STANDARD,32.94,1,0.8852,0.0754,0.0298,96.74,89.45,86.78,2.66,52.9,12.37,17.13,82.4,3.584,3.613,0.079
2025-12-02 00:39:00,PL03,LINE_C,A,STANDARD,45.37,1,0.8068,0.2217,0.1246,64.02,49.82,43.62,2.37,48.96,22.76,19.2,90.92,4.194,4.454,0.295
2025-12-02 03:16:00,PL02,LINE_A,A,STANDARD,42.56,2,0.8262,0.169,0.1176,139.79,116.16,102.5,1.94,50.79,16.74,13.34,80.87,2.639,2.731,0.229
2025-12-02 03:58:00,PL02,LINE_A,B,STANDARD,45.53,4,0.8114,0.2231,0.0738,256.64,199.4,184.69,2.48,52.03,20.89,32.3,105.21,3.005,3.047,0.183
2025-12-02 04:38:00,PL02,LINE_B,C,HEAVY,45.68,1,0.7802,0.0094,0.0192,61.49,60.91,59.74,2.97,51.71,27.09,34.8,113.61,4.837,4.874,0.057
2025-12-02 04:49:00,PL01,LINE_D,C,HEAVY,58.14,1,0.8933,0.2299,0.15,55.32,42.6,36.21,5.21,56.72,20.75,19.07,96.55,7.472,7.872,0.781
2025-12-02 05:28:00,PL01,LINE_B,A,STANDARD,46.07,4,0.8357,0.1245,0.0445,261.22,228.7,218.53,1.63,52.56,18.8,20.67,92.03,2.031,2.049,0.072
2025-12-02 06:10:00,PL01,LINE_A,B,PREMIUM,50.34,2,0.8137,0.0677,0.1015,116.38,108.5,97.49,2.88,56.84,15.49,27.18,99.51,3.795,3.899,0.292
2025-12-02 06:54:00,PL01,LINE_A,A,STANDARD,18.07,1,0.8419,0.0449,0.052,167.75,160.21,151.88,2.39,52.87,14.24,21.86,88.98,2.944,2.974,0.124
2025-12-02 07:13:00,PL02,LINE_C,C,STANDARD,53.72,1,0.8198,0.156,0.0923,54.94,46.37,42.09,1.93,50.7,16.6,8.0,75.3,3.549,3.714,0.178
2025-12-02 08:34:00,PL02,LINE_C,C,STANDARD,31.42,4,0.8327,0.1619,0.1002,381.65,319.84,287.79,1.89,55.39,17.64,29.19,102.22,2.205,2.241,0.189
2025-12-02 09:37:00,PL01,LINE_B,A,PREMIUM,67.85,1,0.8968,0.0971,0.1045,47.58,42.96,38.47,3.99,55.67,20.35,22.24,98.26,6.273,6.539,0.416
2025-12-02 09:59:00,PL03,LINE_A,C,PREMIUM,39.34,1,0.7574,0.1624,0.0787,69.31,58.05,53.48,3.49,53.13,21.47,21.22,95.82,5.143,5.284,0.275
2025-12-02 10:11:00,PL01,LINE_A,C,STANDARD,35.73,2,0.9005,0.25,0.0939,181.46,136.09,123.31,2.17,57.58,16.08,22.35,96.01,2.871,2.944,0.203
2025-12-02 10:27:00,PL02,LINE_C,C,PREMIUM,48.91,1,0.8604,0.101,0.0613,63.33,56.94,53.45,2.61,56.07,18.85,18.76,93.68,4.257,4.364,0.16
2025-12-02 11:00:00,PL02,LINE_D,A,HEAVY,58.4,2,0.9416,0.0828,0.0493,116.09,106.48,101.24,6.8,52.18,18.34,16.68,87.2,7.619,7.662,0.335
2025-12-02 11:00:00,PL03,LINE_D,B,STANDARD,55.86,1,0.7336,0.214,0.15,47.28,37.16,31.59,1.65,45.11,20.71,24.45,90.27,4.084,4.512,0.248
2025-12-02 12:49:00,PL02,LINE_B,B,PREMIUM,53.24,1,0.947,0.25,0.15,64.04,48.03,40.82,3.23,55.34,17.85,29.47,102.65,5.367,5.744,0.484
2025-12-02 12:50:00,PL01,LINE_A,C,STANDARD,14.72,1,0.8667,0.25,0.1282,211.96,158.97,138.59,2.66,56.03,22.21,18.2,96.44,3.271,3.36,0.342
2025-12-02 13:20:00,PL02,LINE_B,C,STANDARD,23.4,2,0.9081,0.1639,0.15,279.4,233.6,198.56,1.9,49.59,15.89,20.3,85.77,2.27,2.335,0.285
2025-12-02 13:29:00,PL01,LINE_D,C,HEAVY,63.86,2,0.7133,0.25,0.1124,80.43,60.32,53.54,5.77,61.74,16.32,20.44,98.5,7.402,7.609,0.649
2025-12-02 13:29:00,PL01,LINE_C,A,HEAVY,87.7,1,0.8302,0.25,0.0946,34.08,25.56,23.14,4.77,56.47,19.43,33.36,109.26,9.043,9.49,0.451
2025-12-02 14:34:00,PL03,LINE_B,A,STANDARD,43.4,1,0.7976,0.1258,0.15,66.16,57.83,49.16,1.38,46.21,18.96,22.01,87.17,2.891,3.157,0.208
2025-12-02 15:02:00,PL02,LINE_B,A,STANDARD,32.0,2,0.8811,0.213,0.1018,198.26,156.04,140.16,1.83,49.96,18.84,13.99,82.79,2.36,2.42,0.186
2025-12-02 15:24:00,PL01,LINE_B,C,STANDARD,32.6,1,0.9303,0.0104,0.15,102.72,101.64,86.4,1.69,60.5,16.32,23.29,100.11,2.674,2.848,0.253
2025-12-02 15:26:00,PL01,LINE_C,B,STANDARD,51.84,2,0.9223,0.1413,0.1085,128.1,110.0,98.07,2.2,53.76,23.19,19.05,96.01,3.072,3.178,0.239
2025-12-02 16:26:00,PL01,LINE_C,A,HEAVY,59.69,2,0.967,0.1612,0.0338,116.66,97.85,94.54,4.47,53.17,25.88,17.38,96.43,5.455,5.489,0.151
2025-12-02 17:53:00,PL01,LINE_C,A,PREMIUM,78.77,1,0.838,0.0995,0.055,38.3,34.49,32.59,3.07,57.53,17.45,28.4,103.39,6.068,6.243,0.169
2025-12-02 17:54:00,PL03,LINE_B,C,STANDARD,34.85,1,0.7349,0.0347,0.15,75.91,73.28,62.29,1.71,48.3,20.52,21.0,89.82,2.937,3.153,0.257
2025-12-02 18:43:00,PL01,LINE_A,A,HEAVY,54.67,1,0.9056,0.25,0.15,59.63,44.72,38.02,5.47,56.82,21.56,21.99,100.38,7.713,8.11,0.82
2025-12-02 19:08:00,PL02,LINE_D,C,HEAVY,70.93,2,0.7705,0.0448,0.1024,78.21,74.71,67.06,5.17,54.84,21.03,23.57,99.44,6.501,6.653,0.529
2025-12-02 19:13:00,PL01,LINE_A,A,HEAVY,70.65,1,0.8283,0.2052,0.0117,42.21,33.55,33.16,5.18,52.76,21.27,24.71,98.73,8.124,8.159,0.06
2025-12-02 19:14:00,PL01,LINE_B,A,STANDARD,40.31,2,0.8792,0.0584,0.059,157.05,147.87,139.15,1.79,56.5,14.37,16.7,87.57,2.387,2.424,0.106
2025-12-02 21:06:00,PL03,LINE_C,C,STANDARD,27.25,2,0.8498,0.0129,0.0192,224.57,221.68,217.42,2.1,46.33,20.45,20.41,87.19,2.498,2.506,0.04
2025-12-02 21:45:00,PL03,LINE_B,A,STANDARD,32.21,1,0.839,0.0321,0.0675,93.78,90.77,84.64,1.84,45.11,24.76,29.72,99.59,2.942,3.021,0.125
2025-12-02 21:47:00,PL01,LINE_D,A,STANDARD,38.71,2,0.73,0.25,0.15,135.77,101.83,86.56,2.21,54.41,9.57,20.08,84.06,3.033,3.179,0.331
2025-12-02 22:32:00,PL01,LINE_A,B,PREMIUM,35.29,1,0.9768,0.25,0.15,99.66,74.74,63.53,4.82,57.02,13.14,24.28,94.44,6.081,6.304,0.723
2025-12-02 23:18:00,PL02,LINE_B,A,PREMIUM,41.05,1,0.9628,0.0294,0.0911,84.44,81.95,74.49,3.49,49.36,20.44,23.44,93.24,4.632,4.746,0.318
2025-12-02 23:35:00,PL02,LINE_C,B,STANDARD,40.03,1,0.8941,0.25,0.1142,80.4,60.3,53.41,2.31,52.41,17.55,22.18,92.14,3.839,4.036,0.264
2025-12-03 00:58:00,PL01,LINE_C,C,STANDARD,27.07,1,0.8695,0.2203,0.15,115.65,90.17,76.64,1.56,58.56,22.04,23.7,104.31,2.719,2.923,0.234
2025-12-03 01:02:00,PL03,LINE_D,C,STANDARD,31.05,4,0.7722,0.25,0.1433,358.18,268.63,230.14,2.88,51.88,19.49,22.29,93.66,3.224,3.283,0.412
2025-12-03 01:06:00,PL01,LINE_A,A,STANDARD,24.87,1,0.8155,0.1373,0.1438,118.04,101.83,87.18,1.6,55.23,17.37,25.56,98.16,2.564,2.726,0.23
2025-12-03 01:47:00,PL01,LINE_A,B,PREMIUM,44.22,2,0.9296,0.0397,0.1067,151.38,145.37,129.86,3.71,57.0,8.58,22.43,88.01,4.32,4.392,0.396
2025-12-03 02:06:00,PL02,LINE_D,C,HEAVY,50.66,1,0.7415,0.25,0.083,52.69,39.52,36.24,4.87,48.93,16.3,21.68,86.91,7.071,7.27,0.404
2025-12-03 02:07:00,PL01,LINE_A,B,STANDARD,28.22,1,0.7712,0.1169,0.0592,98.37,86.87,81.72,1.77,58.84,19.05,21.95,99.84,2.922,2.994,0.105
2025-12-03 02:32:00,PL01,LINE_D,C,STANDARD,32.64,1,0.7032,0.1351,0.1064,77.55,67.08,59.94,1.93,60.34,18.7,23.4,102.44,3.457,3.639,0.205
2025-12-03 02:52:00,PL02,LINE_D,A,HEAVY,41.56,1,0.8431,0.2251,0.15,73.03,56.59,48.1,5.29,49.02,22.38,27.03,98.43,7.028,7.335,0.793
2025-12-03 03:00:00,PL02,LINE_D,A,STANDARD,36.63,1,0.8371,0.0908,0.15,82.28,74.81,63.59,1.84,52.58,27.01,29.55,109.14,3.303,3.56,0.277
2025-12-03 04:35:00,PL01,LINE_C,C,STANDARD,47.63,1,0.8288,0.1985,0.15,62.65,50.21,42.68,2.0,58.14,14.68,24.34,97.16,3.931,4.272,0.299
2025-12-03 04:57:00,PL01,LINE_C,A,HEAVY,58.74,2,0.8352,0.1282,0.0372,102.37,89.24,85.92,4.6,52.01,27.0,18.4,97.41,5.687,5.729,0.171
2025-12-03 04:59:00,PL03,LINE_D,C,STANDARD,38.85,2,0.7122,0.0853,0.082,132.01,120.75,110.85,2.26,48.56,17.75,20.28,86.58,2.979,3.043,0.185
2025-12-03 05:24:00,PL02,LINE_B,A,STANDARD,27.56,2,0.9267,0.25,0.0412,242.13,181.6,174.12,1.93,52.22,19.0,20.25,91.47,2.437,2.459,0.08
2025-12-03 05:48:00,PL02,LINE_A,B,PREMIUM,43.92,2,0.8903,0.143,0.085,145.94,125.07,114.44,4.05,53.68,10.9,17.37,81.95,4.703,4.763,0.344
2025-12-03 06:57:00,PL01,LINE_A,B,STANDARD,29.09,1,0.8901,0.1258,0.0228,110.14,96.29,94.1,2.01,62.27,16.55,16.89,95.71,3.009,3.032,0.046
2025-12-03 08:20:00,PL01,LINE_C,C,HEAVY,58.43,2,0.8148,0.25,0.1107,100.4,75.3,66.97,4.59,58.94,18.55,18.55,96.04,5.862,6.021,0.508
2025-12-03 08:29:00,PL01,LINE_B,C,PREMIUM,55.16,2,0.8284,0.0147,0.1348,108.12,106.53,92.17,3.2,55.12,15.43,23.41,93.95,4.086,4.223,0.432
2025-12-03 08:44:00,PL01,LINE_C,A,HEAVY,34.79,1,0.773,0.0783,0.0578,79.99,73.72,69.46,3.66,54.2,22.11,15.98,92.29,4.914,4.991,0.212
2025-12-03 09:15:00,PL01,LINE_B,B,PREMIUM,36.98,1,0.8513,0.0537,0.0348,82.87,78.42,75.69,4.24,54.83,15.93,22.54,93.3,5.426,5.469,0.148
2025-12-03 09:18:00,PL03,LINE_A,A,PREMIUM,27.06,1,0.8664,0.0811,0.0342,115.28,105.94,102.32,3.6,51.5,17.85,17.25,86.6,4.416,4.445,0.123
2025-12-03 09:20:00,PL02,LINE_A,C,HEAVY,83.32,2,0.9368,0.25,0.0468,80.95,60.71,57.87,7.14,54.74,24.83,24.07,103.64,8.85,8.934,0.334
2025-12-03 09:36:00,PL02,LINE_C,C,HEAVY,52.76,2,0.8659,0.1909,0.0322,118.16,95.61,92.52,5.73,54.16,18.97,21.98,95.12,6.724,6.757,0.185
2025-12-03 10:15:00,PL03,LINE_D,C,STANDARD,54.75,1,0.7979,0.2194,0.079,52.46,40.96,37.72,2.1,52.36,16.1,24.01,92.47,4.36,4.554,0.166
2025-12-03 10:20:00,PL03,LINE_A,C,PREMIUM,56.09,2,0.8849,0.1196,0.0941,113.6,100.02,90.61,2.71,49.18,17.13,24.12,90.43,3.615,3.709,0.255
2025-12-03 10:45:00,PL01,LINE_C,C,STANDARD,34.62,1,0.8936,0.2383,0.0738,92.93,70.78,65.55,2.79,59.55,19.71,21.81,101.07,4.215,4.329,0.206
2025-12-03 10:51:00,PL01,LINE_A,C,STANDARD,42.73,4,0.9507,0.1017,0.0977,320.39,287.82,259.69,2.98,57.82,9.91,30.46,98.2,3.321,3.358,0.291
2025-12-03 10:53:00,PL01,LINE_D,B,PREMIUM,13.66,1,0.8526,0.1121,0.1203,224.64,199.46,175.47,3.51,57.01,10.18,22.23,89.42,3.958,4.019,0.422
2025-12-03 13:00:00,PL02,LINE_B,A,HEAVY,64.33,1,0.7498,0.1866,0.0479,41.96,34.13,32.5,6.34,49.33,26.31,22.42,98.06,9.215,9.36,0.304
2025-12-03 13:21:00,PL03,LINE_C,C,HEAVY,69.15,1,0.9179,0.026,0.1216,47.78,46.54,40.89,4.66,52.64,13.84,32.94,99.42,6.798,7.093,0.567
2025-12-03 14:10:00,PL01,LINE_B,C,STANDARD,27.65,2,0.8732,0.25,0.0702,227.37,170.53,158.56,2.18,58.62,19.97,23.41,101.99,2.775,2.82,0.153
2025-12-03 14:23:00,PL01,LINE_B,A,STANDARD,44.54,1,0.8006,0.25,0.15,64.71,48.53,41.25,1.7,52.67,23.5,19.25,95.42,3.667,4.014,0.255
2025-12-03 14:32:00,PL03,LINE_C,C,STANDARD,33.63,1,0.885,0.0216,0.1424,94.74,92.7,79.49,2.26,50.78,13.81,20.46,85.06,3.18,3.332,0.322
2025-12-03 14:37:00,PL03,LINE_A,A,STANDARD,36.81,2,0.814,0.0296,0.15,159.21,154.49,131.32,2.45,48.96,16.6,25.43,90.98,3.035,3.139,0.367
2025-12-03 14:40:00,PL02,LINE_B,A,STANDARD,32.72,2,0.8173,0.0595,0.0213,179.84,169.14,165.54,2.19,48.54,25.63,25.05,99.23,2.78,2.793,0.047
2025-12-03 14:46:00,PL01,LINE_C,C,STANDARD,17.39,4,0.8571,0.0969,0.15,709.59,640.8,544.68,1.8,60.82,24.97,19.95,105.73,1.966,1.995,0.27
2025-12-03 15:24:00,PL03,LINE_A,B,PREMIUM,64.4,1,0.7787,0.25,0.0422,43.53,32.65,31.27,3.57,43.61,19.34,25.23,88.18,6.267,6.386,0.151
2025-12-03 15:42:00,PL02,LINE_C,A,PREMIUM,50.63,2,0.8064,0.0165,0.15,114.68,112.79,95.87,4.61,52.37,18.05,19.76,90.19,5.407,5.548,0.691
2025-12-03 15:57:00,PL03,LINE_C,B,STANDARD,40.89,2,0.9582,0.25,0.15,168.74,126.55,107.57,1.88,46.9,13.23,18.25,78.38,2.499,2.609,0.282
2025-12-03 16:10:00,PL01,LINE_B,C,STANDARD,45.54,1,0.7953,0.1692,0.0113,62.87,52.24,51.65,1.74,62.35,20.87,22.62,105.84,3.761,3.784,0.02
2025-12-03 16:19:00,PL01,LINE_A,A,STANDARD,29.63,1,0.9561,0.1381,0.0822,116.15,100.11,91.88,2.16,52.83,18.75,22.38,93.96,3.097,3.181,0.177
2025-12-03 16:24:00,PL02,LINE_B,C,PREMIUM,75.71,2,0.8892,0.1509,0.15,84.57,71.81,61.04,2.2,51.6,18.57,19.73,89.9,3.454,3.675,0.33
2025-12-03 16:31:00,PL03,LINE_C,B,PREMIUM,44.1,1,0.86,0.25,0.1001,70.2,52.65,47.38,2.99,47.41,15.55,27.05,90.01,4.699,4.889,0.299
2025-12-03 16:39:00,PL02,LINE_B,C,PREMIUM,65.66,1,0.9091,0.1454,0.0839,49.85,42.6,39.02,3.19,53.74,19.34,26.9,99.98,5.538,5.753,0.268
2025-12-03 16:59:00,PL02,LINE_B,C,PREMIUM,34.46,1,0.8595,0.1946,0.1046,89.79,72.33,64.76,4.05,53.48,25.4,17.09,95.97,5.381,5.536,0.424
2025-12-03 17:01:00,PL02,LINE_A,B,PREMIUM,31.47,1,0.8625,0.25,0.15,98.67,74.0,62.9,4.21,48.83,19.45,20.12,88.4,5.403,5.614,0.631
2025-12-03 17:11:00,PL02,LINE_D,A,STANDARD,33.39,4,0.7421,0.0958,0.1323,320.01,289.35,251.06,2.3,49.28,11.9,21.65,82.83,2.587,2.63,0.304
2025-12-03 17:22:00,PL01,LINE_B,A,STANDARD,32.37,4,0.8671,0.25,0.15,385.78,289.34,245.94,1.63,60.17,12.18,19.68,92.03,1.947,2.003,0.244
2025-12-03 18:29:00,PL01,LINE_A,A,PREMIUM,47.46,2,0.8234,0.25,0.1366,124.92,93.69,80.89,2.6,53.81,24.44,23.64,101.89,3.687,3.859,0.355
2025-12-03 19:16:00,PL01,LINE_B,C,STANDARD,41.67,1,0.9588,0.064,0.0724,82.84,77.54,71.93,2.3,54.0,16.08,16.7,86.78,3.419,3.506,0.166
2025-12-03 20:32:00,PL01,LINE_B,C,STANDARD,41.03,1,0.8322,0.091,0.0232,73.01,66.37,64.83,1.74,58.79,14.67,25.1,98.55,3.225,3.26,0.04
2025-12-03 21:05:00,PL03,LINE_C,C,PREMIUM,39.06,1,0.8772,0.1208,0.0495,80.86,71.09,67.57,3.49,49.73,18.52,22.84,91.09,4.772,4.839,0.173
2025-12-03 21:50:00,PL02,LINE_B,B,STANDARD,33.87,1,0.8456,0.1062,0.0162,89.88,80.34,79.03,1.91,52.49,16.72,22.51,91.72,3.048,3.067,0.031
2025-12-03 23:59:00,PL02,LINE_A,A,PREMIUM,64.5,2,0.8958,0.1115,0.0524,100.0,88.85,84.19,2.64,52.48,12.49,18.14,83.1,3.573,3.625,0.138
2025-12-04 01:20:00,PL01,LINE_A,B,STANDARD,34.95,1,0.7956,0.1718,0.1155,81.95,67.87,60.03,2.93,57.96,25.48,25.14,108.58,4.528,4.737,0.338
2025-12-04 01:21:00,PL01,LINE_C,A,STANDARD,28.5,1,0.8292,0.25,0.15,104.74,78.55,66.77,2.34,51.72,18.94,20.68,91.34,3.507,3.712,0.352
2025-12-04 01:43:00,PL01,LINE_C,B,STANDARD,43.85,2,0.9058,0.1124,0.0188,148.73,132.01,129.53,2.32,57.21,16.8,22.43,96.44,3.051,3.065,0.044
2025-12-04 02:01:00,PL03,LINE_D,C,STANDARD,31.7,2,0.872,0.0746,0.15,198.04,183.26,155.77,2.33,49.42,14.95,30.61,94.98,2.853,2.944,0.35
2025-12-04 02:06:00,PL02,LINE_D,A,PREMIUM,29.34,2,0.7931,0.1497,0.1284,194.64,165.5,144.26,3.45,51.04,18.18,16.94,86.16,3.967,4.044,0.442
2025-12-04 02:33:00,PL03,LINE_B,B,PREMIUM,57.21,1,0.7624,0.1061,0.15,47.97,42.88,36.45,3.39,50.94,14.06,10.31,75.31,5.15,5.459,0.509
2025-12-04 03:52:00,PL02,LINE_B,C,PREMIUM,37.93,1,0.8944,0.0374,0.0812,84.89,81.72,75.08,3.26,56.16,18.15,28.92,103.24,4.524,4.636,0.265
2025-12-04 04:12:00,PL01,LINE_C,C,PREMIUM,36.72,1,0.849,0.2339,0.0676,83.23,63.77,59.46,3.06,58.35,22.36,33.57,114.29,4.856,4.986,0.207
2025-12-04 05:28:00,PL02,LINE_B,C,HEAVY,71.37,1,0.8768,0.17,0.1197,44.23,36.71,32.31,4.98,55.15,18.59,25.49,99.23,7.679,8.046,0.595
2025-12-04 05:49:00,PL03,LINE_A,C,PREMIUM,43.29,1,0.943,0.1125,0.0822,78.43,69.6,63.88,3.54,49.19,20.6,22.21,92.0,4.86,4.978,0.291
2025-12-04 07:12:00,PL01,LINE_A,B,HEAVY,62.46,1,0.8248,0.0613,0.15,47.54,44.63,37.93,4.4,58.45,20.98,16.77,96.19,6.552,6.932,0.659
2025-12-04 07:45:00,PL02,LINE_C,B,PREMIUM,35.74,4,0.895,0.1745,0.0412,360.57,297.66,285.41,3.51,52.18,16.43,24.85,93.45,3.824,3.837,0.144
2025-12-04 08:06:00,PL01,LINE_B,B,STANDARD,35.67,2,0.7861,0.25,0.0685,158.69,119.02,110.87,1.89,55.74,19.14,31.92,106.8,2.792,2.858,0.13
2025-12-04 08:43:00,PL02,LINE_A,B,PREMIUM,65.54,2,0.8217,0.1596,0.0425,90.27,75.86,72.64,3.15,49.31,13.41,24.26,86.98,4.292,4.343,0.134
2025-12-04 08:51:00,PL01,LINE_A,C,STANDARD,31.68,1,0.8235,0.0312,0.029,93.58,90.66,88.03,2.16,59.54,14.16,26.96,100.66,3.272,3.305,0.063
2025-12-04 09:02:00,PL02,LINE_B,B,HEAVY,35.2,2,0.766,0.0974,0.0843,156.68,141.42,129.5,5.43,53.93,25.54,23.54,103.0,6.155,6.222,0.457
2025-12-04 10:10:00,PL02,LINE_C,B,HEAVY,56.89,1,0.9636,0.25,0.0374,60.97,45.73,44.02,5.27,50.28,24.72,17.6,92.6,7.29,7.369,0.197
2025-12-04 11:07:00,PL03,LINE_B,A,STANDARD,39.63,1,0.857,0.25,0.0454,77.85,58.39,55.74,2.66,47.48,20.08,27.89,95.45,4.292,4.37,0.121
2025-12-04 11:57:00,PL01,LINE_A,A,STANDARD,54.05,1,0.975,0.0272,0.0281,64.94,63.17,61.39,2.36,53.93,17.02,20.91,91.86,3.816,3.858,0.066
2025-12-04 12:40:00,PL02,LINE_B,C,PREMIUM,42.66,2,0.7513,0.0252,0.15,126.81,123.62,105.08,3.66,54.5,17.59,25.83,97.92,4.451,4.591,0.549
2025-12-04 13:14:00,PL02,LINE_B,B,STANDARD,37.33,1,0.8552,0.0449,0.0807,82.47,78.77,72.42,2.59,51.41,18.71,18.34,88.46,3.716,3.815,0.209
2025-12-04 13:29:00,PL03,LINE_C,A,STANDARD,32.7,1,0.8412,0.0793,0.0714,92.6,85.25,79.17,2.24,47.45,21.17,24.94,93.55,3.335,3.419,0.16
2025-12-04 13:35:00,PL01,LINE_C,B,STANDARD,35.75,1,0.7618,0.0211,0.0523,76.72,75.1,71.17,2.55,58.61,18.76,17.31,94.69,3.807,3.877,0.133
2025-12-04 14:00:00,PL03,LINE_B,B,STANDARD,36.06,2,0.8904,0.0495,0.0223,177.76,168.96,165.18,2.08,50.57,10.99,17.83,79.38,2.547,2.558,0.046
2025-12-04 15:09:00,PL01,LINE_A,C,PREMIUM,39.1,4,0.812,0.1523,0.15,299.07,253.5,215.48,3.47,58.94,12.25,26.88,98.06,3.854,3.923,0.52
2025-12-04 15:22:00,PL03,LINE_D,B,STANDARD,27.64,1,0.8652,0.1709,0.0553,112.7,93.44,88.26,2.16,49.04,12.9,23.84,85.78,3.074,3.128,0.119
2025-12-04 15:24:00,PL02,LINE_B,C,STANDARD,36.47,1,0.8425,0.1796,0.0737,83.16,68.22,63.19,2.91,51.93,16.42,17.43,85.78,4.168,4.268,0.215
2025-12-04 16:19:00,PL02,LINE_A,C,HEAVY,66.88,1,0.8408,0.0768,0.1032,45.26,41.78,37.47,4.73,55.05,20.34,21.94,97.33,7.064,7.332,0.489
2025-12-04 16:51:00,PL01,LINE_C,A,STANDARD,36.84,1,0.9076,0.0449,0.0329,88.7,84.72,81.94,2.06,55.78,24.04,25.57,105.39,3.299,3.341,0.068
2025-12-04 17:27:00,PL03,LINE_B,C,PREMIUM,62.17,2,0.7926,0.1642,0.15,91.79,76.72,65.21,2.97,48.17,17.79,21.49,87.45,4.108,4.309,0.445
2025-12-04 17:32:00,PL02,LINE_A,C,HEAVY,63.3,1,0.9181,0.23,0.15,52.21,40.2,34.17,6.1,49.83,18.3,20.43,88.56,8.304,8.693,0.915
2025-12-04 18:03:00,PL03,LINE_C,C,STANDARD,30.84,1,0.8907,0.1449,0.1049,103.97,88.9,79.57,2.11,49.48,13.24,27.78,90.51,3.128,3.248,0.221
2025-12-04 19:26:00,PL03,LINE_B,A,STANDARD,42.71,1,0.7974,0.25,0.0908,67.22,50.41,45.84,2.13,47.03,18.21,25.59,90.84,3.927,4.107,0.193
2025-12-04 20:03:00,PL03,LINE_A,C,PREMIUM,26.79,4,0.7905,0.1741,0.0725,424.87,350.9,325.47,2.96,50.41,18.59,26.69,95.7,3.235,3.257,0.215
2025-12-04 20:15:00,PL02,LINE_A,B,STANDARD,33.59,1,0.819,0.0579,0.0384,87.77,82.69,79.51,2.33,53.01,22.55,24.94,100.5,3.548,3.597,0.09
2025-12-04 20:24:00,PL03,LINE_B,A,STANDARD,28.43,4,0.925,0.0205,0.11,468.51,458.89,408.43,1.58,45.28,22.24,18.74,86.26,1.773,1.796,0.174
2025-12-04 20:39:00,PL01,LINE_A,C,PREMIUM,44.55,2,0.8256,0.1256,0.0358,133.45,116.68,112.5,3.21,57.17,15.47,26.07,98.7,4.057,4.088,0.115
2025-12-04 20:42:00,PL03,LINE_C,C,PREMIUM,48.24,1,0.8711,0.2308,0.0835,65.01,50.01,45.83,2.79,48.33,18.81,19.79,86.93,4.53,4.688,0.233
2025-12-04 23:17:00,PL02,LINE_A,C,HEAVY,113.36,1,0.9398,0.1361,0.15,29.85,25.78,21.92,4.3,54.0,22.95,22.68,99.64,8.169,8.851,0.646
2025-12-04 23:30:00,PL02,LINE_B,B,PREMIUM,42.01,1,0.8912,0.1888,0.1048,76.37,61.96,55.46,3.25,51.3,22.31,18.06,91.68,4.731,4.905,0.341
2025-12-04 23:31:00,PL02,LINE_B,A,STANDARD,32.51,1,0.8272,0.0653,0.15,91.6,85.62,72.77,2.36,51.14,18.84,14.26,84.24,3.341,3.515,0.354
2025-12-04 23:44:00,PL02,LINE_B,C,PREMIUM,66.77,1,0.7418,0.25,0.1188,40.0,30.0,26.43,2.75,56.66,18.58,26.92,102.17,6.152,6.612,0.326
2025-12-05 00:07:00,PL01,LINE_B,B,PREMIUM,42.12,1,0.8143,0.0831,0.0643,69.6,63.82,59.71,3.05,60.39,21.88,18.99,101.27,4.64,4.749,0.196
2025-12-05 01:49:00,PL01,LINE_A,B,STANDARD,38.14,2,0.8029,0.0797,0.0041,151.57,139.49,138.92,2.48,54.3,13.69,28.2,96.2,3.165,3.168,0.01
2025-12-05 02:21:00,PL01,LINE_D,C,STANDARD,28.64,1,0.7673,0.1699,0.0627,96.47,80.08,75.06,1.65,58.28,16.72,27.46,102.46,2.925,3.011,0.103
2025-12-05 02:38:00,PL01,LINE_A,B,STANDARD,37.2,1,0.8825,0.2224,0.037,85.4,66.41,63.95,2.96,50.57,22.22,15.45,88.24,4.293,4.344,0.11
2025-12-05 02:58:00,PL01,LINE_D,B,STANDARD,38.25,1,0.8645,0.25,0.04,81.36,61.02,58.58,1.73,58.25,18.59,24.66,101.49,3.394,3.463,0.069
2025-12-05 03:17:00,PL02,LINE_D,C,STANDARD,29.23,1,0.8772,0.25,0.15,108.05,81.04,68.88,2.59,53.91,26.3,16.14,96.35,3.782,3.992,0.389
2025-12-05 03:24:00,PL03,LINE_A,C,PREMIUM,50.58,1,0.8036,0.1825,0.0563,57.19,46.75,44.12,2.56,47.71,18.58,27.61,93.91,4.571,4.69,0.144
2025-12-05 03:29:00,PL01,LINE_C,A,STANDARD,31.12,4,0.8427,0.25,0.1251,389.88,292.41,255.84,2.1,56.68,22.86,12.55,92.09,2.418,2.463,0.263
2025-12-05 04:05:00,PL02,LINE_B,A,PREMIUM,44.03,4,0.7915,0.1928,0.15,258.83,208.92,177.58,2.66,51.7,18.67,29.92,100.3,3.138,3.223,0.399
2025-12-05 04:58:00,PL02,LINE_C,B,HEAVY,54.92,1,0.8924,0.25,0.0149,58.49,43.87,43.22,5.55,53.55,18.34,17.31,89.21,7.583,7.614,0.082
2025-12-05 05:22:00,PL02,LINE_B,A,STANDARD,23.27,1,0.9039,0.1787,0.0833,139.82,114.83,105.27,2.57,53.97,18.5,23.88,96.35,3.405,3.482,0.214
2025-12-05 05:49:00,PL02,LINE_A,A,STANDARD,29.38,1,0.9568,0.0752,0.1369,117.26,108.44,93.6,2.01,50.51,20.53,19.49,90.54,2.84,2.973,0.275
2025-12-05 06:53:00,PL03,LINE_C,B,HEAVY,57.09,1,0.8429,0.1211,0.0592,53.15,46.72,43.95,4.65,47.26,20.9,11.95,80.11,6.363,6.471,0.275
2025-12-05 08:18:00,PL01,LINE_C,A,PREMIUM,39.46,2,0.9315,0.25,0.15,169.98,127.49,108.36,3.22,55.14,16.24,17.93,89.32,3.923,4.046,0.483
2025-12-05 09:08:00,PL03,LINE_A,C,STANDARD,63.34,2,0.8404,0.1205,0.0428,95.54,84.03,80.43,2.04,49.75,19.83,17.68,87.25,3.073,3.12,0.087
2025-12-05 09:10:00,PL03,LINE_C,C,STANDARD,39.87,2,0.8586,0.0861,0.1157,155.07,141.72,125.33,2.13,55.01,22.45,24.79,102.25,2.848,2.942,0.246
2025-12-05 09:30:00,PL02,LINE_D,B,STANDARD,41.07,1,0.8586,0.0826,0.15,75.26,69.04,58.69,1.98,51.07,13.99,24.32,89.38,3.277,3.505,0.297
2025-12-05 09:43:00,PL02,LINE_A,A,HEAVY,53.88,1,0.873,0.2227,0.1214,58.33,45.34,39.84,4.27,50.87,25.14,26.39,102.39,6.532,6.844,0.519
2025-12-05 10:16:00,PL01,LINE_D,C,HEAVY,48.34,2,0.8279,0.065,0.15,123.31,115.29,98.0,5.11,57.87,21.12,23.16,102.15,5.991,6.148,0.766
2025-12-05 11:56:00,PL01,LINE_A,A,HEAVY,107.37,1,0.8138,0.2035,0.1002,27.29,21.73,19.56,6.85,58.78,13.94,20.04,92.76,11.115,11.59,0.686
2025-12-05 11:56:00,PL02,LINE_A,A,STANDARD,32.16,2,0.8146,0.1198,0.0727,182.35,160.49,148.83,2.45,48.44,20.35,10.12,78.9,2.942,2.98,0.178
2025-12-05 12:29:00,PL02,LINE_A,C,STANDARD,42.4,1,0.8523,0.1474,0.092,72.37,61.7,56.02,1.84,55.01,18.23,11.34,84.58,3.212,3.351,0.169
2025-12-05 14:04:00,PL03,LINE_B,C,PREMIUM,50.16,2,0.92,0.214,0.0939,132.06,103.8,94.05,3.02,52.17,16.7,29.26,98.13,3.962,4.06,0.283
2025-12-05 14:18:00,PL03,LINE_D,C,HEAVY,70.88,2,0.8288,0.0636,0.1409,84.19,78.83,67.72,5.78,50.17,20.44,24.59,95.2,6.985,7.183,0.814
2025-12-05 14:21:00,PL01,LINE_A,A,STANDARD,29.44,2,0.7528,0.1567,0.15,184.12,155.27,131.98,2.34,58.72,21.49,19.26,99.47,2.985,3.098,0.352
2025-12-05 14:28:00,PL02,LINE_C,A,HEAVY,52.77,1,0.8786,0.0918,0.1461,59.94,54.44,46.48,3.96,51.62,22.82,18.96,93.4,5.674,5.968,0.578
2025-12-05 14:42:00,PL01,LINE_D,B,STANDARD,31.62,2,0.8107,0.0781,0.0374,184.58,170.16,163.8,2.57,58.6,19.79,30.54,108.94,3.209,3.234,0.096
2025-12-05 14:52:00,PL03,LINE_C,C,PREMIUM,44.72,2,0.7381,0.25,0.1385,118.84,89.13,76.79,3.22,49.34,21.07,23.84,94.24,4.28,4.45,0.446
2025-12-05 16:35:00,PL01,LINE_B,C,STANDARD,28.43,4,0.8504,0.1098,0.0773,430.8,383.49,353.83,2.17,55.96,18.41,20.18,94.55,2.419,2.439,0.168
2025-12-05 16:41:00,PL01,LINE_B,C,PREMIUM,41.46,1,0.7843,0.0613,0.0133,68.1,63.93,63.08,3.16,54.89,20.75,17.57,93.2,4.621,4.641,0.042
2025-12-05 16:48:00,PL02,LINE_B,A,STANDARD,34.51,2,0.8223,0.0328,0.15,171.56,165.94,141.05,1.37,49.01,12.96,32.54,94.51,1.936,2.036,0.205
2025-12-05 16:53:00,PL01,LINE_A,C,PREMIUM,57.88,1,0.7861,0.1389,0.15,48.9,42.1,35.79,3.19,59.24,23.67,23.55,106.45,5.718,6.164,0.478
2025-12-05 17:03:00,PL03,LINE_B,A,STANDARD,30.02,1,0.9326,0.0663,0.056,111.82,104.41,98.56,1.99,45.76,14.25,31.19,91.2,2.867,2.919,0.112
2025-12-05 17:30:00,PL01,LINE_C,C,PREMIUM,33.4,2,0.8949,0.0762,0.0299,192.93,178.22,172.89,3.7,59.88,22.0,24.63,106.52,4.3,4.318,0.111
2025-12-05 18:18:00,PL01,LINE_B,B,STANDARD,45.33,2,0.9397,0.25,0.0995,149.27,111.95,100.81,2.38,58.39,21.14,26.22,105.76,3.321,3.425,0.236
2025-12-05 18:29:00,PL01,LINE_C,C,PREMIUM,40.62,2,0.9089,0.0851,0.1236,161.13,147.41,129.19,3.12,56.92,17.69,22.14,96.75,3.776,3.869,0.386
2025-12-05 18:41:00,PL02,LINE_C,B,STANDARD,43.76,2,0.8838,0.076,0.0249,145.41,134.37,131.02,1.94,49.32,19.67,25.22,94.21,2.643,2.661,0.048
2025-12-05 18:52:00,PL02,LINE_C,A,STANDARD,30.09,4,0.8032,0.0595,0.15,384.44,361.56,307.32,2.26,51.76,21.07,11.05,83.88,2.488,2.529,0.338
2025-12-05 18:52:00,PL03,LINE_C,A,PREMIUM,42.82,2,0.9564,0.119,0.0764,160.81,141.68,130.85,2.76,45.0,17.47,25.4,87.88,3.376,3.428,0.211
2025-12-05 18:53:00,PL02,LINE_C,C,STANDARD,54.21,1,0.8426,0.25,0.15,55.95,41.97,35.67,1.71,51.96,16.95,16.68,85.59,3.748,4.108,0.256
2025-12-05 19:08:00,PL01,LINE_B,C,STANDARD,41.55,1,0.8205,0.25,0.1346,71.1,53.33,46.15,2.21,60.11,8.71,18.51,87.33,3.852,4.107,0.298
2025-12-05 19:14:00,PL01,LINE_D,A,STANDARD,33.07,1,0.7478,0.2195,0.15,81.4,63.54,54.01,2.27,57.34,15.09,18.55,90.98,3.7,3.953,0.34
2025-12-05 21:24:00,PL01,LINE_A,C,STANDARD,43.09,1,0.9671,0.0392,0.15,80.8,77.64,65.99,1.91,60.58,16.03,27.97,104.58,3.257,3.494,0.286
2025-12-05 21:46:00,PL02,LINE_D,A,STANDARD,36.74,1,0.7886,0.1081,0.1054,77.28,68.92,61.66,2.96,50.67,24.33,24.25,99.25,4.399,4.569,0.312
2025-12-05 22:40:00,PL02,LINE_D,B,STANDARD,20.22,2,0.916,0.1994,0.128,326.16,261.13,227.71,1.96,48.32,21.04,26.16,95.52,2.323,2.377,0.25
2025-12-06 00:57:00,PL02,LINE_B,A,HEAVY,51.63,1,0.839,0.25,0.15,58.5,43.88,37.29,4.51,50.0,21.15,20.75,91.9,6.609,6.979,0.677
2025-12-06 01:33:00,PL02,LINE_B,B,STANDARD,58.66,2,0.8904,0.25,0.0987,109.29,81.97,73.88,2.51,50.71,16.1,23.17,89.97,3.608,3.729,0.248
2025-12-06 03:11:00,PL01,LINE_C,B,PREMIUM,29.71,4,0.7673,0.25,0.0413,371.94,278.96,267.45,3.89,56.65,26.04,26.23,108.92,4.282,4.299,0.161
2025-12-06 03:13:00,PL01,LINE_B,C,PREMIUM,33.92,4,0.9188,0.1483,0.0375,390.04,332.2,319.75,2.97,59.18,15.08,18.04,92.3,3.246,3.257,0.111
2025-12-06 04:14:00,PL01,LINE_A,B,HEAVY,53.48,2,0.9642,0.163,0.15,129.82,108.66,92.36,6.04,61.88,21.87,16.57,100.32,6.964,7.127,0.906
2025-12-06 04:22:00,PL01,LINE_D,B,STANDARD,43.92,1,0.8361,0.2102,0.15,68.54,54.13,46.01,2.3,55.01,22.51,25.25,102.76,4.198,4.533,0.345
2025-12-06 05:12:00,PL01,LINE_D,B,STANDARD,31.02,1,0.8376,0.1881,0.15,97.19,78.91,67.07,1.24,56.01,15.17,24.04,95.22,2.447,2.66,0.186
2025-12-06 07:16:00,PL03,LINE_D,A,STANDARD,35.41,1,0.7697,0.25,0.0997,78.26,58.69,52.84,2.36,43.39,22.29,23.2,88.88,3.878,4.046,0.236
2025-12-06 07:50:00,PL01,LINE_B,C,PREMIUM,48.1,1,0.9172,0.2474,0.0459,68.65,51.66,49.29,3.67,55.66,21.49,23.92,101.08,5.631,5.725,0.169
2025-12-06 08:06:00,PL02,LINE_C,B,STANDARD,27.24,1,0.7621,0.0885,0.15,100.73,91.81,78.04,1.7,50.89,17.85,16.28,85.02,2.63,2.793,0.256
2025-12-06 08:29:00,PL01,LINE_C,A,PREMIUM,52.08,2,0.9214,0.096,0.1485,127.4,115.16,98.06,2.78,55.15,24.21,20.93,100.29,3.651,3.803,0.413
2025-12-06 09:38:00,PL02,LINE_B,C,STANDARD,33.74,4,0.7808,0.0698,0.0846,333.19,309.93,283.73,2.65,51.69,17.05,14.11,82.84,2.921,2.945,0.224
2025-12-06 10:13:00,PL02,LINE_A,C,STANDARD,31.8,1,0.8661,0.1459,0.0635,98.06,83.75,78.43,2.69,54.64,24.96,23.36,102.96,3.916,4.0,0.171
2025-12-06 10:24:00,PL03,LINE_B,C,STANDARD,28.98,1,0.8377,0.2249,0.0651,104.04,80.64,75.39,1.44,48.56,24.5,24.34,97.4,2.647,2.732,0.094
2025-12-06 10:46:00,PL01,LINE_A,A,STANDARD,45.23,1,0.9517,0.091,0.15,75.74,68.85,58.52,2.16,54.95,15.34,19.01,89.3,3.459,3.688,0.324
2025-12-06 11:53:00,PL01,LINE_B,B,PREMIUM,32.44,2,0.7679,0.1449,0.0847,170.47,145.76,133.42,3.29,51.74,16.49,19.49,87.72,3.893,3.948,0.279
2025-12-06 11:57:00,PL02,LINE_B,B,STANDARD,43.91,2,0.9072,0.1577,0.15,148.76,125.3,106.51,2.0,52.12,16.75,18.8,87.67,2.698,2.821,0.3
2025-12-06 12:43:00,PL02,LINE_D,A,PREMIUM,41.19,1,0.7536,0.1881,0.1125,65.87,53.48,47.46,2.18,47.32,10.59,17.91,75.83,3.598,3.778,0.245
2025-12-06 13:18:00,PL03,LINE_C,B,HEAVY,46.88,1,0.7922,0.25,0.0492,60.83,45.63,43.38,5.52,49.84,20.24,14.99,85.07,7.384,7.48,0.271
2025-12-06 13:19:00,PL01,LINE_C,A,PREMIUM,46.34,2,0.8114,0.0486,0.0267,126.07,119.94,116.74,4.2,49.76,14.1,26.51,90.37,4.95,4.97,0.112
2025-12-06 13:41:00,PL03,LINE_D,C,PREMIUM,73.28,2,0.782,0.2367,0.15,76.84,58.64,49.85,3.71,51.65,28.56,28.11,108.32,5.557,5.883,0.556
2025-12-06 13:49:00,PL02,LINE_D,A,STANDARD,25.22,2,0.9054,0.25,0.1266,258.53,193.9,169.36,1.85,47.94,21.75,20.92,90.6,2.313,2.381,0.234
2025-12-06 14:13:00,PL02,LINE_B,A,STANDARD,42.58,1,0.8786,0.1426,0.0703,74.29,63.7,59.22,3.08,49.84,22.18,32.85,104.87,4.729,4.853,0.217
2025-12-06 14:49:00,PL01,LINE_D,A,STANDARD,33.91,1,0.7732,0.1441,0.15,82.08,70.25,59.72,2.03,55.13,10.94,23.52,89.58,3.305,3.53,0.304
2025-12-06 18:07:00,PL01,LINE_A,C,STANDARD,45.48,2,0.9492,0.25,0.0321,150.27,112.7,109.08,2.26,60.39,16.98,33.58,110.95,3.244,3.277,0.073
2025-12-06 18:24:00,PL02,LINE_D,C,PREMIUM,30.92,1,0.7992,0.25,0.15,93.04,69.78,59.31,3.38,52.18,16.25,15.95,84.38,4.586,4.8,0.507
2025-12-06 18:31:00,PL02,LINE_B,B,STANDARD,46.03,1,0.7843,0.1454,0.0504,61.34,52.42,49.78,1.83,55.17,22.39,18.69,96.25,3.666,3.763,0.092
2025-12-06 19:27:00,PL01,LINE_C,A,PREMIUM,67.93,2,0.8949,0.25,0.0158,94.85,71.14,70.01,3.95,54.74,18.29,25.58,98.61,5.334,5.356,0.062
2025-12-06 19:32:00,PL01,LINE_A,A,HEAVY,53.5,1,0.8652,0.25,0.15,58.22,43.67,37.12,5.72,53.6,17.41,23.39,94.39,7.883,8.265,0.858
2025-12-06 20:14:00,PL02,LINE_C,A,STANDARD,41.95,2,0.8734,0.1516,0.0408,149.91,127.19,122.0,1.56,51.46,15.75,21.09,88.3,2.252,2.281,0.064
2025-12-06 20:27:00,PL01,LINE_B,C,HEAVY,72.01,1,0.9287,0.25,0.064,46.43,34.82,32.59,5.22,57.35,27.69,17.5,102.54,8.163,8.364,0.334
2025-12-06 20:46:00,PL01,LINE_B,B,STANDARD,33.38,1,0.8958,0.25,0.0023,96.61,72.46,72.29,1.87,55.22,19.82,21.43,96.47,3.203,3.206,0.004
2025-12-06 21:00:00,PL01,LINE_A,C,STANDARD,56.92,2,0.851,0.25,0.0883,107.65,80.74,73.61,1.54,56.32,17.36,24.59,98.28,2.752,2.87,0.135
2025-12-06 21:17:00,PL01,LINE_B,A,STANDARD,45.63,1,0.786,0.1039,0.1295,62.01,55.57,48.37,2.22,54.94,14.15,14.07,83.17,3.718,3.94,0.288
2025-12-06 21:30:00,PL01,LINE_B,A,STANDARD,44.49,2,0.9295,0.1201,0.0693,150.42,132.35,123.18,1.55,54.38,20.23,29.8,104.4,2.342,2.401,0.108
2025-12-06 21:49:00,PL01,LINE_A,A,STANDARD,41.82,4,0.8015,0.25,0.0915,275.95,206.96,188.03,1.96,54.65,15.01,16.19,85.86,2.37,2.412,0.179
2025-12-06 23:15:00,PL01,LINE_C,C,PREMIUM,39.42,4,0.8574,0.1695,0.0557,313.22,260.13,245.64,3.96,55.59,16.6,16.11,88.29,4.296,4.316,0.22
2025-12-06 23:19:00,PL02,LINE_C,A,STANDARD,34.06,1,0.8577,0.2499,0.0376,90.65,68.0,65.44,2.41,44.54,13.36,19.55,77.46,3.547,3.592,0.091
2025-12-06 23:45:00,PL01,LINE_C,C,PREMIUM,67.33,1,0.9059,0.2348,0.031,48.44,37.06,35.91,3.16,56.36,21.63,16.49,94.48,5.706,5.788,0.098
2025-12-07 01:01:00,PL03,LINE_D,C,PREMIUM,40.93,1,0.9417,0.2205,0.15,82.82,64.56,54.88,2.89,49.1,26.69,20.83,96.62,4.385,4.649,0.433
2025-12-07 01:01:00,PL01,LINE_A,C,PREMIUM,40.52,1,0.8155,0.25,0.0891,72.45,54.34,49.5,3.12,58.76,11.11,23.91,93.77,4.85,5.019,0.279
2025-12-07 01:32:00,PL02,LINE_B,A,STANDARD,53.55,1,0.7645,0.113,0.0615,51.39,45.59,42.78,1.58,46.32,17.42,18.62,82.36,3.389,3.508,0.097
2025-12-07 02:50:00,PL01,LINE_A,B,PREMIUM,44.6,4,0.9449,0.0703,0.1419,305.08,283.64,243.39,3.53,58.25,20.95,16.65,95.85,3.867,3.923,0.501
2025-12-07 03:19:00,PL01,LINE_A,B,PREMIUM,57.23,1,0.8425,0.1043,0.1478,53.0,47.47,40.46,3.04,55.04,15.7,22.51,93.24,5.002,5.343,0.449
2025-12-07 03:29:00,PL01,LINE_C,C,STANDARD,26.1,2,0.8716,0.1415,0.0646,240.4,206.38,193.04,2.34,56.18,27.3,24.16,107.63,2.866,2.902,0.151
2025-12-07 05:07:00,PL02,LINE_A,A,STANDARD,39.36,4,0.797,0.1634,0.0559,291.58,243.94,230.31,1.48,51.06,12.94,14.39,78.39,1.799,1.818,0.083
2025-12-07 06:37:00,PL01,LINE_C,A,STANDARD,47.59,1,0.867,0.1037,0.15,65.58,58.78,49.96,1.87,53.09,19.64,22.28,95.02,3.484,3.769,0.28
2025-12-07 06:57:00,PL01,LINE_C,B,PREMIUM,33.5,1,0.8618,0.0341,0.1495,92.6,89.45,76.07,4.09,52.72,18.28,22.92,93.91,5.138,5.323,0.611
2025-12-07 07:11:00,PL01,LINE_B,B,STANDARD,41.77,1,0.8845,0.25,0.0823,76.23,57.17,52.47,2.01,53.36,21.09,21.73,96.18,3.691,3.842,0.165
2025-12-07 07:30:00,PL01,LINE_A,A,STANDARD,38.68,1,0.7691,0.094,0.1059,71.57,64.85,57.98,1.88,56.28,15.24,20.76,92.28,3.306,3.475,0.199
2025-12-07 07:38:00,PL01,LINE_B,C,STANDARD,37.8,1,0.9169,0.2378,0.15,87.32,66.55,56.57,2.3,60.55,18.91,20.45,99.9,3.802,4.067,0.345
2025-12-07 08:42:00,PL02,LINE_B,C,STANDARD,29.77,1,0.8456,0.25,0.1307,102.25,76.69,66.66,2.23,54.11,16.01,21.11,91.24,3.417,3.596,0.291
2025-12-07 09:01:00,PL01,LINE_C,A,STANDARD,29.87,4,0.8582,0.1946,0.15,413.71,333.2,283.22,2.66,55.79,22.54,18.48,96.82,2.947,2.998,0.398
2025-12-07 09:42:00,PL03,LINE_C,A,PREMIUM,47.59,1,0.8461,0.25,0.0658,64.0,48.0,44.84,3.64,48.1,8.94,28.94,85.98,5.43,5.556,0.239
2025-12-07 11:09:00,PL01,LINE_C,C,STANDARD,43.31,2,0.8734,0.1167,0.076,145.19,128.24,118.5,2.37,60.72,16.48,20.83,98.03,3.139,3.202,0.18
2025-12-07 11:25:00,PL01,LINE_D,A,STANDARD,37.32,1,0.8178,0.2299,0.15,78.89,60.75,51.64,2.1,55.11,21.38,26.5,102.99,3.792,4.091,0.314
2025-12-07 12:01:00,PL01,LINE_A,B,PREMIUM,46.13,1,0.8267,0.2061,0.0417,64.51,51.21,49.08,3.44,55.34,19.31,22.35,97.0,5.334,5.416,0.143
2025-12-07 12:23:00,PL02,LINE_C,A,STANDARD,23.5,2,0.9293,0.1079,0.0717,284.74,254.03,235.83,2.77,50.38,25.09,24.27,99.75,3.162,3.192,0.198
2025-12-07 12:52:00,PL01,LINE_B,C,STANDARD,40.52,1,0.8071,0.1042,0.15,71.7,64.23,54.6,1.84,57.81,21.89,21.74,101.45,3.422,3.701,0.276
2025-12-07 12:55:00,PL01,LINE_C,C,PREMIUM,39.68,2,0.8704,0.0209,0.15,157.95,154.64,131.45,3.91,58.3,20.78,23.9,102.99,4.58,4.698,0.587
2025-12-07 13:19:00,PL01,LINE_A,A,STANDARD,39.21,4,0.9735,0.1476,0.0682,357.49,304.7,283.93,2.04,57.32,15.53,25.49,98.34,2.363,2.386,0.139
2025-12-07 14:18:00,PL01,LINE_C,B,HEAVY,70.19,2,0.8038,0.0352,0.15,82.46,79.56,67.62,6.92,56.66,20.4,20.73,97.8,8.151,8.368,1.038
2025-12-07 16:01:00,PL02,LINE_C,A,PREMIUM,55.53,2,0.8065,0.25,0.0511,104.57,78.43,74.42,2.95,48.39,20.6,13.68,82.66,4.007,4.064,0.151
2025-12-07 16:13:00,PL02,LINE_A,B,STANDARD,50.26,1,0.751,0.0707,0.0815,53.8,50.0,45.92,2.23,50.31,14.45,25.09,89.86,4.025,4.184,0.182
2025-12-07 16:30:00,PL02,LINE_B,B,HEAVY,71.74,2,0.8503,0.1426,0.0242,85.33,73.16,71.4,5.08,50.53,22.8,23.46,96.8,6.403,6.436,0.123
2025-12-07 16:33:00,PL01,LINE_C,B,STANDARD,26.64,1,0.8983,0.1186,0.15,121.4,107.01,90.96,2.03,57.46,15.86,21.55,94.87,2.914,3.07,0.304
2025-12-07 16:44:00,PL02,LINE_C,A,PREMIUM,46.03,2,0.8234,0.25,0.1458,128.81,96.61,82.52,2.91,47.91,16.27,28.01,92.19,3.865,4.028,0.424
2025-12-07 17:33:00,PL02,LINE_C,B,PREMIUM,36.1,1,0.8478,0.2034,0.1173,84.55,67.35,59.45,3.38,50.64,16.67,24.92,92.23,4.754,4.936,0.397
2025-12-07 17:39:00,PL01,LINE_A,B,HEAVY,92.39,2,0.8579,0.0951,0.0968,66.85,60.5,54.64,6.41,56.46,18.5,14.97,89.93,7.9,8.059,0.621
2025-12-07 17:51:00,PL03,LINE_A,C,STANDARD,37.31,1,0.9141,0.25,0.1226,88.19,66.14,58.03,2.58,51.09,11.47,20.35,82.92,3.836,4.011,0.317
2025-12-07 18:36:00,PL01,LINE_B,C,STANDARD,29.13,1,0.8907,0.0876,0.0108,110.06,100.42,99.34,1.73,59.03,19.38,19.24,97.64,2.706,2.716,0.019
2025-12-07 19:01:00,PL02,LINE_B,A,PREMIUM,46.29,1,0.7675,0.2115,0.1234,59.7,47.07,41.26,3.12,52.76,19.03,23.08,94.86,5.138,5.421,0.385
2025-12-07 19:55:00,PL02,LINE_B,C,STANDARD,29.1,1,0.8981,0.25,0.0867,111.13,83.34,76.12,2.38,51.57,18.98,22.02,92.57,3.487,3.593,0.206
2025-12-07 20:13:00,PL03,LINE_B,A,STANDARD,54.27,1,0.8614,0.1459,0.0661,57.14,48.8,45.57,2.01,47.82,14.54,18.81,81.16,3.676,3.793,0.133
2025-12-07 20:15:00,PL02,LINE_A,B,PREMIUM,61.92,1,0.8822,0.1756,0.0513,51.3,42.29,40.12,3.26,54.05,29.02,27.51,110.58,5.878,6.02,0.168
2025-12-07 20:40:00,PL01,LINE_C,B,PREMIUM,71.18,1,0.9329,0.2115,0.1283,47.18,37.2,32.43,3.55,59.33,14.9,26.54,100.77,6.262,6.66,0.456
2025-12-07 20:53:00,PL03,LINE_B,A,PREMIUM,36.11,1,0.7678,0.25,0.0825,76.54,57.4,52.67,4.46,48.23,14.52,19.85,82.6,5.899,6.029,0.368
2025-12-07 21:10:00,PL03,LINE_D,B,PREMIUM,49.91,1,0.7681,0.25,0.0694,55.4,41.55,38.67,3.08,49.26,20.61,25.42,95.29,5.372,5.543,0.214
2025-12-07 21:48:00,PL01,LINE_A,C,STANDARD,46.94,1,0.7614,0.25,0.0159,58.4,43.8,43.1,1.73,59.11,13.91,26.9,99.92,4.007,4.044,0.027
2025-12-07 22:23:00,PL02,LINE_B,B,PREMIUM,47.53,1,0.8838,0.25,0.0493,66.93,50.2,47.72,3.16,54.54,20.04,36.0,110.58,5.363,5.478,0.156
2025-12-07 23:15:00,PL02,LINE_B,A,HEAVY,55.01,1,0.8271,0.078,0.0203,54.13,49.91,48.9,5.29,46.06,18.78,21.26,86.1,7.017,7.052,0.107
2025-12-08 00:02:00,PL02,LINE_B,C,HEAVY,57.77,1,0.98,0.2247,0.0683,61.07,47.34,44.11,5.34,51.59,19.1,22.5,93.19,7.312,7.456,0.365
2025-12-08 01:10:00,PL01,LINE_D,B,PREMIUM,25.69,2,0.8346,0.1078,0.15,233.93,208.72,177.41,3.44,55.81,13.94,21.73,91.48,3.88,3.958,0.516
2025-12-08 02:11:00,PL02,LINE_B,A,STANDARD,32.73,2,0.8665,0.1293,0.0644,190.6,165.96,155.28,2.89,51.9,21.56,16.44,89.91,3.433,3.47,0.186
2025-12-08 03:03:00,PL02,LINE_B,A,HEAVY,57.01,1,0.9302,0.0761,0.0552,58.74,54.27,51.28,5.5,53.75,17.91,17.54,89.21,7.148,7.244,0.304
2025-12-08 03:08:00,PL02,LINE_A,B,PREMIUM,41.43,1,0.9239,0.2124,0.0359,80.28,63.23,60.96,3.63,52.27,26.57,16.7,95.54,5.14,5.197,0.13
2025-12-08 03:40:00,PL02,LINE_B,B,HEAVY,67.07,2,0.8503,0.25,0.1218,91.29,68.46,60.13,4.65,52.08,22.65,11.01,85.74,5.904,6.078,0.567
2025-12-08 03:52:00,PL02,LINE_C,A,PREMIUM,71.85,1,0.9574,0.1944,0.0733,47.97,38.64,35.81,4.12,50.69,11.54,26.97,89.2,6.424,6.607,0.302
2025-12-08 04:21:00,PL02,LINE_A,B,STANDARD,40.11,1,0.98,0.2248,0.15,87.97,68.19,57.96,2.26,49.6,20.15,23.13,92.89,3.62,3.861,0.339
2025-12-08 04:39:00,PL03,LINE_A,B,PREMIUM,46.71,1,0.8787,0.0814,0.1396,67.73,62.21,53.53,3.53,46.74,20.85,22.79,90.38,4.981,5.217,0.493
2025-12-08 05:42:00,PL03,LINE_C,C,STANDARD,31.02,2,0.8996,0.0899,0.0548,208.78,190.02,179.6,2.65,48.63,17.22,26.96,92.81,3.136,3.165,0.145
2025-12-08 06:57:00,PL01,LINE_A,B,STANDARD,39.08,2,0.8041,0.25,0.0609,148.13,111.1,104.33,2.88,54.35,16.53,27.47,98.34,3.763,3.82,0.175
2025-12-08 08:21:00,PL02,LINE_D,B,HEAVY,78.02,1,0.9596,0.2232,0.057,44.28,34.4,32.43,5.91,48.5,23.79,31.6,103.89,8.934,9.117,0.337
2025-12-08 08:26:00,PL01,LINE_D,B,STANDARD,28.89,2,0.851,0.25,0.0732,212.1,159.08,147.44,2.45,55.79,17.52,22.42,95.72,3.049,3.097,0.179
2025-12-08 08:27:00,PL02,LINE_D,B,STANDARD,38.8,4,0.94,0.11,0.15,348.83,310.47,263.9,2.39,55.3,16.14,20.08,91.52,2.68,2.732,0.358
2025-12-08 08:54:00,PL03,LINE_C,B,STANDARD,42.39,2,0.9188,0.2288,0.0732,156.08,120.37,111.56,2.34,49.29,15.25,16.36,80.9,3.008,3.061,0.171
2025-12-08 09:08:00,PL01,LINE_B,B,PREMIUM,44.71,1,0.93,0.135,0.064,74.88,64.77,60.62,2.83,57.61,11.98,19.9,89.49,4.207,4.301,0.181
2025-12-08 09:23:00,PL01,LINE_D,C,PREMIUM,54.1,2,0.8071,0.1576,0.1425,107.41,90.48,77.58,3.23,56.7,27.69,21.22,105.61,4.395,4.589,0.46
2025-12-08 10:02:00,PL02,LINE_A,A,PREMIUM,34.35,1,0.7718,0.0595,0.15,80.89,76.08,64.67,3.69,52.64,19.13,27.23,99.0,4.994,5.223,0.554
2025-12-08 10:07:00,PL02,LINE_A,C,STANDARD,25.68,1,0.7575,0.1778,0.1447,106.17,87.29,74.65,2.1,56.06,18.86,19.74,94.66,3.18,3.363,0.303
2025-12-08 10:48:00,PL01,LINE_C,B,PREMIUM,42.77,1,0.9127,0.25,0.15,76.83,57.62,48.98,3.01,57.12,15.49,21.39,94.0,4.643,4.931,0.452
2025-12-08 10:57:00,PL01,LINE_C,A,STANDARD,37.12,4,0.8922,0.0734,0.0559,346.13,320.73,302.81,2.57,55.81,23.38,17.97,97.16,2.874,2.892,0.144
2025-12-08 11:08:00,PL01,LINE_C,B,PREMIUM,44.97,2,0.8967,0.1503,0.0616,143.58,122.0,114.48,3.52,56.5,11.93,17.68,86.1,4.226,4.273,0.217
2025-12-08 11:21:00,PL01,LINE_C,B,STANDARD,40.29,1,0.8078,0.2153,0.0291,72.17,56.64,54.99,2.07,53.98,18.47,20.45,92.91,3.71,3.759,0.06
2025-12-08 12:24:00,PL01,LINE_A,B,PREMIUM,51.42,1,0.8475,0.0806,0.0444,59.33,54.55,52.13,4.06,55.99,16.35,32.7,105.04,5.989,6.079,0.18
2025-12-08 13:05:00,PL02,LINE_A,A,STANDARD,33.2,1,0.9134,0.1619,0.021,99.05,83.02,81.27,3.22,48.73,18.37,17.78,84.88,4.247,4.269,0.068
2025-12-08 14:00:00,PL01,LINE_B,A,STANDARD,42.03,2,0.7772,0.0501,0.0552,133.15,126.47,119.5,2.45,55.15,24.14,23.35,102.63,3.263,3.311,0.135
2025-12-08 15:30:00,PL03,LINE_B,A,PREMIUM,38.77,1,0.98,0.0909,0.0864,90.99,82.72,75.57,3.05,47.1,18.57,26.35,92.01,4.165,4.271,0.264
2025-12-08 15:33:00,PL01,LINE_D,A,STANDARD,63.54,2,0.7911,0.1964,0.0652,89.64,72.04,67.34,2.33,55.91,22.07,12.96,90.95,3.597,3.685,0.152
2025-12-08 16:57:00,PL02,LINE_A,A,STANDARD,37.25,1,0.818,0.0844,0.0383,79.06,72.39,69.62,1.82,52.11,15.94,24.01,92.06,3.096,3.146,0.07
2025-12-08 17:01:00,PL01,LINE_D,A,PREMIUM,46.05,1,0.8518,0.25,0.15,66.6,49.95,42.46,3.29,55.44,25.02,20.09,100.56,5.301,5.656,0.493
2025-12-08 17:14:00,PL02,LINE_B,A,PREMIUM,60.0,2,0.8297,0.2332,0.1489,99.57,76.35,64.99,2.74,46.69,22.17,23.84,92.7,3.956,4.168,0.408
2025-12-08 17:26:00,PL01,LINE_B,B,HEAVY,70.54,2,0.8864,0.2056,0.15,90.47,71.87,61.09,5.11,54.2,19.64,22.82,96.66,6.457,6.694,0.767
2025-12-08 19:04:00,PL01,LINE_B,A,HEAVY,70.11,2,0.8486,0.141,0.0732,87.14,74.85,69.38,4.6,53.89,27.81,23.03,104.72,5.998,6.108,0.337
2025-12-08 19:49:00,PL03,LINE_A,C,PREMIUM,46.27,2,0.9351,0.25,0.0463,145.51,109.13,104.07,4.11,49.66,15.15,18.33,83.14,4.873,4.91,0.191
2025-12-08 20:41:00,PL02,LINE_C,A,STANDARD,33.63,1,0.8676,0.25,0.0357,92.89,69.66,67.17,2.82,51.82,13.39,27.79,92.99,4.15,4.2,0.101
2025-12-08 20:47:00,PL01,LINE_A,B,STANDARD,37.38,4,0.8715,0.1244,0.0336,335.72,293.95,284.08,1.74,55.12,21.05,25.23,101.4,2.09,2.102,0.059
2025-12-08 21:25:00,PL01,LINE_B,C,PREMIUM,45.49,1,0.8551,0.2176,0.15,67.67,52.94,45.0,4.01,57.51,20.96,17.24,95.71,5.813,6.132,0.601
2025-12-08 21:26:00,PL01,LINE_D,B,STANDARD,50.77,2,0.7787,0.195,0.15,110.42,88.89,75.56,2.3,53.84,14.5,19.7,88.04,3.288,3.463,0.345
2025-12-08 22:17:00,PL01,LINE_A,A,STANDARD,51.4,1,0.8629,0.1161,0.096,60.43,53.41,48.29,1.76,54.8,13.03,25.69,93.51,3.508,3.694,0.169
2025-12-09 01:11:00,PL01,LINE_C,C,PREMIUM,42.67,1,0.8149,0.0374,0.138,68.75,66.17,57.04,3.32,59.53,15.74,15.3,90.57,4.692,4.911,0.459
2025-12-09 01:15:00,PL02,LINE_B,B,STANDARD,37.38,2,0.8769,0.1826,0.016,168.92,138.07,135.86,2.44,47.54,21.13,18.15,86.83,3.072,3.082,0.039
2025-12-09 02:35:00,PL02,LINE_A,B,PREMIUM,35.67,2,0.8578,0.25,0.0169,173.15,129.86,127.67,2.81,50.49,15.73,21.47,87.69,3.489,3.5,0.048
2025-12-09 03:01:00,PL02,LINE_A,A,STANDARD,28.94,1,0.9057,0.1172,0.0743,112.66,99.46,92.07,1.66,52.0,12.77,22.54,87.31,2.533,2.603,0.123
2025-12-09 03:22:00,PL01,LINE_C,C,STANDARD,31.17,1,0.8376,0.0687,0.15,96.72,90.08,76.56,2.2,57.22,19.04,16.13,92.39,3.23,3.411,0.331
2025-12-09 04:05:00,PL02,LINE_B,B,PREMIUM,55.5,4,0.8177,0.0819,0.1322,212.15,194.78,169.02,3.01,54.62,15.7,18.56,88.88,3.465,3.534,0.398
2025-12-09 04:14:00,PL03,LINE_B,A,PREMIUM,23.22,1,0.9055,0.1347,0.15,140.39,121.48,103.25,3.47,46.97,23.66,23.33,93.96,4.246,4.382,0.521
2025-12-09 05:17:00,PL02,LINE_D,C,STANDARD,38.59,4,0.8136,0.0603,0.0858,303.62,285.32,260.84,2.51,54.5,11.78,19.81,86.09,2.808,2.836,0.215
2025-12-09 05:27:00,PL01,LINE_C,B,STANDARD,36.69,1,0.8348,0.2111,0.0102,81.91,64.62,63.96,2.26,56.77,20.52,22.35,99.64,3.799,3.815,0.023
2025-12-09 06:01:00,PL02,LINE_D,C,HEAVY,44.5,1,0.8369,0.1869,0.0367,67.7,55.04,53.02,4.08,54.97,29.24,21.07,105.27,5.998,6.07,0.15
2025-12-09 06:43:00,PL02,LINE_D,B,STANDARD,28.64,2,0.8481,0.1651,0.029,213.2,178.0,172.83,2.41,50.8,29.12,22.09,102.01,2.982,2.999,0.07
2025-12-09 07:22:00,PL03,LINE_A,C,HEAVY,95.41,1,0.835,0.25,0.1018,31.51,23.63,21.23,6.78,49.8,21.12,28.51,99.43,10.991,11.468,0.691
2025-12-09 08:58:00,PL03,LINE_C,B,STANDARD,37.44,2,0.9244,0.0744,0.0954,177.76,164.53,148.84,2.45,51.9,17.85,23.82,93.57,3.016,3.076,0.234
2025-12-09 09:14:00,PL03,LINE_B,C,STANDARD,44.62,4,0.8,0.1356,0.15,258.19,223.18,189.7,1.78,53.34,17.3,22.4,93.04,2.196,2.269,0.267
2025-12-09 09:44:00,PL03,LINE_C,A,PREMIUM,48.44,1,0.9353,0.153,0.1113,69.51,58.88,52.32,3.71,48.12,13.73,23.15,85.01,5.158,5.339,0.413
2025-12-09 11:18:00,PL02,LINE_D,C,PREMIUM,43.77,1,0.863,0.25,0.1324,70.98,53.23,46.19,3.38,55.86,15.61,27.1,98.57,5.234,5.517,0.448
2025-12-09 11:20:00,PL01,LINE_B,A,PREMIUM,41.51,2,0.7299,0.097,0.1072,126.6,114.32,102.06,3.14,56.59,11.82,16.12,84.52,3.882,3.97,0.337
2025-12-09 11:38:00,PL02,LINE_B,A,PREMIUM,39.38,2,0.9148,0.0606,0.147,167.26,157.12,134.03,3.64,49.31,15.75,23.04,88.09,4.199,4.296,0.535
2025-12-09 12:23:00,PL01,LINE_C,B,STANDARD,37.19,1,0.7312,0.1447,0.1167,70.78,60.54,53.47,2.44,58.05,23.11,17.74,98.9,4.077,4.293,0.285
2025-12-09 13:41:00,PL01,LINE_A,A,PREMIUM,58.73,4,0.9331,0.25,0.15,228.79,171.59,145.85,3.52,56.65,19.54,20.45,96.64,4.079,4.178,0.527
2025-12-09 14:24:00,PL03,LINE_B,B,STANDARD,38.68,2,0.8167,0.1091,0.15,152.01,135.42,115.11,2.33,48.88,15.33,20.4,84.6,2.959,3.07,0.35
2025-12-09 15:52:00,PL03,LINE_C,B,PREMIUM,51.66,1,0.7802,0.0669,0.0832,54.37,50.73,46.51,3.64,50.97,12.25,29.98,93.2,5.474,5.64,0.302
2025-12-09 16:13:00,PL01,LINE_A,C,PREMIUM,43.81,1,0.8148,0.2296,0.1038,66.96,51.59,46.23,3.33,59.5,14.55,19.29,93.34,5.139,5.348,0.346
2025-12-09 16:21:00,PL01,LINE_B,A,STANDARD,31.55,2,0.98,0.0235,0.15,223.64,218.38,185.62,1.99,55.27,18.37,27.76,101.4,2.458,2.54,0.299
2025-12-09 16:50:00,PL02,LINE_A,A,STANDARD,48.4,2,0.785,0.0713,0.0682,116.77,108.44,101.05,2.5,48.69,24.74,18.41,91.84,3.351,3.413,0.171
2025-12-09 16:57:00,PL02,LINE_A,B,HEAVY,70.02,1,0.8114,0.1963,0.0921,41.72,33.53,30.44,3.76,54.81,22.17,19.72,96.7,6.647,6.94,0.347
2025-12-09 17:44:00,PL01,LINE_C,C,STANDARD,38.22,1,0.8599,0.2009,0.1321,81.0,64.73,56.18,2.22,54.04,24.33,25.43,103.8,3.826,4.07,0.294
2025-12-09 17:58:00,PL02,LINE_A,B,STANDARD,33.01,2,0.8235,0.1553,0.1108,179.64,151.74,134.93,1.89,50.07,15.43,23.3,88.8,2.471,2.544,0.209
2025-12-09 18:09:00,PL01,LINE_B,B,HEAVY,77.2,2,0.7273,0.2168,0.0098,67.83,53.13,52.6,6.96,56.91,15.5,32.62,105.04,8.938,8.958,0.068
2025-12-09 18:54:00,PL02,LINE_C,A,PREMIUM,35.55,2,0.8329,0.1688,0.15,168.69,140.22,119.19,3.26,48.75,13.28,15.65,77.68,3.812,3.91,0.489
2025-12-09 19:29:00,PL02,LINE_D,A,HEAVY,45.81,1,0.7628,0.0786,0.0783,59.94,55.23,50.9,5.86,49.18,28.82,19.43,97.43,7.625,7.775,0.459
2025-12-09 20:13:00,PL01,LINE_C,C,PREMIUM,41.29,2,0.7576,0.1238,0.1188,132.11,115.75,102.0,3.02,59.59,15.9,15.34,90.83,3.808,3.914,0.359
2025-12-09 20:31:00,PL01,LINE_D,A,PREMIUM,69.84,1,0.8131,0.25,0.0482,41.91,31.43,29.92,4.13,59.48,27.94,15.25,102.66,7.399,7.564,0.199
2025-12-09 22:10:00,PL01,LINE_C,B,HEAVY,43.46,2,0.9243,0.25,0.0935,153.14,114.85,104.11,5.88,54.61,22.9,26.12,103.63,6.785,6.878,0.55
2025-12-09 22:12:00,PL03,LINE_B,C,STANDARD,35.74,1,0.7983,0.0415,0.0592,80.42,77.09,72.52,1.79,48.82,19.08,25.07,92.97,2.998,3.074,0.106
2025-12-09 22:32:00,PL01,LINE_C,C,PREMIUM,48.56,2,0.7776,0.1813,0.0353,115.29,94.39,91.05,3.98,56.76,15.42,27.85,100.02,5.041,5.08,0.141
2025-12-09 22:45:00,PL02,LINE_D,C,STANDARD,33.93,1,0.8041,0.1323,0.0423,85.31,74.03,70.9,1.58,57.15,22.19,18.54,97.88,2.899,2.957,0.067
2025-12-09 23:10:00,PL02,LINE_A,C,STANDARD,29.05,1,0.937,0.1333,0.053,116.12,100.64,95.3,2.06,51.73,20.8,23.06,95.59,3.011,3.065,0.109
2025-12-09 23:12:00,PL01,LINE_A,A,STANDARD,34.23,2,0.901,0.1475,0.0289,189.51,161.56,156.9,1.93,56.05,19.33,21.21,96.59,2.524,2.542,0.056
2025-12-09 23:37:00,PL02,LINE_A,B,STANDARD,37.19,1,0.8506,0.0512,0.15,82.34,78.13,66.41,2.19,52.08,19.39,21.53,93.01,3.379,3.59,0.328
2025-12-09 23:40:00,PL03,LINE_B,C,PREMIUM,42.89,2,0.9343,0.1645,0.0537,156.85,131.06,124.02,4.22,48.08,17.41,33.32,98.81,4.974,5.017,0.227
2025-12-10 00:09:00,PL01,LINE_A,B,PREMIUM,50.41,2,0.8586,0.0678,0.0713,122.63,114.32,106.16,3.23,56.47,23.23,21.49,101.19,4.111,4.179,0.23
2025-12-10 01:06:00,PL03,LINE_B,A,PREMIUM,23.19,2,0.8177,0.17,0.0583,253.9,210.74,198.46,3.47,48.53,22.08,20.46,91.06,3.899,3.926,0.202
2025-12-10 01:57:00,PL02,LINE_A,B,STANDARD,34.12,1,0.8307,0.0621,0.115,87.64,82.2,72.74,2.57,46.75,20.99,23.22,90.95,3.68,3.824,0.296
2025-12-10 02:53:00,PL01,LINE_C,A,HEAVY,56.67,1,0.9053,0.2399,0.0243,57.52,43.72,42.66,4.97,53.81,18.32,24.99,97.13,7.191,7.246,0.121
2025-12-10 04:38:00,PL03,LINE_A,A,HEAVY,66.33,1,0.7009,0.25,0.0461,38.04,28.53,27.22,5.39,47.45,26.54,20.54,94.53,8.706,8.866,0.248
2025-12-10 04:50:00,PL02,LINE_C,C,HEAVY,44.94,1,0.9561,0.0761,0.0652,76.59,70.76,66.14,4.46,53.18,20.72,23.33,97.22,5.833,5.929,0.291
2025-12-10 04:52:00,PL01,LINE_A,C,STANDARD,27.58,1,0.8698,0.1522,0.0468,113.52,96.24,91.73,2.83,58.14,14.99,26.38,99.51,3.869,3.92,0.133
2025-12-10 05:02:00,PL03,LINE_D,C,STANDARD,47.85,1,0.7664,0.2082,0.0557,57.66,45.66,43.11,2.12,51.3,13.49,14.87,79.66,3.863,3.965,0.118
2025-12-10 06:07:00,PL02,LINE_D,B,PREMIUM,36.65,1,0.9099,0.2305,0.125,89.37,68.77,60.18,3.77,52.19,19.36,25.51,97.06,5.178,5.38,0.471
2025-12-10 06:15:00,PL02,LINE_D,B,PREMIUM,47.66,2,0.9571,0.1264,0.085,144.61,126.33,115.6,3.51,53.22,22.37,16.85,92.44,4.237,4.305,0.298
2025-12-10 08:29:00,PL02,LINE_B,B,PREMIUM,43.98,2,0.9555,0.0893,0.15,156.41,142.44,121.08,3.45,57.29,13.46,17.5,88.25,4.07,4.179,0.517
2025-12-10 09:31:00,PL01,LINE_C,A,STANDARD,54.08,1,0.8893,0.25,0.0775,59.19,44.4,40.95,2.26,54.56,18.07,27.32,99.95,4.516,4.705,0.175
2025-12-10 09:50:00,PL03,LINE_A,A,STANDARD,35.7,1,0.8569,0.1585,0.0555,86.42,72.73,68.69,2.08,45.27,15.68,28.9,89.85,3.316,3.389,0.116
2025-12-10 10:57:00,PL01,LINE_A,C,STANDARD,36.89,1,0.8954,0.0577,0.137,87.38,82.34,71.06,1.87,57.85,10.3,27.29,95.44,3.027,3.211,0.256
2025-12-10 11:17:00,PL03,LINE_B,A,PREMIUM,45.03,2,0.8228,0.155,0.15,131.57,111.18,94.5,3.11,46.7,15.85,35.4,97.95,3.991,4.146,0.466
2025-12-10 11:26:00,PL01,LINE_B,A,STANDARD,54.27,1,0.8003,0.1129,0.15,53.09,47.1,40.03,2.6,55.47,20.3,20.41,96.18,4.639,4.999,0.389
2025-12-10 12:11:00,PL01,LINE_A,A,PREMIUM,52.25,1,0.8526,0.095,0.0845,58.75,53.16,48.67,4.13,53.31,27.41,23.27,103.99,6.087,6.267,0.349
2025-12-10 12:29:00,PL01,LINE_A,B,PREMIUM,36.02,1,0.9017,0.1724,0.1385,90.12,74.58,64.25,3.19,54.22,24.15,25.69,104.06,4.588,4.813,0.442
2025-12-10 12:35:00,PL01,LINE_B,A,PREMIUM,64.74,1,0.8268,0.0337,0.0382,45.97,44.43,42.73,3.86,52.39,17.68,26.81,96.87,6.039,6.125,0.147
2025-12-10 13:10:00,PL02,LINE_B,A,STANDARD,23.02,2,0.8651,0.1229,0.15,270.58,237.32,201.72,2.23,48.32,8.5,20.68,77.5,2.558,2.615,0.335
2025-12-10 13:15:00,PL02,LINE_A,C,PREMIUM,68.52,1,0.8846,0.091,0.15,46.47,42.25,35.91,3.51,55.07,18.31,20.41,93.78,5.734,6.125,0.527
2025-12-10 14:00:00,PL01,LINE_A,A,STANDARD,43.01,1,0.7459,0.119,0.0952,62.43,55.0,49.77,2.0,56.31,24.5,25.74,106.54,3.934,4.138,0.19
2025-12-10 14:01:00,PL01,LINE_A,A,STANDARD,36.51,4,0.8312,0.25,0.1402,327.79,245.84,211.38,1.59,53.84,18.14,17.29,89.26,1.954,2.013,0.223
2025-12-10 18:09:00,PL01,LINE_B,C,STANDARD,29.44,2,0.8484,0.0534,0.15,207.5,196.42,166.96,1.75,59.95,23.43,16.75,100.13,2.261,2.351,0.263
2025-12-10 18:30:00,PL01,LINE_A,B,PREMIUM,42.89,1,0.8475,0.1934,0.15,71.13,57.37,48.77,2.8,52.75,16.9,16.82,86.47,4.31,4.576,0.42
2025-12-10 18:59:00,PL02,LINE_B,B,STANDARD,59.15,4,0.8226,0.1531,0.0526,200.26,169.59,160.67,1.83,48.11,17.11,26.02,91.24,2.372,2.401,0.096
2025-12-10 19:04:00,PL03,LINE_C,C,STANDARD,47.15,1,0.8866,0.2168,0.15,67.7,53.03,45.07,2.64,52.94,21.27,27.4,101.62,4.559,4.897,0.396
2025-12-10 20:12:00,PL03,LINE_D,A,PREMIUM,32.13,1,0.7444,0.1469,0.15,83.4,71.15,60.48,3.29,48.15,25.43,11.86,85.45,4.492,4.704,0.494
2025-12-10 20:43:00,PL01,LINE_A,C,PREMIUM,84.52,2,0.8583,0.1253,0.0556,73.12,63.96,60.41,4.03,54.78,20.69,30.54,106.02,5.687,5.784,0.224
2025-12-10 20:59:00,PL03,LINE_B,B,STANDARD,23.14,1,0.9406,0.25,0.0805,146.36,109.77,100.93,2.17,47.98,19.98,21.11,89.07,2.984,3.055,0.175
2025-12-10 21:44:00,PL01,LINE_D,A,PREMIUM,39.19,2,0.801,0.25,0.0986,147.16,110.37,99.49,2.53,55.85,14.55,14.69,85.09,3.298,3.382,0.249
2025-12-10 23:34:00,PL03,LINE_D,B,HEAVY,43.73,2,0.7737,0.0927,0.15,127.38,115.57,98.23,4.84,48.18,21.44,20.11,89.73,5.619,5.756,0.726
2025-12-10 23:49:00,PL02,LINE_C,B,HEAVY,90.68,2,0.8157,0.1109,0.15,64.77,57.58,48.95,4.29,52.47,27.26,28.46,108.19,6.172,6.504,0.644
2025-12-11 00:15:00,PL01,LINE_C,B,HEAVY,47.14,1,0.9058,0.25,0.0537,69.17,51.88,49.1,5.07,57.0,26.88,16.45,100.33,7.003,7.113,0.272
2025-12-11 00:59:00,PL02,LINE_C,B,PREMIUM,43.98,1,0.8716,0.0354,0.15,71.34,68.82,58.5,3.34,50.28,19.32,20.38,89.98,4.646,4.877,0.501
2025-12-11 01:19:00,PL01,LINE_B,B,STANDARD,23.19,4,0.9318,0.1231,0.1244,578.54,507.31,444.2,2.15,59.45,13.22,20.56,93.23,2.331,2.357,0.267
2025-12-11 03:16:00,PL02,LINE_D,B,PREMIUM,77.58,2,0.8102,0.25,0.0758,75.19,56.39,52.12,3.6,51.13,12.97,31.28,95.37,5.289,5.428,0.273
2025-12-11 03:24:00,PL03,LINE_B,A,HEAVY,79.34,1,0.891,0.0662,0.1033,40.43,37.75,33.85,4.58,44.58,20.81,15.4,80.79,6.719,6.966,0.473
2025-12-11 03:24:00,PL02,LINE_C,A,STANDARD,21.36,1,0.8354,0.0642,0.0426,140.83,131.79,126.17,2.28,51.98,18.37,23.01,93.36,2.986,3.018,0.097
2025-12-11 03:45:00,PL01,LINE_C,C,STANDARD,46.77,2,0.8211,0.25,0.0901,126.41,94.81,86.26,2.16,59.38,13.35,25.79,98.52,3.197,3.3,0.195
2025-12-11 04:12:00,PL03,LINE_C,B,STANDARD,31.72,1,0.8225,0.1064,0.0587,93.35,83.41,78.52,2.13,43.67,14.68,20.64,78.99,3.076,3.135,0.125
2025-12-11 04:56:00,PL03,LINE_A,C,STANDARD,41.02,2,0.854,0.25,0.15,149.89,112.42,95.56,2.39,52.49,20.69,30.41,103.59,3.315,3.477,0.359
2025-12-11 05:27:00,PL01,LINE_B,B,STANDARD,63.03,2,0.8994,0.0567,0.1355,102.73,96.91,83.78,2.21,56.21,13.22,20.23,89.66,3.139,3.284,0.3
2025-12-11 06:09:00,PL03,LINE_D,B,HEAVY,67.93,1,0.8003,0.1728,0.15,42.41,35.08,29.82,4.62,50.75,24.14,26.8,101.69,7.52,8.031,0.693
2025-12-11 06:22:00,PL01,LINE_C,A,STANDARD,43.81,2,0.7832,0.1598,0.0825,128.71,108.15,99.22,1.96,52.56,19.14,27.68,99.38,2.877,2.96,0.162
2025-12-11 06:22:00,PL02,LINE_B,A,PREMIUM,57.35,2,0.9276,0.0646,0.15,116.46,108.94,92.6,2.58,46.25,15.23,24.42,85.9,3.373,3.512,0.388
2025-12-11 06:38:00,PL01,LINE_A,C,HEAVY,37.4,2,0.8072,0.1593,0.0154,155.38,130.63,128.62,4.41,59.73,24.92,14.58,99.22,5.171,5.182,0.068
2025-12-11 08:29:00,PL01,LINE_C,C,HEAVY,96.95,2,0.803,0.25,0.1358,59.63,44.72,38.65,4.25,58.36,25.96,19.76,104.07,6.576,6.942,0.577
2025-12-11 08:32:00,PL02,LINE_C,A,STANDARD,37.55,1,0.83,0.25,0.1105,79.58,59.69,53.09,2.08,50.14,19.47,14.2,83.82,3.489,3.663,0.23
2025-12-11 08:53:00,PL02,LINE_B,A,STANDARD,32.43,1,0.9115,0.25,0.0566,101.18,75.88,71.59,2.22,47.77,15.01,32.06,94.84,3.466,3.541,0.125
2025-12-11 10:14:00,PL02,LINE_B,A,STANDARD,38.56,1,0.9548,0.2396,0.0255,89.13,67.77,66.05,2.12,49.01,11.8,23.63,84.43,3.368,3.401,0.054
2025-12-11 10:23:00,PL01,LINE_C,C,STANDARD,39.72,1,0.8983,0.25,0.15,81.41,61.06,51.9,2.09,53.05,24.01,24.21,101.28,3.752,4.045,0.314
2025-12-11 11:09:00,PL03,LINE_C,B,STANDARD,39.01,1,0.8807,0.1229,0.0256,81.28,71.29,69.46,1.87,53.41,14.1,18.54,86.05,3.077,3.108,0.048
2025-12-11 12:02:00,PL01,LINE_D,B,PREMIUM,61.34,1,0.7841,0.1523,0.15,46.02,39.01,33.16,3.14,60.67,16.87,33.55,111.09,5.992,6.494,0.472
2025-12-11 12:20:00,PL02,LINE_A,A,PREMIUM,32.83,2,0.8115,0.082,0.0801,177.97,163.37,150.28,3.28,50.06,13.77,16.92,80.74,3.773,3.816,0.263
2025-12-11 13:18:00,PL03,LINE_C,B,PREMIUM,41.55,1,0.98,0.1416,0.15,84.9,72.88,61.95,4.36,48.95,19.98,20.02,88.94,5.578,5.793,0.654
2025-12-11 13:20:00,PL02,LINE_C,C,STANDARD,20.21,1,0.8467,0.25,0.15,150.79,113.09,96.13,2.78,50.07,21.65,21.27,93.0,3.604,3.749,0.417
2025-12-11 15:22:00,PL01,LINE_B,B,STANDARD,39.49,2,0.8698,0.25,0.1462,158.57,118.93,101.55,2.16,58.51,19.62,32.2,110.33,3.084,3.243,0.315
2025-12-11 15:45:00,PL02,LINE_C,B,HEAVY,57.69,2,0.7938,0.1132,0.15,99.07,87.85,74.67,5.43,47.28,17.57,26.52,91.37,6.468,6.651,0.814
2025-12-11 16:25:00,PL01,LINE_A,B,STANDARD,27.91,2,0.8873,0.104,0.0458,228.87,205.07,195.67,2.36,56.83,19.14,21.45,97.41,2.837,2.86,0.108
2025-12-11 16:56:00,PL02,LINE_C,C,PREMIUM,23.61,1,0.9039,0.1496,0.0992,137.85,117.22,105.59,4.02,52.91,12.68,22.1,87.69,4.772,4.855,0.399
2025-12-11 17:13:00,PL01,LINE_A,A,STANDARD,21.7,2,0.8379,0.1226,0.0697,278.04,243.94,226.94,2.19,58.95,14.98,22.41,96.34,2.583,2.613,0.153
2025-12-11 17:19:00,PL02,LINE_B,C,STANDARD,41.69,1,0.8765,0.0287,0.0354,75.69,73.52,70.92,2.35,55.41,22.12,27.07,104.61,3.773,3.825,0.083
2025-12-11 17:50:00,PL01,LINE_A,C,HEAVY,74.09,1,0.8792,0.25,0.15,42.72,32.04,27.23,4.85,60.81,12.98,20.23,94.02,7.784,8.301,0.727
2025-12-11 17:52:00,PL01,LINE_D,A,STANDARD,40.37,1,0.8502,0.173,0.1292,75.81,62.69,54.59,1.73,54.5,19.08,8.72,82.31,3.042,3.237,0.223
2025-12-11 18:59:00,PL01,LINE_A,C,STANDARD,31.35,1,0.9279,0.15,0.15,106.54,90.56,76.98,2.16,58.76,14.9,8.38,82.03,3.07,3.23,0.325
2025-12-11 19:42:00,PL01,LINE_B,B,STANDARD,64.33,2,0.9326,0.2235,0.0169,104.37,81.04,79.67,3.01,55.4,16.77,16.63,88.8,4.106,4.125,0.051
2025-12-11 21:22:00,PL01,LINE_A,C,STANDARD,25.83,1,0.7831,0.25,0.15,109.14,81.86,69.58,2.39,58.48,16.77,22.05,97.31,3.583,3.793,0.359
2025-12-11 21:32:00,PL01,LINE_B,B,STANDARD,59.68,1,0.8493,0.1278,0.0566,51.23,44.69,42.16,1.88,58.61,20.01,22.88,101.5,4.155,4.291,0.107
2025-12-11 21:35:00,PL01,LINE_A,C,HEAVY,59.8,1,0.8255,0.0378,0.1383,49.7,47.82,41.21,4.0,59.4,25.99,29.9,115.28,6.407,6.794,0.553
2025-12-11 21:58:00,PL02,LINE_B,C,STANDARD,60.79,2,0.7787,0.1672,0.0846,92.23,76.81,70.32,2.32,50.25,18.53,19.46,88.23,3.467,3.573,0.196
2025-12-11 21:59:00,PL02,LINE_D,B,STANDARD,47.73,2,0.8078,0.0612,0.134,121.85,114.39,99.06,1.87,50.37,18.63,31.65,100.65,2.746,2.883,0.25
2025-12-11 22:38:00,PL01,LINE_B,C,PREMIUM,47.21,1,0.8897,0.1783,0.0688,67.85,55.75,51.92,2.57,58.39,11.53,23.1,93.01,4.243,4.366,0.177
2025-12-11 22:50:00,PL03,LINE_D,B,STANDARD,72.69,1,0.8271,0.0837,0.1247,40.96,37.53,32.85,2.71,48.9,18.05,19.71,86.66,5.022,5.351,0.338
2025-12-11 22:58:00,PL01,LINE_C,B,STANDARD,31.7,1,0.8057,0.108,0.1461,91.51,81.63,69.7,1.97,54.91,21.03,16.67,92.61,3.105,3.299,0.288
2025-12-11 23:30:00,PL02,LINE_C,B,STANDARD,35.54,1,0.838,0.0853,0.1062,84.89,77.66,69.41,1.71,54.84,12.3,23.14,90.27,2.869,3.007,0.181
2025-12-12 00:28:00,PL03,LINE_B,C,STANDARD,20.09,4,0.9288,0.1423,0.0676,665.69,570.93,532.31,2.52,47.82,20.07,26.92,94.81,2.686,2.698,0.17
2025-12-12 00:51:00,PL01,LINE_B,C,STANDARD,36.79,2,0.9557,0.0683,0.0669,187.05,174.27,162.62,2.35,55.62,17.94,24.87,98.43,2.912,2.952,0.157
2025-12-12 03:26:00,PL02,LINE_B,C,STANDARD,44.71,2,0.8299,0.1643,0.0594,133.64,111.69,105.06,2.46,52.55,17.06,29.76,99.36,3.351,3.407,0.146
2025-12-12 03:41:00,PL02,LINE_D,B,PREMIUM,22.72,1,0.7338,0.178,0.1052,116.27,95.58,85.53,3.87,49.03,17.64,27.28,93.96,4.855,4.97,0.407
2025-12-12 03:55:00,PL03,LINE_C,A,PREMIUM,40.8,2,0.7803,0.25,0.0875,137.68,103.26,94.22,3.5,46.97,13.43,28.32,88.72,4.356,4.439,0.306
2025-12-12 04:01:00,PL01,LINE_C,C,PREMIUM,67.96,1,0.8338,0.0494,0.071,44.17,41.99,39.01,2.98,57.03,21.42,11.62,90.06,5.125,5.289,0.212
2025-12-12 04:53:00,PL01,LINE_C,C,HEAVY,72.39,1,0.9022,0.1104,0.0348,44.87,39.91,38.53,6.11,59.24,21.31,21.18,101.73,8.662,8.754,0.212
2025-12-12 05:59:00,PL02,LINE_C,B,PREMIUM,50.3,2,0.7837,0.0976,0.0484,112.17,101.23,96.33,3.29,51.23,21.18,23.95,96.36,4.241,4.289,0.159
2025-12-12 06:44:00,PL01,LINE_B,B,STANDARD,27.78,1,0.8729,0.138,0.058,113.12,97.51,91.85,2.59,57.08,12.23,22.7,92.01,3.538,3.596,0.15
2025-12-12 07:29:00,PL01,LINE_C,A,STANDARD,26.41,1,0.8323,0.1432,0.0145,113.48,97.22,95.81,2.65,52.27,16.62,23.62,92.51,3.597,3.611,0.038
2025-12-12 07:30:00,PL02,LINE_D,A,STANDARD,27.27,2,0.7712,0.25,0.0831,203.65,152.74,140.04,2.28,54.77,19.3,20.47,94.54,2.902,2.958,0.19
2025-12-12 08:28:00,PL02,LINE_D,A,STANDARD,34.43,1,0.8108,0.1388,0.0873,84.77,73.0,66.63,2.19,51.49,13.2,34.78,99.47,3.555,3.686,0.191
2025-12-12 09:12:00,PL01,LINE_B,B,STANDARD,32.09,2,0.9663,0.25,0.06,216.79,162.59,152.84,2.39,54.13,20.19,21.99,96.32,2.979,3.017,0.143
2025-12-12 10:14:00,PL03,LINE_C,B,PREMIUM,64.81,2,0.845,0.1357,0.15,93.88,81.14,68.97,3.65,48.99,18.21,28.65,95.85,4.829,5.037,0.547
2025-12-12 11:12:00,PL03,LINE_B,C,PREMIUM,42.86,1,0.8092,0.1616,0.0916,67.97,56.98,51.76,3.03,51.03,27.07,20.05,98.15,4.757,4.931,0.278
2025-12-12 12:16:00,PL02,LINE_D,C,PREMIUM,43.67,4,0.833,0.1045,0.0801,274.69,245.97,226.27,4.09,56.04,6.57,24.89,87.51,4.444,4.475,0.328
2025-12-12 12:25:00,PL02,LINE_C,A,STANDARD,37.03,1,0.8456,0.0689,0.1414,82.2,76.54,65.71,2.99,49.6,15.31,26.55,91.46,4.181,4.378,0.422
2025-12-12 12:27:00,PL01,LINE_B,C,STANDARD,23.91,1,0.7816,0.1882,0.1354,117.66,95.52,82.58,1.77,57.38,11.72,19.48,88.58,2.7,2.845,0.24
2025-12-12 12:58:00,PL03,LINE_C,A,STANDARD,47.38,4,0.98,0.1989,0.0398,297.88,238.62,229.11,2.31,45.54,20.04,22.87,88.45,2.686,2.701,0.092
2025-12-12 13:50:00,PL03,LINE_A,A,HEAVY,30.26,2,0.7986,0.25,0.1099,190.02,142.52,126.85,4.7,46.49,19.98,23.47,89.93,5.333,5.411,0.517
2025-12-12 16:19:00,PL01,LINE_C,C,STANDARD,35.34,4,0.8875,0.1849,0.15,361.57,294.7,250.5,1.87,58.65,20.46,26.02,105.14,2.229,2.292,0.281
2025-12-12 16:19:00,PL02,LINE_C,A,STANDARD,38.06,2,0.7611,0.1059,0.0432,143.98,128.73,123.17,2.24,49.37,19.59,31.18,100.14,3.016,3.051,0.097
2025-12-12 16:26:00,PL02,LINE_C,A,STANDARD,24.52,1,0.8291,0.1022,0.0465,121.71,109.27,104.18,2.36,48.76,11.33,20.52,80.6,3.095,3.131,0.11
2025-12-12 16:56:00,PL02,LINE_C,C,STANDARD,32.62,2,0.873,0.0654,0.1139,192.7,180.11,159.59,2.35,54.44,22.83,20.37,97.63,2.894,2.964,0.268
2025-12-12 17:08:00,PL03,LINE_D,C,PREMIUM,55.0,1,0.8108,0.1905,0.0779,53.06,42.96,39.61,3.08,48.12,17.75,21.15,87.02,5.105,5.276,0.24
2025-12-12 17:21:00,PL01,LINE_B,A,STANDARD,26.99,1,0.8517,0.1684,0.1052,113.59,94.46,84.52,2.11,56.67,16.03,18.06,90.76,3.075,3.188,0.222
2025-12-12 17:45:00,PL01,LINE_D,A,STANDARD,40.09,2,0.7347,0.155,0.096,131.97,111.51,100.8,1.91,57.43,19.39,14.56,91.37,2.734,2.821,0.184
2025-12-12 17:52:00,PL02,LINE_D,C,STANDARD,32.7,1,0.7873,0.1491,0.0888,86.66,73.75,67.19,1.92,54.14,10.68,19.28,84.1,3.063,3.175,0.171
2025-12-12 18:05:00,PL01,LINE_A,B,PREMIUM,34.62,2,0.8105,0.0936,0.1173,168.58,152.8,134.88,3.23,57.49,8.99,28.19,94.67,3.852,3.934,0.379
2025-12-12 18:08:00,PL02,LINE_B,A,STANDARD,34.81,2,0.8889,0.2154,0.0531,183.84,144.23,136.57,2.97,49.7,17.31,26.0,93.02,3.611,3.647,0.158
2025-12-12 18:21:00,PL02,LINE_B,A,STANDARD,42.81,4,0.8945,0.081,0.0294,300.86,276.48,268.35,1.78,47.62,26.63,23.82,98.07,2.134,2.145,0.052
2025-12-12 18:27:00,PL02,LINE_A,A,HEAVY,88.29,2,0.8552,0.1607,0.0593,69.74,58.53,55.06,5.47,51.07,25.88,10.89,87.83,6.969,7.063,0.324
2025-12-12 19:09:00,PL01,LINE_A,A,STANDARD,35.32,2,0.8037,0.0688,0.1442,163.83,152.55,130.56,1.88,52.21,11.82,13.53,77.55,2.388,2.474,0.271
2025-12-12 19:12:00,PL03,LINE_A,B,HEAVY,42.93,1,0.8496,0.0272,0.0567,71.24,69.31,65.38,6.94,47.73,21.41,18.4,87.54,8.204,8.28,0.393
2025-12-12 19:21:00,PL02,LINE_B,A,PREMIUM,30.73,2,0.7945,0.213,0.0805,186.13,146.48,134.7,3.24,51.03,22.79,21.96,95.78,3.897,3.954,0.261
2025-12-12 19:48:00,PL01,LINE_A,A,STANDARD,43.14,4,0.8777,0.1881,0.0636,292.95,237.84,222.72,2.89,55.96,13.56,21.44,90.96,3.274,3.3,0.184
2025-12-12 20:10:00,PL01,LINE_D,B,STANDARD,34.17,1,0.7541,0.25,0.1061,79.45,59.59,53.27,2.38,55.41,17.42,28.28,101.12,4.074,4.275,0.252
2025-12-12 21:13:00,PL01,LINE_A,C,STANDARD,49.83,1,0.8628,0.1188,0.052,62.34,54.93,52.08,1.99,55.48,21.76,23.36,100.61,3.821,3.922,0.103
2025-12-12 21:22:00,PL02,LINE_B,B,STANDARD,36.41,2,0.7806,0.0797,0.1215,154.38,142.08,124.82,2.01,54.09,17.86,23.01,94.96,2.682,2.774,0.245
2025-12-12 21:30:00,PL02,LINE_B,C,PREMIUM,72.98,2,0.8585,0.1584,0.1279,84.69,71.28,62.16,3.27,50.44,18.49,29.92,98.85,4.655,4.858,0.418
2025-12-12 22:23:00,PL01,LINE_A,A,STANDARD,34.91,1,0.8079,0.0657,0.082,83.3,77.83,71.44,1.59,54.7,16.63,16.66,87.99,2.718,2.819,0.13
2025-12-12 22:47:00,PL02,LINE_D,A,STANDARD,33.69,2,0.8171,0.1519,0.0481,174.6,148.08,140.96,1.73,48.92,22.16,23.23,94.31,2.372,2.404,0.083
2025-12-12 22:57:00,PL02,LINE_C,A,HEAVY,48.52,1,0.8095,0.073,0.1249,60.06,55.68,48.72,5.58,49.06,20.19,23.87,93.11,7.255,7.494,0.697
2025-12-13 00:00:00,PL01,LINE_A,B,HEAVY,41.54,2,0.9223,0.0862,0.1457,159.87,146.09,124.8,4.41,56.33,22.72,19.04,98.1,5.082,5.196,0.643
2025-12-13 00:34:00,PL01,LINE_C,B,PREMIUM,54.81,1,0.9045,0.1079,0.0863,59.41,53.0,48.43,2.58,58.57,17.9,17.06,93.53,4.34,4.507,0.222
2025-12-13 00:59:00,PL02,LINE_B,A,PREMIUM,43.0,2,0.9207,0.1506,0.15,154.15,130.94,111.3,3.63,47.89,17.28,23.63,88.8,4.312,4.432,0.545
2025-12-13 01:38:00,PL01,LINE_B,A,PREMIUM,53.9,4,0.8746,0.1057,0.15,233.64,208.95,177.61,3.52,52.38,16.62,27.3,96.3,3.981,4.062,0.528
2025-12-13 01:51:00,PL03,LINE_C,B,STANDARD,41.81,1,0.9179,0.25,0.0579,79.03,59.27,55.84,1.56,46.83,12.68,11.62,71.14,2.756,2.83,0.09
2025-12-13 02:22:00,PL02,LINE_B,A,STANDARD,30.86,1,0.8056,0.1964,0.15,93.97,75.52,64.19,1.62,51.99,17.06,20.9,89.95,2.813,3.023,0.243
2025-12-13 02:25:00,PL01,LINE_A,B,STANDARD,35.23,1,0.8721,0.0773,0.009,89.1,82.22,81.48,1.36,57.06,12.69,20.19,89.94,2.454,2.464,0.012
2025-12-13 02:54:00,PL02,LINE_C,A,PREMIUM,67.88,2,0.7796,0.25,0.15,82.68,62.01,52.71,3.81,51.01,19.46,19.94,90.41,5.271,5.528,0.572
2025-12-13 03:03:00,PL02,LINE_A,C,PREMIUM,36.72,1,0.9672,0.0799,0.0783,94.82,87.25,80.42,4.28,53.56,10.95,23.32,87.83,5.288,5.373,0.335
2025-12-13 03:09:00,PL02,LINE_A,A,STANDARD,50.7,2,0.7699,0.1842,0.0852,109.34,89.2,81.6,1.82,47.44,18.22,18.9,84.56,2.77,2.858,0.155
2025-12-13 03:19:00,PL01,LINE_A,B,HEAVY,60.47,1,0.8133,0.175,0.0323,48.41,39.94,38.65,5.87,59.01,18.83,18.46,96.31,8.286,8.366,0.19
2025-12-13 05:41:00,PL02,LINE_C,C,STANDARD,36.23,1,0.8516,0.1463,0.1313,84.61,72.24,62.75,2.04,52.73,22.45,20.19,95.37,3.355,3.555,0.267
2025-12-13 05:55:00,PL01,LINE_D,B,STANDARD,47.06,2,0.7701,0.1895,0.0248,117.83,95.5,93.13,2.5,56.8,14.53,21.88,93.21,3.481,3.506,0.062
2025-12-13 05:57:00,PL01,LINE_C,A,STANDARD,39.57,2,0.8605,0.1181,0.1404,156.56,138.07,118.69,2.83,55.22,24.34,27.31,106.87,3.608,3.734,0.398
2025-12-13 06:01:00,PL01,LINE_B,C,STANDARD,40.13,2,0.8666,0.0585,0.043,155.46,146.37,140.08,2.73,58.35,16.1,21.0,95.45,3.378,3.407,0.117
2025-12-13 06:01:00,PL03,LINE_D,C,STANDARD,47.37,1,0.7621,0.25,0.0666,57.91,43.43,40.54,2.32,52.7,16.41,23.9,93.01,4.459,4.612,0.154
2025-12-13 06:24:00,PL03,LINE_B,C,STANDARD,45.08,1,0.8612,0.0788,0.1084,68.77,63.35,56.49,3.11,48.52,19.98,17.85,86.35,4.47,4.636,0.337
2025-12-13 06:52:00,PL03,LINE_A,A,STANDARD,27.07,2,0.8898,0.2498,0.1099,236.67,177.55,158.04,2.08,46.27,19.2,27.48,92.95,2.606,2.67,0.229
2025-12-13 07:46:00,PL02,LINE_B,A,STANDARD,32.17,1,0.8745,0.0105,0.15,97.86,96.83,82.31,2.35,50.2,8.86,25.27,84.33,3.216,3.37,0.352
2025-12-13 08:45:00,PL01,LINE_B,C,STANDARD,27.5,1,0.8465,0.2114,0.0425,110.81,87.39,83.67,2.2,60.7,18.43,19.58,98.71,3.33,3.38,0.094
2025-12-13 09:12:00,PL02,LINE_B,C,STANDARD,34.19,2,0.8183,0.0466,0.1317,172.34,164.3,142.67,2.06,52.35,20.43,15.92,88.7,2.604,2.686,0.272
2025-12-13 09:22:00,PL02,LINE_D,A,PREMIUM,26.79,2,0.8761,0.1994,0.15,235.5,188.55,160.26,3.68,53.42,11.67,24.81,89.89,4.16,4.244,0.552
2025-12-13 09:40:00,PL02,LINE_A,A,STANDARD,39.4,1,0.7056,0.25,0.0369,64.47,48.35,46.57,2.34,51.74,16.59,19.34,87.68,4.154,4.223,0.086
2025-12-13 09:59:00,PL01,LINE_C,B,STANDARD,35.89,2,0.8539,0.224,0.0614,171.3,132.92,124.77,2.01,56.6,17.37,19.57,93.54,2.709,2.755,0.123
2025-12-13 10:56:00,PL02,LINE_B,B,STANDARD,32.88,1,0.8944,0.1295,0.11,97.92,85.24,75.87,1.95,56.11,17.26,24.29,97.66,3.095,3.236,0.214
2025-12-13 12:22:00,PL03,LINE_D,B,STANDARD,30.8,1,0.7697,0.1886,0.0989,89.95,72.99,65.77,2.37,46.44,16.73,18.84,82.0,3.495,3.618,0.234
2025-12-13 12:29:00,PL01,LINE_A,C,STANDARD,48.08,1,0.8339,0.1011,0.15,62.44,56.13,47.71,2.06,58.24,9.75,20.68,88.68,3.644,3.922,0.31
2025-12-13 12:42:00,PL01,LINE_A,C,PREMIUM,28.82,4,0.8692,0.1321,0.1081,434.3,376.92,336.17,2.41,61.23,8.92,18.7,88.86,2.649,2.678,0.261
2025-12-13 13:27:00,PL01,LINE_A,C,STANDARD,27.75,2,0.914,0.1964,0.0928,237.18,190.61,172.93,2.43,54.64,17.46,26.77,98.87,2.947,3.0,0.225
2025-12-13 14:26:00,PL03,LINE_B,C,HEAVY,53.92,1,0.7635,0.047,0.15,50.98,48.58,41.3,4.98,52.57,18.45,32.04,103.06,7.099,7.474,0.747
2025-12-13 14:58:00,PL02,LINE_B,B,HEAVY,35.02,1,0.8945,0.25,0.0905,91.95,68.97,62.72,6.92,52.34,26.04,19.15,97.52,8.332,8.473,0.626
2025-12-13 15:07:00,PL01,LINE_B,B,PREMIUM,22.83,4,0.9127,0.0418,0.0322,575.75,551.71,533.97,3.32,58.44,12.12,20.39,90.96,3.48,3.486,0.107
2025-12-13 15:19:00,PL02,LINE_B,B,STANDARD,24.83,1,0.943,0.2217,0.0738,136.74,106.42,98.56,2.61,51.48,17.54,17.7,86.72,3.423,3.488,0.193
2025-12-13 15:24:00,PL01,LINE_B,B,PREMIUM,31.94,2,0.8689,0.0513,0.0389,195.89,185.85,178.62,3.24,59.74,11.39,28.71,99.83,3.775,3.797,0.126
2025-12-13 15:27:00,PL02,LINE_A,B,PREMIUM,41.77,2,0.7941,0.0535,0.1493,136.9,129.58,110.24,3.07,46.12,24.62,19.09,89.83,3.762,3.884,0.458
2025-12-13 17:00:00,PL02,LINE_A,B,PREMIUM,54.31,1,0.8578,0.1053,0.15,56.86,50.87,43.24,4.35,50.61,23.75,32.74,107.1,6.457,6.829,0.653
2025-12-13 17:10:00,PL01,LINE_C,B,STANDARD,37.4,2,0.8319,0.25,0.1109,160.15,120.11,106.79,1.49,58.96,12.42,24.18,95.56,2.281,2.38,0.165
2025-12-13 18:18:00,PL01,LINE_D,C,STANDARD,34.91,1,0.7902,0.091,0.15,81.49,74.08,62.97,2.62,60.45,21.53,20.19,102.17,3.999,4.242,0.393
2025-12-13 18:18:00,PL03,LINE_B,A,STANDARD,39.33,1,0.9003,0.2012,0.15,82.41,65.83,55.96,1.97,45.17,13.21,13.27,71.66,3.055,3.247,0.295
2025-12-13 19:56:00,PL02,LINE_D,C,PREMIUM,78.05,2,0.7886,0.1813,0.1142,72.75,59.56,52.76,3.02,54.49,20.64,23.94,99.07,4.685,4.9,0.345
2025-12-13 20:25:00,PL01,LINE_C,C,STANDARD,26.94,1,0.8063,0.2462,0.15,107.76,81.23,69.04,1.69,56.84,20.69,15.07,92.6,2.827,3.028,0.253
2025-12-13 20:30:00,PL03,LINE_B,C,STANDARD,33.69,4,0.9328,0.024,0.1003,398.65,389.09,350.06,2.54,49.83,9.89,13.26,72.98,2.728,2.749,0.255
2025-12-13 21:29:00,PL01,LINE_B,A,HEAVY,83.04,2,0.8367,0.0204,0.15,72.55,71.07,60.41,5.76,53.33,25.38,28.48,107.18,7.264,7.53,0.863
2025-12-13 21:43:00,PL03,LINE_B,B,HEAVY,90.68,2,0.8707,0.033,0.0605,69.13,66.85,62.8,3.87,48.81,19.36,24.0,92.17,5.252,5.341,0.235
2025-12-13 21:54:00,PL02,LINE_C,A,STANDARD,31.68,2,0.8957,0.0696,0.1043,203.55,189.38,169.62,2.75,49.03,11.24,13.02,73.28,3.141,3.186,0.287
2025-12-13 22:05:00,PL01,LINE_C,C,STANDARD,34.13,2,0.8458,0.0541,0.0733,178.45,168.8,156.42,2.49,58.46,18.81,24.96,102.23,3.097,3.145,0.183
2025-12-13 22:28:00,PL01,LINE_C,C,PREMIUM,32.43,1,0.8812,0.25,0.0471,97.82,73.37,69.91,3.21,56.62,15.6,19.43,91.65,4.458,4.52,0.151
2025-12-13 23:45:00,PL02,LINE_D,A,STANDARD,50.14,2,0.8569,0.1231,0.0352,123.04,107.9,104.1,2.23,48.46,15.62,23.96,88.04,3.049,3.079,0.079
2025-12-14 00:26:00,PL02,LINE_D,B,PREMIUM,38.91,2,0.8094,0.1864,0.1351,149.79,121.87,105.41,2.92,51.7,13.44,20.26,85.4,3.622,3.732,0.395
2025-12-14 00:32:00,PL02,LINE_D,A,STANDARD,33.7,2,0.8309,0.25,0.0733,177.5,133.13,123.37,2.03,53.67,11.86,23.9,89.42,2.7,2.753,0.149
2025-12-14 00:46:00,PL01,LINE_C,B,STANDARD,31.54,1,0.8206,0.0841,0.0734,93.66,85.78,79.48,2.18,52.63,17.25,27.31,97.19,3.31,3.4,0.16
2025-12-14 01:24:00,PL02,LINE_B,B,PREMIUM,56.0,1,0.8377,0.25,0.15,53.85,40.39,34.33,3.44,49.7,9.22,17.1,76.02,5.32,5.652,0.516
2025-12-14 02:40:00,PL01,LINE_A,B,PREMIUM,41.97,1,0.98,0.0705,0.0794,84.05,78.13,71.92,3.38,57.47,23.56,23.56,104.59,4.723,4.839,0.269
2025-12-14 03:03:00,PL02,LINE_D,C,HEAVY,46.24,2,0.8808,0.25,0.0535,137.16,102.87,97.37,4.27,51.83,23.66,14.06,89.54,5.141,5.19,0.228
2025-12-14 03:05:00,PL03,LINE_B,C,HEAVY,64.44,1,0.7486,0.1986,0.0642,41.82,33.51,31.36,4.81,48.6,21.38,21.73,91.71,7.549,7.737,0.309
2025-12-14 03:15:00,PL01,LINE_B,B,STANDARD,25.46,2,0.7934,0.093,0.0316,224.37,203.52,197.09,2.76,55.69,22.0,12.18,89.87,3.203,3.218,0.087
2025-12-14 03:38:00,PL01,LINE_A,A,HEAVY,104.71,2,0.895,0.0561,0.0557,61.54,58.09,54.85,5.43,54.75,21.3,19.12,95.17,7.067,7.164,0.303
2025-12-14 03:42:00,PL01,LINE_A,C,STANDARD,40.0,2,0.8698,0.0891,0.0512,156.56,142.62,135.32,2.9,61.1,17.33,25.94,104.37,3.633,3.672,0.148
2025-12-14 03:43:00,PL03,LINE_B,A,HEAVY,35.26,1,0.8452,0.25,0.1369,86.3,64.73,55.87,4.99,49.93,25.15,10.34,85.42,6.313,6.522,0.683
2025-12-14 05:58:00,PL03,LINE_A,C,PREMIUM,46.06,1,0.8656,0.25,0.15,67.65,50.74,43.13,3.32,50.31,17.55,24.74,92.59,5.147,5.469,0.498
2025-12-14 06:01:00,PL02,LINE_D,C,HEAVY,68.78,1,0.8013,0.25,0.09,41.94,31.46,28.63,6.72,52.37,25.25,21.56,99.18,9.873,10.185,0.605
2025-12-14 06:26:00,PL02,LINE_C,B,PREMIUM,80.88,4,0.8896,0.115,0.0905,158.39,140.17,127.49,2.4,51.36,17.85,29.23,98.45,3.1,3.17,0.217
2025-12-14 06:30:00,PL02,LINE_A,A,HEAVY,62.33,1,0.814,0.1068,0.1339,47.01,41.99,36.36,4.32,48.28,21.1,18.89,88.27,6.419,6.744,0.578
2025-12-14 06:32:00,PL03,LINE_B,A,PREMIUM,32.0,1,0.8772,0.1356,0.0731,98.67,85.29,79.06,2.88,45.63,21.4,24.58,91.61,3.953,4.038,0.21
2025-12-14 07:00:00,PL03,LINE_A,C,STANDARD,26.54,2,0.835,0.0842,0.1362,226.55,207.46,179.22,2.08,49.29,15.24,24.85,89.38,2.507,2.575,0.283
2025-12-14 08:20:00,PL03,LINE_B,A,HEAVY,60.23,1,0.9126,0.0227,0.15,54.55,53.31,45.31,4.63,45.31,24.15,26.56,96.01,6.435,6.753,0.695
2025-12-14 08:35:00,PL01,LINE_C,A,STANDARD,36.31,1,0.7855,0.2345,0.0834,77.88,59.62,54.65,2.25,53.52,19.27,25.16,97.95,3.895,4.045,0.188
2025-12-14 09:31:00,PL01,LINE_B,B,PREMIUM,46.93,2,0.8875,0.1406,0.1189,136.17,117.03,103.12,3.5,57.16,17.55,17.69,92.4,4.29,4.396,0.416
2025-12-14 09:57:00,PL02,LINE_B,C,STANDARD,70.68,1,0.9496,0.25,0.15,48.36,36.27,30.83,2.53,53.71,20.07,25.16,98.94,5.256,5.737,0.379
2025-12-14 10:29:00,PL02,LINE_B,C,STANDARD,22.64,1,0.755,0.0342,0.0137,120.06,115.96,114.37,2.74,53.31,18.38,15.65,87.34,3.49,3.501,0.038
2025-12-14 10:59:00,PL02,LINE_C,A,STANDARD,23.43,2,0.8388,0.1763,0.0304,257.73,212.3,205.84,2.43,50.28,15.8,26.22,92.29,2.866,2.88,0.074
2025-12-14 11:40:00,PL02,LINE_D,A,STANDARD,31.15,2,0.8214,0.1491,0.0195,189.88,161.57,158.42,2.03,50.1,16.32,24.73,91.15,2.593,2.605,0.04
2025-12-14 11:52:00,PL02,LINE_D,C,STANDARD,43.69,2,0.8915,0.13,0.0948,146.9,127.8,115.68,1.61,56.11,15.88,25.15,97.14,2.375,2.455,0.153
2025-12-14 12:50:00,PL02,LINE_A,C,STANDARD,32.1,1,0.8257,0.25,0.15,92.61,69.46,59.04,2.49,52.64,12.84,19.27,84.75,3.707,3.923,0.373
2025-12-14 13:17:00,PL01,LINE_B,C,STANDARD,43.15,1,0.8356,0.1999,0.0493,69.71,55.77,53.02,2.36,60.86,24.8,24.81,110.47,4.342,4.445,0.116
2025-12-14 14:32:00,PL01,LINE_A,A,STANDARD,36.5,1,0.7898,0.1165,0.0019,77.9,68.83,68.69,2.38,53.63,19.1,17.5,90.23,3.694,3.697,0.005
2025-12-14 14:59:00,PL03,LINE_C,C,HEAVY,41.22,2,0.8165,0.2359,0.0998,142.63,108.98,98.1,4.67,51.23,21.81,19.38,92.42,5.52,5.614,0.466
2025-12-14 15:03:00,PL01,LINE_C,B,HEAVY,55.1,1,0.9178,0.1502,0.1475,59.97,50.96,43.45,4.06,55.53,17.94,17.19,90.67,5.838,6.146,0.599
2025-12-14 15:12:00,PL03,LINE_B,C,STANDARD,28.1,2,0.8443,0.25,0.119,216.34,162.25,142.94,1.96,46.94,11.89,22.76,81.59,2.465,2.533,0.234
2025-12-14 15:17:00,PL01,LINE_B,A,PREMIUM,31.85,2,0.9188,0.1739,0.0628,207.74,171.61,160.83,3.38,55.85,10.2,31.57,97.63,3.944,3.982,0.212
2025-12-14 15:29:00,PL01,LINE_C,A,PREMIUM,25.3,2,0.9008,0.2365,0.0679,256.38,195.76,182.47,2.87,53.23,23.46,21.31,97.99,3.374,3.411,0.195
2025-12-14 15:30:00,PL03,LINE_D,B,PREMIUM,28.77,1,0.759,0.0567,0.1462,94.96,89.58,76.48,4.11,42.8,17.49,25.38,85.67,5.064,5.228,0.6
2025-12-14 16:25:00,PL01,LINE_A,A,PREMIUM,49.49,1,0.8378,0.0764,0.1064,60.95,56.29,50.3,3.39,58.62,16.23,29.94,104.79,5.251,5.473,0.361
2025-12-14 16:31:00,PL01,LINE_D,B,STANDARD,32.26,2,0.8142,0.1774,0.1127,181.74,149.51,132.66,1.25,57.0,13.61,33.31,103.92,1.944,2.032,0.141
2025-12-14 16:33:00,PL01,LINE_D,C,STANDARD,61.28,1,0.752,0.25,0.1103,44.18,33.13,29.48,1.77,56.66,20.78,21.91,99.35,4.765,5.137,0.195
2025-12-14 16:42:00,PL02,LINE_C,C,PREMIUM,38.05,2,0.9248,0.0214,0.0498,174.99,171.25,162.73,3.43,51.99,14.05,13.9,79.93,3.9,3.924,0.171
2025-12-14 17:09:00,PL01,LINE_A,C,STANDARD,30.56,2,0.8977,0.0443,0.0692,211.52,202.15,188.15,2.17,60.54,17.64,24.04,102.22,2.672,2.709,0.15
2025-12-14 17:37:00,PL03,LINE_B,A,PREMIUM,49.17,2,0.9554,0.0282,0.1122,139.9,135.96,120.7,3.88,45.46,14.01,23.45,82.93,4.488,4.565,0.435
2025-12-14 18:37:00,PL02,LINE_B,B,STANDARD,37.77,2,0.7978,0.0945,0.0933,152.1,137.73,124.88,2.17,52.39,20.43,20.72,93.54,2.846,2.916,0.202
2025-12-14 20:13:00,PL01,LINE_A,C,STANDARD,28.77,1,0.852,0.25,0.15,106.6,79.95,67.96,1.84,57.97,23.24,24.48,105.69,3.162,3.395,0.276
2025-12-14 21:06:00,PL02,LINE_C,A,PREMIUM,30.61,1,0.8457,0.25,0.15,99.45,74.59,63.4,3.12,47.23,18.86,18.61,84.7,4.256,4.456,0.468
2025-12-14 22:18:00,PL02,LINE_A,C,STANDARD,30.47,1,0.8344,0.0675,0.1011,98.57,91.92,82.63,1.99,54.07,26.46,26.52,107.05,3.157,3.288,0.201
2025-12-14 22:37:00,PL03,LINE_A,C,PREMIUM,29.04,1,0.8373,0.1911,0.0893,103.81,83.97,76.47,2.95,50.48,17.0,18.97,86.45,3.979,4.08,0.263
2025-12-15 00:10:00,PL02,LINE_A,C,STANDARD,26.4,1,0.8818,0.1821,0.0101,120.22,98.33,97.34,2.13,54.95,19.18,15.3,89.43,3.037,3.047,0.021
2025-12-15 00:22:00,PL02,LINE_C,B,PREMIUM,51.39,1,0.8078,0.0733,0.0527,56.59,52.44,49.68,3.2,55.89,17.02,10.91,83.81,4.802,4.891,0.169
2025-12-15 00:36:00,PL01,LINE_D,C,HEAVY,55.24,1,0.752,0.2398,0.15,49.01,37.25,31.67,5.84,55.62,22.88,18.95,97.46,8.453,8.915,0.876
2025-12-15 00:40:00,PL03,LINE_A,A,STANDARD,44.13,1,0.8561,0.0625,0.15,69.84,65.47,55.65,2.7,43.86,17.68,23.35,84.89,3.992,4.221,0.404
2025-12-15 02:51:00,PL01,LINE_D,B,STANDARD,30.76,2,0.927,0.0939,0.15,216.96,196.59,167.1,2.94,54.73,14.78,20.91,90.42,3.401,3.482,0.441
2025-12-15 04:52:00,PL01,LINE_B,C,PREMIUM,51.74,1,0.9206,0.0918,0.057,64.05,58.17,54.85,2.7,59.87,12.41,22.72,94.99,4.33,4.429,0.154
2025-12-15 05:02:00,PL02,LINE_D,B,STANDARD,33.21,1,0.854,0.0652,0.0803,92.58,86.54,79.6,2.5,51.99,16.8,17.93,86.72,3.501,3.589,0.201
2025-12-15 06:10:00,PL01,LINE_A,B,STANDARD,28.23,2,0.8269,0.1817,0.0967,210.92,172.59,155.9,2.49,59.38,22.09,30.25,111.72,3.137,3.206,0.241
2025-12-15 06:26:00,PL01,LINE_A,C,PREMIUM,29.3,2,0.8686,0.0189,0.1144,213.49,209.44,185.48,2.89,54.78,22.4,22.7,99.87,3.369,3.43,0.331
2025-12-15 07:05:00,PL03,LINE_D,B,PREMIUM,38.26,1,0.8511,0.1302,0.15,80.08,69.66,59.21,3.24,45.52,16.43,26.37,88.33,4.512,4.736,0.487
2025-12-15 07:17:00,PL01,LINE_D,B,STANDARD,55.5,1,0.763,0.25,0.0857,49.5,37.12,33.94,2.41,60.27,7.91,18.87,87.04,4.759,4.978,0.207
2025-12-15 07:52:00,PL03,LINE_A,A,PREMIUM,45.58,1,0.8754,0.25,0.0904,69.14,51.86,47.17,2.86,48.14,14.09,18.76,80.99,4.418,4.573,0.258
2025-12-15 09:07:00,PL01,LINE_A,C,STANDARD,23.8,1,0.7869,0.0467,0.0663,119.01,113.45,105.93,2.16,56.42,17.53,21.26,95.21,3.0,3.059,0.143
2025-12-15 09:29:00,PL03,LINE_B,A,STANDARD,29.27,2,0.8081,0.25,0.1139,198.76,149.07,132.09,1.7,46.93,14.14,24.9,85.97,2.281,2.355,0.194
2025-12-15 10:16:00,PL02,LINE_A,C,PREMIUM,27.13,1,0.882,0.0505,0.1133,117.05,111.14,98.55,3.69,54.35,16.99,22.86,94.2,4.541,4.649,0.418
2025-12-15 10:56:00,PL02,LINE_A,C,PREMIUM,59.29,1,0.9354,0.1726,0.15,56.8,46.99,39.94,2.38,54.45,18.17,19.26,91.87,4.339,4.684,0.358
2025-12-15 11:36:00,PL01,LINE_C,A,PREMIUM,41.52,2,0.8095,0.247,0.1018,140.36,105.69,94.93,3.44,56.92,18.78,26.83,102.53,4.408,4.518,0.35
2025-12-15 12:12:00,PL01,LINE_C,A,HEAVY,59.14,1,0.7713,0.25,0.1067,46.95,35.21,31.45,6.11,50.69,30.31,35.19,116.19,9.412,9.807,0.652
2025-12-15 13:37:00,PL01,LINE_D,A,PREMIUM,43.4,1,0.7116,0.25,0.1044,59.02,44.27,39.64,3.47,53.38,25.17,23.59,102.13,5.777,6.046,0.362
2025-12-15 14:04:00,PL02,LINE_B,C,STANDARD,52.55,1,0.9004,0.0856,0.1235,61.69,56.41,49.44,1.89,50.29,16.53,13.25,80.07,3.306,3.506,0.233
2025-12-15 14:31:00,PL01,LINE_B,C,PREMIUM,48.59,4,0.942,0.0892,0.15,279.17,254.27,216.13,2.87,60.28,26.46,17.62,104.36,3.276,3.349,0.43
2025-12-15 14:33:00,PL01,LINE_C,C,STANDARD,40.14,1,0.8434,0.25,0.1221,75.64,56.73,49.8,1.43,58.68,16.23,14.05,88.96,3.002,3.22,0.175
2025-12-15 15:13:00,PL01,LINE_A,A,HEAVY,71.31,1,0.8121,0.1575,0.0068,41.0,34.54,34.31,4.95,59.95,19.61,12.22,91.78,7.611,7.629,0.034
2025-12-15 16:23:00,PL03,LINE_D,C,PREMIUM,45.73,1,0.9019,0.25,0.0745,70.99,53.24,49.28,3.36,52.1,18.82,26.05,96.97,5.177,5.323,0.25
2025-12-15 17:24:00,PL01,LINE_A,C,PREMIUM,56.46,4,0.8773,0.1302,0.1432,223.75,194.62,166.76,2.97,55.65,13.42,23.76,92.83,3.452,3.531,0.426
2025-12-15 18:12:00,PL03,LINE_B,C,STANDARD,41.7,2,0.7872,0.0824,0.0237,135.92,124.72,121.77,1.87,49.97,24.99,21.25,96.22,2.642,2.66,0.044
2025-12-15 21:11:00,PL01,LINE_B,A,STANDARD,37.71,4,0.9156,0.0843,0.0848,349.62,320.13,292.98,1.59,53.85,13.11,23.76,90.73,1.874,1.9,0.135
2025-12-15 23:31:00,PL01,LINE_C,C,STANDARD,36.7,2,0.8139,0.25,0.0589,159.66,119.74,112.69,2.45,59.85,19.26,15.26,94.36,3.235,3.284,0.144
2025-12-16 00:47:00,PL01,LINE_A,C,STANDARD,34.27,1,0.98,0.1516,0.1409,102.95,87.34,75.04,2.26,55.65,18.19,26.23,100.07,3.402,3.589,0.318
2025-12-16 01:04:00,PL01,LINE_C,B,PREMIUM,74.14,1,0.9059,0.1065,0.0698,43.99,39.3,36.56,3.01,56.45,23.01,30.46,109.92,5.803,6.013,0.21
2025-12-16 01:39:00,PL03,LINE_B,B,STANDARD,29.3,2,0.8137,0.25,0.1095,199.95,149.96,133.55,2.05,51.55,23.56,16.2,91.32,2.655,2.73,0.224
2025-12-16 03:07:00,PL01,LINE_B,A,PREMIUM,47.25,1,0.98,0.0638,0.0998,74.67,69.9,62.92,2.55,53.02,17.5,23.62,94.14,3.899,4.048,0.255
2025-12-16 03:34:00,PL03,LINE_B,A,STANDARD,58.5,4,0.8684,0.0867,0.0283,213.75,195.23,189.7,2.61,47.62,14.75,22.17,84.55,3.045,3.058,0.074
2025-12-16 05:15:00,PL03,LINE_B,A,STANDARD,41.59,1,0.8851,0.25,0.15,76.62,57.47,48.85,2.32,46.57,9.71,23.67,79.95,3.712,3.958,0.348
2025-12-16 05:18:00,PL02,LINE_B,C,STANDARD,39.26,2,0.8046,0.25,0.0688,147.57,110.68,103.07,2.71,53.88,26.59,23.7,104.16,3.651,3.72,0.186
2025-12-16 06:31:00,PL03,LINE_C,B,STANDARD,29.24,1,0.8041,0.1563,0.138,98.99,83.52,72.0,1.54,46.17,17.28,19.11,82.56,2.527,2.685,0.212
2025-12-16 06:53:00,PL02,LINE_B,B,PREMIUM,28.88,1,0.7979,0.25,0.0395,99.47,74.6,71.65,3.27,53.41,15.69,19.32,88.41,4.459,4.507,0.129
2025-12-16 07:25:00,PL01,LINE_A,A,STANDARD,32.44,1,0.8365,0.0877,0.15,92.84,84.7,71.99,1.96,52.04,15.4,26.63,94.07,3.07,3.266,0.294
2025-12-16 07:51:00,PL03,LINE_B,C,STANDARD,33.65,2,0.8379,0.25,0.15,179.29,134.47,114.3,1.76,50.61,15.4,35.92,101.92,2.523,2.657,0.265
2025-12-16 08:03:00,PL01,LINE_B,C,PREMIUM,38.39,4,0.8594,0.25,0.15,322.34,241.76,205.49,3.1,59.73,19.41,12.56,91.69,3.477,3.544,0.465
2025-12-16 08:34:00,PL02,LINE_C,C,STANDARD,33.03,1,0.8859,0.1668,0.0937,96.55,80.44,72.91,2.17,53.36,22.73,18.6,94.69,3.345,3.466,0.203
2025-12-16 09:06:00,PL01,LINE_A,B,STANDARD,39.05,2,0.8694,0.1295,0.0162,160.29,139.53,137.27,2.13,58.24,23.19,25.47,106.91,2.894,2.907,0.034
2025-12-16 11:09:00,PL01,LINE_C,C,STANDARD,28.23,2,0.7422,0.1637,0.0656,189.28,158.29,147.91,2.06,60.28,18.56,22.93,101.77,2.7,2.745,0.135
2025-12-16 11:46:00,PL03,LINE_B,C,HEAVY,46.19,1,0.862,0.1138,0.15,67.19,59.54,50.61,5.37,47.3,18.71,13.13,79.13,6.703,6.937,0.806
2025-12-16 12:42:00,PL01,LINE_A,B,PREMIUM,36.13,1,0.9148,0.1401,0.082,91.14,78.37,71.95,3.11,56.54,20.7,29.17,106.41,4.472,4.594,0.255
2025-12-16 12:42:00,PL03,LINE_A,A,STANDARD,40.08,1,0.9109,0.25,0.0534,81.81,61.36,58.08,2.34,47.21,23.91,27.92,99.05,3.95,4.041,0.125
2025-12-16 12:59:00,PL02,LINE_B,C,STANDARD,25.13,2,0.8741,0.0398,0.0296,250.49,240.52,233.4,1.58,54.44,19.27,19.9,93.61,1.972,1.984,0.047
2025-12-16 13:15:00,PL02,LINE_B,A,PREMIUM,57.77,1,0.838,0.0272,0.1083,52.23,50.81,45.31,2.68,46.66,11.81,16.99,75.46,4.163,4.343,0.29
2025-12-16 13:26:00,PL03,LINE_D,A,PREMIUM,50.49,2,0.7705,0.0819,0.0602,109.87,100.87,94.79,4.34,47.13,19.88,26.68,93.69,5.264,5.323,0.261
2025-12-16 14:39:00,PL01,LINE_B,A,PREMIUM,36.69,2,0.8987,0.1244,0.0269,176.37,154.43,150.28,3.21,51.59,19.44,25.78,96.82,3.835,3.853,0.086
2025-12-16 15:45:00,PL02,LINE_A,B,STANDARD,35.86,1,0.9011,0.0518,0.0557,90.45,85.76,80.98,2.46,51.29,19.94,23.31,94.54,3.565,3.63,0.137
2025-12-16 16:47:00,PL01,LINE_A,A,STANDARD,28.52,2,0.7609,0.0744,0.0753,192.07,177.78,164.39,1.83,55.26,15.82,30.02,101.1,2.397,2.444,0.138
2025-12-16 17:00:00,PL02,LINE_B,B,HEAVY,96.97,1,0.9175,0.2314,0.15,34.06,26.18,22.25,3.94,49.88,20.55,22.99,93.43,7.504,8.134,0.59
2025-12-16 17:53:00,PL02,LINE_C,A,STANDARD,59.46,4,0.8094,0.25,0.15,196.01,147.01,124.96,1.73,48.41,15.39,17.12,80.91,2.279,2.376,0.259
2025-12-16 18:31:00,PL03,LINE_A,C,PREMIUM,41.78,1,0.8989,0.1806,0.15,77.45,63.46,53.94,3.79,48.26,23.5,14.59,86.36,5.148,5.388,0.568
2025-12-16 18:59:00,PL01,LINE_D,C,PREMIUM,45.91,2,0.828,0.1982,0.15,129.87,104.13,88.51,3.55,59.33,20.82,22.24,102.39,4.535,4.708,0.533
2025-12-16 19:18:00,PL02,LINE_B,C,PREMIUM,64.44,4,0.826,0.2122,0.1444,184.58,145.42,124.42,2.81,54.34,19.35,19.28,92.96,3.451,3.559,0.406
2025-12-16 19:32:00,PL01,LINE_C,B,HEAVY,54.23,1,0.8203,0.0945,0.0331,54.45,49.31,47.67,5.63,57.79,22.93,22.36,103.08,7.725,7.797,0.186
2025-12-16 19:43:00,PL02,LINE_A,A,STANDARD,34.56,1,0.7507,0.2466,0.15,78.2,58.91,50.08,1.76,49.47,17.34,20.32,87.13,3.236,3.497,0.264
2025-12-16 20:01:00,PL01,LINE_A,C,HEAVY,74.0,1,0.8545,0.0127,0.0534,41.57,41.04,38.85,5.09,61.14,22.48,22.94,106.57,7.685,7.831,0.272
2025-12-16 21:00:00,PL01,LINE_B,A,PREMIUM,65.62,1,0.8719,0.0663,0.104,47.83,44.66,40.02,3.62,55.43,20.46,23.52,99.41,5.849,6.107,0.377
2025-12-16 21:47:00,PL01,LINE_D,A,STANDARD,39.14,2,0.8932,0.1549,0.0439,164.32,138.87,132.78,2.32,55.42,19.38,22.82,97.62,3.021,3.053,0.102
2025-12-16 21:54:00,PL02,LINE_B,C,STANDARD,39.77,2,0.7487,0.25,0.1199,135.55,101.66,89.47,2.78,54.91,19.12,20.21,94.24,3.707,3.833,0.333
2025-12-16 21:58:00,PL03,LINE_D,C,PREMIUM,46.79,1,0.7535,0.25,0.15,57.97,43.48,36.96,2.8,51.79,11.37,16.35,79.51,4.632,4.955,0.421
2025-12-17 01:14:00,PL03,LINE_D,A,STANDARD,41.31,4,0.7823,0.0876,0.0644,272.72,248.82,232.8,1.63,47.09,16.14,21.52,84.75,1.966,1.989,0.105
2025-12-17 01:47:00,PL03,LINE_B,C,STANDARD,37.28,1,0.831,0.1378,0.0947,80.25,69.19,62.64,2.43,50.65,28.78,30.31,109.74,4.021,4.186,0.23
2025-12-17 01:59:00,PL01,LINE_D,B,PREMIUM,68.17,4,0.7154,0.1721,0.0511,151.12,125.11,118.72,3.29,55.59,20.78,19.58,95.96,4.058,4.1,0.168
2025-12-17 02:17:00,PL01,LINE_A,A,STANDARD,33.17,1,0.98,0.25,0.0051,106.37,79.78,79.37,1.86,55.95,18.73,24.93,99.61,3.106,3.112,0.009
2025-12-17 02:29:00,PL01,LINE_A,B,PREMIUM,63.13,2,0.9567,0.2373,0.1325,109.11,83.22,72.19,4.18,57.35,24.17,23.89,105.4,5.443,5.636,0.553
2025-12-17 02:34:00,PL01,LINE_B,B,HEAVY,78.46,2,0.842,0.1113,0.0615,77.26,68.66,64.44,5.0,56.33,22.44,20.04,98.82,6.437,6.532,0.307
2025-12-17 05:09:00,PL01,LINE_D,A,PREMIUM,57.77,4,0.9578,0.25,0.1219,238.74,179.06,157.22,3.16,51.38,25.3,15.81,92.49,3.678,3.75,0.386
2025-12-17 05:12:00,PL02,LINE_C,B,HEAVY,53.56,2,0.9008,0.1319,0.15,121.1,105.14,89.37,5.78,51.86,20.22,15.48,87.56,6.613,6.76,0.867
2025-12-17 05:44:00,PL01,LINE_A,B,PREMIUM,60.55,1,0.8797,0.0495,0.0248,52.3,49.71,48.48,4.3,56.2,19.6,26.39,102.19,6.36,6.413,0.107
2025-12-17 06:20:00,PL01,LINE_C,B,STANDARD,28.98,1,0.922,0.0943,0.0356,114.52,103.72,100.03,2.53,56.24,19.11,25.22,100.57,3.5,3.535,0.09
2025-12-17 06:30:00,PL01,LINE_A,B,STANDARD,24.34,2,0.9032,0.1734,0.0293,267.22,220.88,214.42,2.05,55.46,10.37,25.67,91.5,2.461,2.474,0.06
2025-12-17 07:54:00,PL02,LINE_D,B,STANDARD,70.88,2,0.8552,0.131,0.0239,86.87,75.5,73.69,2.57,51.78,17.05,20.31,89.14,3.751,3.78,0.061
2025-12-17 08:14:00,PL02,LINE_B,C,HEAVY,70.7,1,0.7719,0.0471,0.1121,39.3,37.45,33.25,4.47,50.85,19.15,8.74,78.74,6.57,6.835,0.501
2025-12-17 08:32:00,PL02,LINE_A,B,PREMIUM,44.14,1,0.9181,0.2022,0.0788,74.88,59.73,55.03,2.17,53.28,15.91,19.92,89.11,3.667,3.794,0.171
2025-12-17 08:39:00,PL01,LINE_A,B,STANDARD,40.96,1,0.8731,0.0402,0.0951,76.74,73.65,66.64,1.91,56.94,23.53,21.43,101.9,3.291,3.437,0.181
2025-12-17 09:04:00,PL01,LINE_A,B,STANDARD,28.06,2,0.8323,0.0332,0.0545,213.54,206.45,195.21,2.59,54.55,18.22,25.41,98.19,3.065,3.092,0.141
2025-12-17 09:10:00,PL02,LINE_A,A,STANDARD,38.51,1,0.9479,0.1991,0.1112,88.61,70.97,63.07,2.69,50.44,22.1,23.12,95.66,4.04,4.209,0.299
2025-12-17 09:40:00,PL01,LINE_C,B,PREMIUM,58.83,1,0.8734,0.1871,0.15,53.44,43.45,36.93,3.48,54.4,19.24,17.72,91.35,5.582,5.953,0.522
2025-12-17 10:05:00,PL02,LINE_C,C,STANDARD,50.27,2,0.847,0.0325,0.0288,121.32,117.38,114.0,2.11,52.97,17.06,25.3,95.32,2.922,2.946,0.061
2025-12-17 10:06:00,PL01,LINE_C,A,PREMIUM,56.05,1,0.947,0.25,0.0195,60.82,45.62,44.73,4.22,55.54,18.07,20.63,94.24,6.285,6.327,0.082
2025-12-17 10:10:00,PL01,LINE_D,C,STANDARD,44.98,2,0.7714,0.1789,0.15,123.49,101.4,86.19,2.27,54.52,23.16,17.72,95.4,3.212,3.378,0.341
2025-12-17 10:21:00,PL03,LINE_D,C,STANDARD,40.37,2,0.8666,0.25,0.15,154.54,115.91,98.52,2.02,49.57,18.0,17.06,84.63,2.755,2.884,0.304
2025-12-17 10:26:00,PL01,LINE_B,C,PREMIUM,44.95,2,0.9118,0.0405,0.0615,146.03,140.11,131.5,3.26,57.79,19.14,27.1,104.03,3.998,4.047,0.2
2025-12-17 10:27:00,PL02,LINE_D,A,HEAVY,50.47,2,0.8276,0.191,0.0838,118.06,95.51,87.51,5.97,52.1,19.69,20.84,92.63,6.944,7.033,0.501
2025-12-17 10:45:00,PL02,LINE_B,B,STANDARD,26.02,1,0.9054,0.1391,0.1146,125.27,107.85,95.49,2.78,51.07,10.78,16.75,78.6,3.513,3.608,0.319
2025-12-17 10:53:00,PL01,LINE_D,A,HEAVY,40.8,1,0.797,0.25,0.1191,70.32,52.74,46.46,5.93,56.24,25.32,20.8,102.37,7.87,8.133,0.706
2025-12-17 11:01:00,PL01,LINE_B,B,STANDARD,43.04,1,0.8439,0.0615,0.0286,70.58,66.24,64.34,2.57,57.57,16.9,26.73,101.2,4.099,4.145,0.074
2025-12-17 11:02:00,PL02,LINE_A,B,PREMIUM,36.75,1,0.8554,0.25,0.1458,83.8,62.85,53.68,2.89,51.57,12.88,27.08,91.53,4.349,4.597,0.422
2025-12-17 11:23:00,PL03,LINE_C,B,STANDARD,33.44,1,0.9441,0.1148,0.05,101.63,89.96,85.46,2.15,47.51,21.5,26.07,95.07,3.205,3.261,0.108
2025-12-17 11:55:00,PL02,LINE_A,B,PREMIUM,34.86,1,0.8901,0.25,0.068,91.94,68.95,64.27,3.24,51.66,20.92,18.56,91.14,4.561,4.657,0.22
2025-12-17 11:56:00,PL01,LINE_B,C,STANDARD,40.41,1,0.8571,0.1757,0.1063,76.35,62.94,56.25,2.36,56.3,21.06,24.21,101.58,3.974,4.166,0.251
2025-12-17 11:59:00,PL01,LINE_C,A,STANDARD,40.61,1,0.7739,0.1643,0.0641,68.61,57.34,53.66,1.98,53.07,20.84,35.14,109.05,3.88,4.01,0.127
2025-12-17 13:01:00,PL01,LINE_B,A,STANDARD,35.81,1,0.8684,0.1561,0.1433,87.3,73.67,63.11,1.82,55.97,15.74,22.2,93.91,3.097,3.311,0.261
2025-12-17 13:39:00,PL03,LINE_B,C,PREMIUM,44.95,2,0.8186,0.1509,0.0339,131.12,111.33,107.56,3.25,49.39,27.77,26.76,103.92,4.184,4.217,0.11
2025-12-17 14:38:00,PL01,LINE_A,A,STANDARD,27.72,2,0.8415,0.1143,0.1432,218.58,193.58,165.87,1.54,57.67,11.32,15.42,84.41,1.975,2.048,0.22
2025-12-17 15:02:00,PL02,LINE_D,A,STANDARD,41.22,1,0.7908,0.25,0.0677,69.06,51.79,48.29,1.51,51.97,22.78,22.17,96.92,3.381,3.517,0.102
2025-12-17 16:02:00,PL03,LINE_D,A,STANDARD,50.69,2,0.8142,0.1414,0.0977,115.65,99.29,89.6,1.45,48.12,16.0,23.87,87.98,2.34,2.436,0.142
2025-12-17 16:07:00,PL02,LINE_B,B,STANDARD,63.64,1,0.7689,0.25,0.086,43.49,32.62,29.81,2.03,51.61,15.66,20.67,87.94,4.73,4.984,0.175
2025-12-17 16:13:00,PL02,LINE_A,A,PREMIUM,64.61,1,0.8664,0.25,0.1344,48.28,36.21,31.34,2.82,52.2,27.14,28.94,108.28,5.815,6.279,0.379
2025-12-17 17:06:00,PL02,LINE_C,C,HEAVY,53.54,1,0.8459,0.0855,0.015,56.88,52.01,51.24,5.26,53.98,20.45,24.62,99.06,7.167,7.196,0.079
2025-12-17 17:56:00,PL02,LINE_B,A,HEAVY,82.24,1,0.8531,0.25,0.1205,37.34,28.01,24.63,4.86,47.8,18.0,23.46,89.26,8.049,8.485,0.586
2025-12-17 18:10:00,PL01,LINE_C,A,PREMIUM,39.7,1,0.82,0.1553,0.1483,74.36,62.81,53.49,3.27,56.2,23.93,21.71,101.83,4.894,5.177,0.486
2025-12-17 18:50:00,PL02,LINE_A,A,STANDARD,45.73,2,0.9272,0.0763,0.15,145.97,134.84,114.61,1.65,50.12,21.45,31.05,102.62,2.409,2.544,0.247
2025-12-17 18:52:00,PL02,LINE_C,B,STANDARD,43.04,1,0.9237,0.0535,0.1141,77.26,73.13,64.78,2.06,48.61,6.06,26.23,80.89,3.167,3.309,0.235
2025-12-17 19:20:00,PL02,LINE_A,B,STANDARD,23.25,2,0.9509,0.0513,0.0236,294.49,279.37,272.77,1.9,48.14,23.18,16.53,87.84,2.211,2.218,0.045
2025-12-17 19:29:00,PL01,LINE_C,A,PREMIUM,49.05,1,0.7432,0.25,0.15,54.54,40.9,34.77,3.37,57.2,13.86,23.06,94.12,5.672,6.078,0.506
2025-12-17 21:19:00,PL02,LINE_A,C,STANDARD,28.55,1,0.8111,0.1413,0.0824,102.29,87.84,80.6,2.54,51.77,15.58,15.7,83.05,3.486,3.571,0.209
2025-12-17 21:23:00,PL01,LINE_B,A,PREMIUM,41.64,1,0.8783,0.051,0.1378,75.93,72.06,62.13,3.61,52.74,22.5,22.28,97.52,4.961,5.177,0.497
2025-12-17 21:26:00,PL02,LINE_A,C,STANDARD,31.25,1,0.8641,0.1528,0.1226,99.55,84.34,74.0,2.61,53.15,15.65,21.78,90.58,3.684,3.834,0.32
2025-12-17 21:27:00,PL01,LINE_B,C,STANDARD,27.24,1,0.875,0.25,0.0738,115.64,86.73,80.32,1.77,55.63,11.53,16.05,83.21,2.725,2.801,0.13
2025-12-17 22:22:00,PL01,LINE_D,A,STANDARD,45.65,1,0.7509,0.1171,0.0611,59.21,52.28,49.08,2.45,54.44,16.77,22.77,93.98,4.249,4.366,0.15
2025-12-17 22:23:00,PL02,LINE_B,C,STANDARD,70.26,4,0.877,0.25,0.1365,179.74,134.8,116.39,1.7,52.37,23.66,12.16,88.19,2.358,2.462,0.233
2025-12-17 22:55:00,PL01,LINE_A,A,STANDARD,36.48,1,0.8072,0.1096,0.1124,79.65,70.92,62.95,1.84,56.25,26.35,16.18,98.78,3.234,3.41,0.207
2025-12-17 22:56:00,PL01,LINE_A,A,PREMIUM,45.23,2,0.8436,0.0962,0.046,134.28,121.35,115.78,4.03,60.45,24.46,26.03,110.94,4.942,4.986,0.185
2025-12-17 23:04:00,PL02,LINE_A,A,HEAVY,59.15,2,0.7378,0.1628,0.034,89.82,75.2,72.64,5.92,52.1,25.32,16.36,93.78,7.165,7.209,0.201
2025-12-17 23:26:00,PL01,LINE_C,C,PREMIUM,42.43,2,0.892,0.1191,0.15,151.36,133.33,113.33,3.39,56.94,19.78,28.49,105.21,4.182,4.321,0.509
2025-12-17 23:53:00,PL03,LINE_A,B,STANDARD,28.93,1,0.8391,0.25,0.0492,104.44,78.33,74.48,2.09,49.52,17.89,33.8,101.2,3.385,3.452,0.103
2025-12-18 00:02:00,PL01,LINE_A,C,STANDARD,23.16,2,0.7679,0.0689,0.1308,238.75,222.3,193.22,1.8,59.06,23.16,22.44,104.66,2.268,2.339,0.235
2025-12-18 00:30:00,PL02,LINE_A,B,HEAVY,40.68,1,0.8151,0.0717,0.0726,72.13,66.96,62.1,4.67,48.99,21.82,20.66,91.47,6.033,6.14,0.339
2025-12-18 01:17:00,PL01,LINE_A,A,STANDARD,53.7,1,0.8463,0.1196,0.0401,56.73,49.95,47.94,1.7,60.87,22.08,27.71,110.66,3.915,4.008,0.068
2025-12-18 01:39:00,PL01,LINE_D,C,HEAVY,48.38,1,0.7225,0.1899,0.042,53.77,43.56,41.73,5.4,57.42,15.42,18.69,91.53,7.501,7.593,0.227
2025-12-18 02:12:00,PL02,LINE_B,C,STANDARD,45.18,2,0.846,0.1583,0.1277,134.81,113.47,98.97,1.8,52.87,22.47,34.05,109.39,2.76,2.901,0.229
2025-12-18 02:41:00,PL02,LINE_B,C,STANDARD,34.71,2,0.8227,0.1462,0.11,170.64,145.7,129.67,2.23,51.81,12.87,19.9,84.58,2.815,2.887,0.246
2025-12-18 02:45:00,PL01,LINE_C,B,PREMIUM,34.33,4,0.8034,0.0975,0.15,337.0,304.13,258.51,3.79,55.16,11.44,28.12,94.73,4.098,4.153,0.568
2025-12-18 03:21:00,PL01,LINE_B,C,HEAVY,49.42,1,0.8021,0.2125,0.0497,58.43,46.01,43.73,4.72,58.19,17.6,28.68,104.48,6.99,7.108,0.234
2025-12-18 04:03:00,PL01,LINE_A,C,PREMIUM,33.34,1,0.8031,0.194,0.0493,86.72,69.9,66.46,3.59,57.48,18.18,23.09,98.75,5.004,5.078,0.177
2025-12-18 04:26:00,PL01,LINE_A,C,PREMIUM,86.78,1,0.8845,0.0973,0.15,36.69,33.12,28.15,3.9,55.78,17.2,16.34,89.32,6.596,7.072,0.585
2025-12-18 04:55:00,PL01,LINE_D,C,PREMIUM,42.39,1,0.8054,0.25,0.0411,68.4,51.3,49.19,4.24,58.04,19.4,30.65,108.08,6.351,6.442,0.174
2025-12-18 05:32:00,PL03,LINE_B,B,PREMIUM,45.29,2,0.8221,0.1365,0.15,130.7,112.87,95.94,3.9,50.93,21.48,21.99,94.4,4.733,4.88,0.584
2025-12-18 06:36:00,PL01,LINE_A,C,PREMIUM,31.75,2,0.8942,0.14,0.15,202.75,174.36,148.2,2.9,58.13,19.44,23.18,100.76,3.473,3.575,0.434
2025-12-18 09:42:00,PL01,LINE_A,B,PREMIUM,42.13,1,0.8033,0.212,0.071,68.64,54.09,50.25,3.25,56.83,14.24,26.43,97.5,5.056,5.194,0.231
2025-12-18 09:59:00,PL02,LINE_C,A,STANDARD,22.52,1,0.7279,0.2066,0.0704,116.35,92.31,85.81,2.49,52.26,20.18,26.14,98.58,3.555,3.636,0.175
2025-12-18 10:05:00,PL01,LINE_A,C,PREMIUM,58.93,1,0.8144,0.1232,0.15,49.75,43.62,37.08,3.1,58.09,23.83,21.27,103.19,5.462,5.879,0.464
2025-12-18 10:39:00,PL01,LINE_B,C,PREMIUM,38.28,1,0.854,0.0633,0.0786,80.3,75.22,69.31,3.64,56.99,16.7,31.78,105.47,5.043,5.163,0.286
2025-12-18 11:09:00,PL01,LINE_A,B,PREMIUM,36.42,2,0.9545,0.0679,0.1152,188.72,175.91,155.65,4.64,58.37,17.6,23.87,99.83,5.211,5.284,0.535
2025-12-18 11:56:00,PL02,LINE_A,B,PREMIUM,47.97,2,0.8402,0.1007,0.1265,126.1,113.41,99.06,3.29,51.53,20.37,26.71,98.61,4.161,4.287,0.416
2025-12-18 12:11:00,PL02,LINE_A,A,PREMIUM,69.64,1,0.8837,0.0955,0.0757,45.68,41.32,38.2,2.56,47.89,15.64,21.34,84.87,4.615,4.783,0.194
2025-12-18 12:23:00,PL02,LINE_C,C,STANDARD,48.17,1,0.9123,0.216,0.0696,68.17,53.45,49.73,1.92,52.01,19.22,29.39,100.62,3.805,3.946,0.134
2025-12-18 13:23:00,PL01,LINE_A,B,PREMIUM,57.46,2,0.9004,0.0829,0.0686,112.82,103.47,96.37,2.69,57.42,27.21,25.65,110.28,3.761,3.839,0.185
2025-12-18 14:29:00,PL02,LINE_D,A,STANDARD,21.72,1,0.7634,0.1876,0.107,126.51,102.78,91.78,2.46,49.33,12.62,26.96,88.91,3.321,3.425,0.263
2025-12-18 15:08:00,PL03,LINE_C,C,HEAVY,78.24,2,0.7755,0.0535,0.1237,71.37,67.55,59.19,5.95,51.27,20.71,23.62,95.59,7.367,7.567,0.736
2025-12-18 15:24:00,PL02,LINE_D,C,STANDARD,23.69,1,0.8419,0.0695,0.0687,127.96,119.07,110.89,2.61,56.6,16.97,26.76,100.32,3.453,3.515,0.179
2025-12-18 15:38:00,PL01,LINE_B,B,HEAVY,52.03,2,0.9122,0.2382,0.0564,126.22,96.15,90.73,6.27,59.48,23.22,25.12,107.81,7.387,7.454,0.354
2025-12-18 16:02:00,PL01,LINE_C,B,STANDARD,39.59,1,0.8352,0.2117,0.15,75.95,59.88,50.89,2.44,59.0,20.85,29.01,108.87,4.262,4.583,0.367
2025-12-18 16:10:00,PL03,LINE_B,B,STANDARD,40.87,2,0.8392,0.0783,0.081,147.86,136.28,125.24,1.7,49.63,10.75,14.73,75.11,2.252,2.301,0.138
2025-12-18 16:33:00,PL01,LINE_A,A,PREMIUM,54.09,2,0.8304,0.2092,0.0678,110.54,87.41,81.48,3.35,54.06,21.71,15.32,91.08,4.397,4.473,0.227
2025-12-18 16:44:00,PL01,LINE_C,A,STANDARD,35.69,2,0.8549,0.1042,0.0262,172.49,154.51,150.46,2.6,52.57,18.08,17.78,88.42,3.173,3.189,0.068
2025-12-18 16:55:00,PL02,LINE_B,C,PREMIUM,44.86,1,0.8033,0.1657,0.15,64.47,53.78,45.72,3.06,54.1,20.72,13.61,88.42,4.709,4.999,0.46
2025-12-18 16:56:00,PL01,LINE_B,A,STANDARD,36.48,1,0.8149,0.0189,0.0752,80.42,78.9,72.97,1.53,56.12,22.15,11.68,89.95,2.666,2.759,0.115
2025-12-18 17:21:00,PL01,LINE_B,B,STANDARD,39.08,1,0.8831,0.074,0.1059,81.34,75.32,67.34,2.47,55.42,21.21,18.3,94.93,3.732,3.881,0.262
2025-12-18 18:34:00,PL03,LINE_B,C,STANDARD,43.46,1,0.8843,0.0674,0.1279,73.25,68.31,59.57,2.06,49.02,12.62,21.23,82.87,3.27,3.448,0.263
2025-12-18 19:25:00,PL01,LINE_A,A,PREMIUM,43.02,1,0.8246,0.25,0.15,69.0,51.75,43.99,3.18,56.5,22.16,21.69,100.36,5.124,5.466,0.478
2025-12-18 19:59:00,PL01,LINE_D,B,STANDARD,27.61,1,0.7491,0.1366,0.0913,97.67,84.33,76.63,2.26,56.25,15.94,21.42,93.62,3.367,3.479,0.206
2025-12-18 20:05:00,PL01,LINE_C,C,STANDARD,36.54,4,0.9256,0.0213,0.0085,364.79,357.04,354.01,1.74,57.33,18.37,20.4,96.09,2.009,2.011,0.015
2025-12-18 21:09:00,PL01,LINE_A,C,HEAVY,40.11,2,0.8616,0.0501,0.15,154.64,146.89,124.86,4.99,59.46,15.84,24.29,99.59,5.672,5.792,0.749
2025-12-18 23:02:00,PL01,LINE_B,C,STANDARD,27.96,2,0.9732,0.141,0.1004,250.6,215.27,193.65,2.56,62.32,17.99,17.59,97.9,3.019,3.069,0.257
2025-12-19 00:42:00,PL03,LINE_D,B,STANDARD,33.4,1,0.8737,0.1741,0.0751,94.16,77.77,71.93,2.06,49.85,15.54,18.42,83.82,3.138,3.226,0.155
2025-12-19 03:40:00,PL01,LINE_C,A,PREMIUM,36.48,1,0.8861,0.0905,0.15,87.45,79.53,67.6,3.15,57.71,18.19,23.57,99.46,4.404,4.625,0.473
2025-12-19 04:51:00,PL03,LINE_B,C,STANDARD,36.34,1,0.7926,0.1581,0.0864,78.51,66.1,60.39,2.01,53.05,16.02,24.68,93.76,3.432,3.566,0.174
2025-12-19 05:04:00,PL01,LINE_C,A,PREMIUM,53.99,2,0.8836,0.25,0.0536,117.85,88.38,83.64,3.25,54.79,11.51,23.33,89.64,4.266,4.323,0.174
2025-12-19 05:06:00,PL01,LINE_C,B,STANDARD,44.74,1,0.8347,0.1982,0.0847,67.16,53.85,49.29,2.2,53.56,17.78,22.31,93.65,3.943,4.103,0.187
2025-12-19 06:35:00,PL03,LINE_B,A,PREMIUM,52.23,4,0.882,0.25,0.1285,243.16,182.37,158.94,3.0,48.12,8.13,24.11,80.37,3.438,3.503,0.385
2025-12-19 09:05:00,PL02,LINE_A,A,HEAVY,105.0,1,0.7225,0.0931,0.0539,24.77,22.46,21.25,3.73,48.97,31.81,24.62,105.4,8.418,8.685,0.201
2025-12-19 09:49:00,PL01,LINE_A,B,STANDARD,52.46,2,0.8939,0.137,0.0065,122.68,105.88,105.19,3.02,59.8,16.78,25.05,101.63,3.979,3.985,0.02
2025-12-19 10:41:00,PL01,LINE_A,A,HEAVY,37.72,1,0.9164,0.25,0.0796,87.45,65.59,60.37,4.42,53.09,19.62,22.16,94.86,5.866,5.991,0.352
2025-12-19 11:37:00,PL02,LINE_A,A,STANDARD,37.03,1,0.8647,0.235,0.1008,84.06,64.3,57.82,2.13,49.66,20.87,19.45,89.98,3.534,3.691,0.215
2025-12-19 12:00:00,PL03,LINE_A,B,HEAVY,52.86,1,0.8534,0.1912,0.0835,58.11,47.0,43.08,4.39,47.72,17.18,25.36,90.26,6.307,6.482,0.366
2025-12-19 12:21:00,PL01,LINE_C,A,PREMIUM,48.21,1,0.86,0.25,0.15,64.22,48.17,40.94,3.27,55.25,12.82,28.3,96.37,5.273,5.626,0.491
2025-12-19 13:29:00,PL01,LINE_B,A,STANDARD,26.66,1,0.9345,0.2089,0.1048,126.21,99.84,89.38,2.3,54.45,14.85,14.72,84.02,3.14,3.238,0.241
2025-12-19 13:55:00,PL01,LINE_A,B,HEAVY,31.4,1,0.8842,0.25,0.1164,101.37,76.03,67.17,6.9,57.29,17.46,19.97,94.72,8.141,8.306,0.803
2025-12-19 14:19:00,PL02,LINE_A,B,STANDARD,49.4,2,0.8055,0.1654,0.1208,117.4,97.99,86.15,3.06,48.52,12.72,21.63,82.87,3.902,4.018,0.369
2025-12-19 14:25:00,PL02,LINE_B,C,STANDARD,65.72,4,0.8568,0.117,0.144,187.72,165.76,141.89,2.38,54.14,19.52,20.84,94.5,2.952,3.048,0.343
2025-12-19 14:30:00,PL02,LINE_A,C,STANDARD,51.56,2,0.98,0.0929,0.0794,136.86,124.15,114.29,2.27,53.71,18.82,19.65,92.17,3.009,3.073,0.18
2025-12-19 16:01:00,PL01,LINE_C,A,PREMIUM,38.95,1,0.7865,0.0885,0.1063,72.69,66.26,59.22,2.93,54.31,15.21,17.62,87.14,4.244,4.4,0.311
2025-12-19 16:10:00,PL03,LINE_B,B,STANDARD,22.06,2,0.8883,0.1039,0.0339,289.98,259.85,251.04,2.59,48.78,14.71,17.37,80.86,2.902,2.913,0.088
2025-12-19 16:15:00,PL02,LINE_C,C,HEAVY,81.15,2,0.7761,0.0878,0.15,68.86,62.81,53.39,5.54,54.35,17.76,19.13,91.24,6.99,7.246,0.831
2025-12-19 16:17:00,PL02,LINE_A,B,STANDARD,40.1,1,0.8699,0.119,0.0096,78.1,68.81,68.15,2.39,49.22,26.3,20.88,96.4,3.79,3.803,0.023
2025-12-19 17:03:00,PL01,LINE_A,C,STANDARD,46.05,1,0.895,0.25,0.056,69.97,52.48,49.54,1.71,60.33,18.1,16.36,94.79,3.513,3.62,0.096
2025-12-19 18:58:00,PL01,LINE_C,C,STANDARD,34.15,1,0.9327,0.25,0.0407,98.33,73.75,70.75,3.31,55.54,14.86,14.85,85.26,4.462,4.512,0.134
2025-12-19 19:59:00,PL03,LINE_B,B,STANDARD,52.36,2,0.8348,0.0884,0.0448,114.8,104.66,99.97,2.48,46.15,12.61,13.05,71.82,3.166,3.198,0.111
2025-12-19 20:27:00,PL01,LINE_C,B,STANDARD,35.53,2,0.8884,0.1894,0.0577,180.02,145.92,137.5,1.4,57.33,10.09,15.6,83.02,1.966,2.0,0.081
2025-12-19 20:35:00,PL03,LINE_C,B,PREMIUM,39.82,2,0.8778,0.1812,0.1497,158.71,129.94,110.49,2.82,47.74,15.28,16.8,79.83,3.432,3.54,0.422
2025-12-19 20:44:00,PL02,LINE_A,B,HEAVY,59.07,2,0.7946,0.25,0.0671,96.84,72.63,67.76,6.22,52.72,21.22,17.16,91.1,7.477,7.567,0.418
2025-12-19 21:03:00,PL02,LINE_A,A,STANDARD,63.31,2,0.9394,0.129,0.0379,106.83,93.05,89.52,1.85,48.4,21.56,13.03,82.99,2.745,2.78,0.07
2025-12-19 22:25:00,PL01,LINE_A,A,PREMIUM,28.13,2,0.8042,0.0945,0.0591,205.84,186.4,175.38,3.36,54.79,18.7,27.99,101.48,3.905,3.939,0.199
2025-12-19 23:01:00,PL02,LINE_C,C,PREMIUM,47.02,1,0.9388,0.2217,0.1119,71.87,55.94,49.68,3.45,56.49,20.99,24.43,101.9,5.267,5.497,0.385
2025-12-19 23:22:00,PL01,LINE_A,C,STANDARD,34.06,2,0.9001,0.2176,0.1379,190.31,148.9,128.37,2.43,60.41,22.45,27.01,109.87,3.171,3.289,0.335
2025-12-19 23:35:00,PL03,LINE_C,B,STANDARD,31.59,2,0.8263,0.0794,0.0559,188.35,173.39,163.69,2.69,54.38,24.27,28.83,107.48,3.306,3.342,0.15
2025-12-20 00:03:00,PL02,LINE_C,C,STANDARD,37.18,1,0.7969,0.1841,0.1456,77.16,62.96,53.79,2.02,54.08,20.55,19.85,94.48,3.525,3.781,0.295
2025-12-20 03:29:00,PL02,LINE_B,C,STANDARD,43.94,2,0.835,0.0558,0.04,136.83,129.2,124.03,2.13,55.37,24.73,19.93,100.03,2.907,2.939,0.085
2025-12-20 03:50:00,PL02,LINE_A,C,HEAVY,66.21,1,0.9175,0.2105,0.15,49.89,39.38,33.48,3.73,54.44,14.66,25.26,94.37,6.128,6.551,0.56
2025-12-20 04:35:00,PL02,LINE_B,B,PREMIUM,33.42,1,0.8435,0.0458,0.0611,90.86,86.7,81.4,3.47,48.67,19.37,30.53,98.57,4.606,4.68,0.212
2025-12-20 04:37:00,PL01,LINE_A,A,PREMIUM,44.77,1,0.8589,0.0207,0.15,69.07,67.64,57.49,2.46,54.07,20.42,17.6,92.09,3.823,4.063,0.369
2025-12-20 05:09:00,PL01,LINE_A,A,PREMIUM,61.04,1,0.9322,0.1513,0.15,54.98,46.66,39.66,4.24,55.77,16.31,20.8,92.89,6.23,6.581,0.636
2025-12-20 05:11:00,PL02,LINE_B,C,PREMIUM,34.23,1,0.8319,0.2045,0.0268,87.5,69.61,67.74,3.59,51.81,16.7,23.94,92.44,4.923,4.959,0.096
2025-12-20 05:31:00,PL03,LINE_A,C,STANDARD,32.02,1,0.8518,0.1573,0.1326,95.78,80.72,70.01,2.22,50.32,13.44,21.52,85.29,3.281,3.443,0.295
2025-12-20 05:58:00,PL03,LINE_B,A,STANDARD,25.73,2,0.8265,0.1511,0.0628,231.25,196.31,183.98,2.32,45.56,17.59,24.07,87.23,2.766,2.796,0.146
2025-12-20 07:07:00,PL01,LINE_A,A,PREMIUM,45.16,2,0.8149,0.1298,0.0388,129.94,113.07,108.68,3.39,51.77,19.55,16.15,87.48,4.162,4.193,0.132
2025-12-20 07:23:00,PL02,LINE_B,C,PREMIUM,49.97,2,0.8594,0.1802,0.0736,123.82,101.51,94.04,2.31,55.59,26.83,22.57,104.99,3.349,3.431,0.17
2025-12-20 08:23:00,PL02,LINE_B,C,HEAVY,65.71,1,0.8561,0.25,0.1173,46.9,35.18,31.05,6.89,53.67,16.91,22.46,93.05,9.532,9.884,0.808
2025-12-20 09:41:00,PL02,LINE_C,C,HEAVY,68.69,1,0.8963,0.25,0.0563,46.98,35.23,33.25,4.54,49.7,25.61,24.28,99.6,7.371,7.54,0.256
2025-12-20 10:05:00,PL01,LINE_C,A,STANDARD,48.13,1,0.798,0.1022,0.1026,59.69,53.59,48.09,1.67,52.02,12.77,20.94,85.73,3.268,3.451,0.171
2025-12-20 10:42:00,PL02,LINE_C,A,PREMIUM,43.68,2,0.888,0.25,0.05,146.35,109.77,104.28,3.05,49.09,12.76,25.61,87.47,3.851,3.893,0.153
2025-12-20 11:04:00,PL03,LINE_D,B,STANDARD,26.24,1,0.8117,0.2225,0.1046,111.34,86.57,77.52,2.1,48.59,19.57,22.06,90.22,3.141,3.263,0.22
2025-12-20 11:08:00,PL02,LINE_C,B,STANDARD,34.31,4,0.8618,0.25,0.0614,361.65,271.24,254.58,2.62,50.16,14.46,27.1,91.72,2.955,2.977,0.161
2025-12-20 13:42:00,PL03,LINE_D,C,HEAVY,47.19,1,0.8054,0.0676,0.073,61.44,57.28,53.1,4.79,50.11,20.84,12.69,83.65,6.251,6.366,0.35
2025-12-20 14:25:00,PL03,LINE_D,B,HEAVY,43.1,1,0.758,0.2178,0.1189,63.32,49.52,43.63,5.48,48.16,20.73,26.46,95.35,7.409,7.669,0.652
2025-12-20 14:33:00,PL02,LINE_A,A,PREMIUM,24.63,2,0.8365,0.25,0.15,244.53,183.4,155.89,3.77,46.2,13.36,15.25,74.82,4.173,4.245,0.565
2025-12-20 17:05:00,PL01,LINE_A,C,PREMIUM,32.12,1,0.8989,0.1008,0.15,100.73,90.58,76.99,3.93,60.77,20.67,22.35,103.8,5.072,5.275,0.589
2025-12-20 18:53:00,PL01,LINE_D,C,STANDARD,37.53,2,0.8526,0.1512,0.0271,163.56,138.83,135.07,2.44,58.31,21.71,14.47,94.49,3.119,3.138,0.066
2025-12-20 19:43:00,PL01,LINE_C,C,PREMIUM,30.46,1,0.8496,0.0678,0.1036,100.41,93.61,83.91,3.12,59.47,18.76,8.0,86.24,4.042,4.148,0.323
2025-12-20 19:52:00,PL03,LINE_B,A,HEAVY,67.58,1,0.7541,0.0863,0.15,40.17,36.71,31.2,4.28,48.34,20.56,19.78,88.68,6.691,7.118,0.641
2025-12-20 20:04:00,PL01,LINE_B,C,HEAVY,50.01,1,0.9061,0.1139,0.0511,65.22,57.8,54.84,5.72,58.88,21.55,21.34,101.77,7.477,7.572,0.292
2025-12-20 20:41:00,PL02,LINE_B,C,HEAVY,68.83,1,0.8944,0.1658,0.0988,46.77,39.02,35.16,4.22,53.93,28.97,27.7,110.6,7.058,7.369,0.417
2025-12-20 20:54:00,PL01,LINE_A,A,PREMIUM,80.19,1,0.8179,0.0818,0.15,36.72,33.71,28.66,3.3,59.94,16.13,28.15,104.22,6.389,6.934,0.495
2025-12-20 21:08:00,PL01,LINE_A,A,STANDARD,42.54,2,0.9009,0.25,0.0639,152.48,114.36,107.05,2.74,55.05,24.76,29.44,109.24,3.692,3.757,0.175
2025-12-20 22:03:00,PL01,LINE_B,C,PREMIUM,40.15,1,0.8381,0.1759,0.0717,75.15,61.93,57.49,3.33,58.71,14.23,19.98,92.92,4.831,4.947,0.239
2025-12-20 22:44:00,PL02,LINE_B,C,PREMIUM,41.07,1,0.8683,0.1316,0.15,76.11,66.09,56.18,3.86,51.35,21.21,24.27,96.83,5.33,5.588,0.58
2025-12-20 23:28:00,PL03,LINE_D,C,STANDARD,16.77,1,0.768,0.25,0.0695,164.89,123.67,115.07,2.2,50.95,19.31,24.41,94.66,2.965,3.022,0.153
2025-12-20 23:41:00,PL01,LINE_C,A,STANDARD,39.53,1,0.8476,0.0659,0.0267,77.19,72.1,70.18,1.86,55.68,18.57,21.63,95.87,3.189,3.226,0.05
2025-12-20 23:51:00,PL01,LINE_B,B,STANDARD,34.21,1,0.8272,0.25,0.0319,87.06,65.29,63.21,2.27,54.12,23.9,18.79,96.81,3.757,3.805,0.073
2025-12-21 00:02:00,PL01,LINE_B,A,HEAVY,76.97,1,0.9192,0.0634,0.076,42.99,40.27,37.21,5.22,56.41,20.23,22.08,98.72,7.676,7.878,0.397
2025-12-21 00:46:00,PL01,LINE_A,A,PREMIUM,59.26,1,0.8317,0.2304,0.15,50.53,38.88,33.05,2.97,55.06,15.53,21.14,91.72,5.328,5.745,0.445
2025-12-21 02:00:00,PL01,LINE_B,A,STANDARD,26.38,2,0.8764,0.0682,0.15,239.16,222.85,189.42,2.3,55.32,14.39,27.12,96.82,2.739,2.816,0.346
2025-12-21 02:09:00,PL02,LINE_B,A,PREMIUM,37.33,2,0.8523,0.1632,0.114,164.38,137.56,121.88,3.63,49.47,11.27,24.12,84.86,4.246,4.326,0.414
2025-12-21 02:21:00,PL03,LINE_C,B,STANDARD,24.44,1,0.8996,0.25,0.15,132.5,99.37,84.47,2.57,46.17,22.29,19.65,88.11,3.453,3.609,0.385
2025-12-21 02:30:00,PL02,LINE_B,B,PREMIUM,40.55,1,0.9413,0.2288,0.064,83.57,64.44,60.32,3.4,50.98,21.68,19.27,91.93,4.827,4.924,0.218
2025-12-21 03:48:00,PL02,LINE_B,A,PREMIUM,80.09,2,0.8413,0.0699,0.15,75.63,70.35,59.8,3.09,47.56,14.39,23.95,85.89,4.314,4.53,0.464
2025-12-21 03:50:00,PL03,LINE_B,A,STANDARD,28.28,2,0.8396,0.25,0.0521,213.77,160.33,151.97,2.01,48.84,16.35,15.41,80.6,2.516,2.543,0.105
2025-12-21 04:15:00,PL01,LINE_D,A,STANDARD,59.82,1,0.701,0.1733,0.15,42.18,34.87,29.64,2.07,55.41,17.2,29.85,102.46,5.011,5.529,0.311
2025-12-21 05:11:00,PL01,LINE_B,B,STANDARD,45.28,1,0.8768,0.0978,0.1467,69.71,62.9,53.67,3.13,56.48,19.2,16.95,92.63,4.6,4.853,0.459
2025-12-21 06:25:00,PL02,LINE_B,C,STANDARD,38.56,2,0.8702,0.1546,0.1468,162.48,137.36,117.2,2.1,54.75,17.22,24.04,96.01,2.798,2.919,0.308
2025-12-21 08:08:00,PL01,LINE_D,B,STANDARD,28.43,4,0.7465,0.0548,0.0739,378.1,357.37,330.94,2.33,53.72,14.32,24.49,92.53,2.587,2.607,0.172
2025-12-21 08:22:00,PL01,LINE_A,B,PREMIUM,52.85,2,0.8623,0.0407,0.15,117.47,112.69,95.79,2.54,58.54,11.25,22.34,92.12,3.36,3.504,0.381
2025-12-21 08:41:00,PL01,LINE_C,C,STANDARD,48.15,1,0.8476,0.1841,0.0371,63.37,51.71,49.79,2.17,58.63,19.37,33.55,111.54,4.329,4.412,0.081
2025-12-21 08:59:00,PL02,LINE_A,A,STANDARD,32.28,2,0.9151,0.1394,0.15,204.12,175.66,149.31,2.08,51.1,22.88,19.42,93.41,2.615,2.709,0.313
2025-12-21 09:09:00,PL01,LINE_A,A,STANDARD,42.0,1,0.8782,0.1451,0.0459,75.26,64.35,61.39,2.2,53.41,18.65,22.61,94.67,3.674,3.744,0.101
2025-12-21 09:28:00,PL02,LINE_B,B,STANDARD,29.29,1,0.7898,0.0625,0.1258,97.06,90.99,79.55,2.04,52.56,20.37,21.79,94.71,3.084,3.233,0.257
2025-12-21 09:47:00,PL03,LINE_C,C,STANDARD,34.33,1,0.8652,0.0262,0.0367,90.74,88.36,85.12,1.85,47.67,18.59,18.3,84.56,2.811,2.847,0.068
2025-12-21 10:22:00,PL01,LINE_A,C,STANDARD,18.15,4,0.8349,0.0341,0.0157,662.31,639.75,629.7,1.94,54.86,22.8,19.94,97.59,2.095,2.097,0.031
2025-12-21 11:13:00,PL01,LINE_C,B,STANDARD,27.13,1,0.7865,0.1433,0.0426,104.37,89.41,85.6,2.66,55.82,21.83,14.23,91.88,3.683,3.729,0.113
2025-12-21 11:28:00,PL03,LINE_A,B,HEAVY,52.13,1,0.888,0.25,0.0758,61.32,45.99,42.5,4.64,49.27,16.2,20.1,85.58,6.498,6.651,0.352
2025-12-21 12:09:00,PL03,LINE_C,C,STANDARD,37.17,1,0.8891,0.1336,0.15,86.11,74.6,63.41,2.75,51.15,26.06,19.17,96.38,4.041,4.269,0.412
2025-12-21 12:32:00,PL03,LINE_C,A,PREMIUM,38.37,1,0.845,0.2003,0.15,79.28,63.4,53.89,3.86,46.96,20.61,8.0,75.57,5.049,5.259,0.579
2025-12-21 14:04:00,PL01,LINE_A,B,STANDARD,39.49,2,0.8311,0.0592,0.0263,151.54,142.57,138.82,1.96,55.73,25.85,17.16,98.74,2.654,2.673,0.052
2025-12-21 15:15:00,PL01,LINE_A,A,PREMIUM,55.61,1,0.7522,0.1598,0.0593,48.7,40.92,38.49,2.39,58.8,15.91,22.57,97.29,4.767,4.917,0.142
2025-12-21 16:40:00,PL03,LINE_D,C,PREMIUM,67.6,1,0.7917,0.1397,0.1356,42.16,36.27,31.35,3.84,51.22,17.79,26.02,95.02,6.458,6.869,0.52
2025-12-21 17:04:00,PL03,LINE_C,A,STANDARD,38.67,1,0.8268,0.25,0.1123,76.97,57.73,51.24,2.52,48.03,17.08,21.35,86.46,4.021,4.21,0.283
2025-12-21 18:39:00,PL01,LINE_A,C,STANDARD,42.76,1,0.8636,0.0559,0.096,72.7,68.64,62.05,2.16,59.19,19.89,23.7,102.78,3.656,3.815,0.207
2025-12-21 19:06:00,PL01,LINE_A,A,STANDARD,38.13,1,0.9397,0.1313,0.0924,88.71,77.06,69.94,2.2,53.91,11.22,25.24,90.37,3.372,3.492,0.203
2025-12-21 19:20:00,PL03,LINE_C,B,STANDARD,35.27,1,0.8976,0.1973,0.005,91.61,73.53,73.16,2.12,46.84,21.67,18.89,87.4,3.313,3.319,0.011
2025-12-21 19:41:00,PL01,LINE_A,C,PREMIUM,30.64,1,0.7612,0.25,0.0286,89.43,67.07,65.15,3.57,59.51,21.06,22.01,102.57,5.096,5.14,0.102
2025-12-21 19:52:00,PL03,LINE_A,B,PREMIUM,53.68,1,0.9546,0.1343,0.0566,64.02,55.42,52.29,2.9,45.99,22.14,20.05,88.18,4.488,4.583,0.164
2025-12-21 20:01:00,PL03,LINE_A,A,PREMIUM,51.6,2,0.7801,0.0301,0.0765,108.87,105.59,97.51,3.15,47.18,13.8,23.36,84.34,3.952,4.018,0.241
2025-12-21 20:19:00,PL01,LINE_B,C,STANDARD,29.89,1,0.9432,0.25,0.15,113.61,85.21,72.43,2.18,59.14,14.5,19.96,93.59,3.274,3.468,0.326
2025-12-21 20:25:00,PL03,LINE_A,A,HEAVY,91.83,1,0.7947,0.25,0.0874,31.16,23.37,21.32,5.98,49.05,22.75,31.06,102.86,10.378,10.8,0.522
2025-12-21 21:04:00,PL02,LINE_D,C,PREMIUM,32.06,4,0.8396,0.25,0.15,377.17,282.88,240.44,3.28,54.57,23.5,25.36,103.43,3.646,3.711,0.492
2025-12-21 21:24:00,PL02,LINE_C,C,HEAVY,44.03,2,0.8675,0.0135,0.0967,141.87,139.95,126.42,6.26,52.36,19.11,20.45,91.92,6.913,6.984,0.605
2025-12-21 21:40:00,PL01,LINE_A,B,STANDARD,33.96,1,0.7694,0.0931,0.1299,81.57,73.98,64.36,1.91,57.54,13.77,23.29,94.59,3.188,3.379,0.248
2025-12-21 22:38:00,PL02,LINE_A,C,HEAVY,50.35,1,0.8694,0.0948,0.15,62.16,56.27,47.83,4.16,52.71,23.4,16.64,92.75,5.809,6.1,0.624
2025-12-21 23:21:00,PL01,LINE_D,B,HEAVY,49.25,2,0.9624,0.1115,0.0899,140.7,125.01,113.77,4.47,55.58,16.09,25.11,96.79,5.24,5.317,0.402
2025-12-21 23:27:00,PL01,LINE_B,C,STANDARD,39.84,1,0.8483,0.155,0.0829,76.66,64.78,59.41,2.17,61.27,19.02,28.83,109.12,3.853,4.005,0.18
2025-12-21 23:57:00,PL02,LINE_A,C,STANDARD,45.43,2,0.8426,0.1521,0.0108,133.56,113.24,112.02,2.4,54.43,20.24,23.66,98.32,3.272,3.282,0.026
2025-12-22 00:47:00,PL01,LINE_D,A,STANDARD,25.19,2,0.8123,0.078,0.0444,232.17,214.06,204.55,1.45,55.06,15.11,24.29,94.45,1.89,1.91,0.064
2025-12-22 00:54:00,PL01,LINE_B,B,HEAVY,50.68,1,0.7707,0.25,0.0571,54.74,41.06,38.71,3.16,58.36,23.02,14.64,96.01,5.494,5.636,0.18
2025-12-22 01:10:00,PL02,LINE_B,A,STANDARD,36.35,1,0.8892,0.25,0.1361,88.06,66.04,57.05,1.19,49.42,14.17,30.85,94.44,2.621,2.846,0.162
2025-12-22 01:48:00,PL01,LINE_A,C,PREMIUM,49.87,1,0.8316,0.198,0.15,60.03,48.14,40.92,4.18,56.14,19.44,21.8,97.38,6.199,6.556,0.626
2025-12-22 01:51:00,PL02,LINE_B,A,STANDARD,23.56,1,0.8769,0.0397,0.1157,133.99,128.67,113.79,2.72,50.13,22.33,27.34,99.8,3.492,3.593,0.314
2025-12-22 01:56:00,PL02,LINE_A,B,PREMIUM,33.2,2,0.7948,0.25,0.0391,172.37,129.28,124.23,3.69,54.6,20.57,16.9,92.08,4.399,4.428,0.144
2025-12-22 02:46:00,PL01,LINE_C,B,STANDARD,36.87,2,0.8518,0.2357,0.1115,166.34,127.14,112.97,1.98,54.74,17.07,29.69,101.5,2.779,2.879,0.221
2025-12-22 03:33:00,PL03,LINE_B,A,HEAVY,64.81,1,0.8368,0.1705,0.0595,46.49,38.56,36.26,4.65,50.56,20.35,22.35,93.26,7.07,7.223,0.277
2025-12-22 04:59:00,PL01,LINE_B,C,STANDARD,45.59,1,0.9457,0.2074,0.0651,74.68,59.2,55.34,2.15,58.95,21.39,17.14,97.49,3.8,3.915,0.14
2025-12-22 05:24:00,PL01,LINE_B,A,PREMIUM,45.99,4,0.98,0.25,0.0799,306.85,230.13,211.74,3.9,55.58,17.33,23.65,96.56,4.317,4.354,0.311
2025-12-22 05:51:00,PL01,LINE_C,B,STANDARD,39.14,1,0.7512,0.0756,0.0838,69.09,63.87,58.51,1.83,51.7,11.96,29.78,93.44,3.29,3.424,0.153
2025-12-22 06:16:00,PL02,LINE_D,B,HEAVY,46.02,1,0.7696,0.0428,0.0963,60.2,57.62,52.07,4.75,53.97,17.76,18.16,89.89,6.307,6.474,0.457
2025-12-22 06:34:00,PL01,LINE_C,A,STANDARD,47.8,2,0.832,0.1152,0.057,125.32,110.88,104.56,2.49,56.93,18.05,20.38,95.37,3.345,3.397,0.142
2025-12-22 07:19:00,PL02,LINE_C,B,PREMIUM,46.03,2,0.98,0.1123,0.0756,153.28,136.07,125.79,3.45,52.19,16.27,22.5,90.96,4.117,4.172,0.261
2025-12-22 08:12:00,PL02,LINE_A,C,HEAVY,68.09,2,0.8087,0.0502,0.15,85.51,81.22,69.03,5.58,54.32,22.64,19.09,96.05,6.76,6.969,0.837
2025-12-22 08:12:00,PL02,LINE_A,C,STANDARD,38.27,2,0.9315,0.0248,0.0421,175.23,170.89,163.69,2.8,52.74,20.11,18.89,91.74,3.337,3.361,0.118
2025-12-22 08:26:00,PL01,LINE_C,C,STANDARD,36.38,2,0.8743,0.1521,0.1188,173.04,146.72,129.29,1.99,53.8,17.31,20.18,91.28,2.609,2.693,0.236
2025-12-22 09:11:00,PL01,LINE_A,A,PREMIUM,60.46,2,0.7714,0.1885,0.0867,91.86,74.55,68.08,4.27,55.54,16.27,21.54,93.35,5.52,5.639,0.37
2025-12-22 11:12:00,PL03,LINE_A,C,HEAVY,60.87,1,0.7299,0.0692,0.0808,43.17,40.19,36.94,5.88,52.87,20.63,30.43,103.93,8.468,8.695,0.475
2025-12-22 12:48:00,PL02,LINE_C,B,PREMIUM,54.48,1,0.8837,0.25,0.1328,58.4,43.8,37.99,2.66,53.12,17.56,21.14,91.81,4.752,5.073,0.353
2025-12-22 13:10:00,PL03,LINE_C,C,STANDARD,32.04,1,0.8109,0.0494,0.1394,91.11,86.6,74.53,2.74,47.09,6.32,23.46,76.87,3.627,3.771,0.382
2025-12-22 14:15:00,PL02,LINE_C,B,STANDARD,25.59,2,0.8239,0.1165,0.15,231.84,204.82,174.09,2.12,49.69,21.08,27.69,98.46,2.603,2.688,0.318
2025-12-22 14:58:00,PL02,LINE_B,A,PREMIUM,44.86,1,0.6878,0.1428,0.0753,55.2,47.31,43.75,3.81,51.35,10.35,22.84,84.54,5.598,5.743,0.287
2025-12-22 15:33:00,PL01,LINE_D,C,STANDARD,33.87,1,0.8419,0.25,0.119,89.49,67.11,59.13,2.12,58.39,16.76,8.0,83.15,3.36,3.527,0.252
2025-12-22 15:34:00,PL02,LINE_B,B,STANDARD,44.16,1,0.7306,0.1051,0.0926,59.57,53.31,48.37,1.87,55.39,17.54,18.78,91.71,3.593,3.769,0.173
2025-12-22 16:09:00,PL02,LINE_A,C,STANDARD,51.52,2,0.98,0.1059,0.0973,136.95,122.45,110.54,2.18,55.17,12.91,31.3,99.38,2.993,3.08,0.212
2025-12-22 18:04:00,PL02,LINE_C,B,STANDARD,32.6,4,0.9003,0.25,0.15,397.67,298.25,253.52,2.16,48.9,17.36,24.26,90.52,2.465,2.519,0.324
2025-12-22 18:32:00,PL02,LINE_D,B,PREMIUM,61.85,1,0.8212,0.25,0.0893,47.8,35.85,32.65,3.87,53.6,14.08,19.24,86.92,6.293,6.531,0.345
2025-12-22 19:20:00,PL01,LINE_A,C,STANDARD,34.73,1,0.8049,0.0513,0.0122,83.42,79.15,78.18,1.78,60.61,12.3,21.22,94.13,2.971,2.986,0.022
2025-12-22 19:53:00,PL01,LINE_A,A,STANDARD,31.29,1,0.8384,0.1259,0.0344,96.47,84.32,81.41,1.74,55.74,17.53,25.17,98.44,2.91,2.952,0.06
2025-12-22 21:20:00,PL01,LINE_B,C,PREMIUM,25.65,1,0.7886,0.25,0.111,110.67,83.0,73.79,3.2,59.75,18.86,19.52,98.14,4.384,4.532,0.355
2025-12-22 21:46:00,PL02,LINE_C,B,STANDARD,26.43,2,0.8401,0.25,0.15,228.86,171.64,145.9,2.37,49.74,21.85,23.63,95.22,2.924,3.022,0.355
2025-12-22 22:48:00,PL01,LINE_A,B,STANDARD,29.34,1,0.8209,0.25,0.0434,100.72,75.54,72.27,2.13,57.68,19.19,18.79,95.66,3.393,3.45,0.092
2025-12-22 23:08:00,PL01,LINE_A,C,HEAVY,55.24,1,0.7786,0.25,0.15,50.74,38.05,32.35,4.36,60.73,23.23,26.85,110.81,7.271,7.785,0.654
2025-12-23 00:23:00,PL01,LINE_C,A,STANDARD,32.31,1,0.8013,0.0973,0.0376,89.29,80.6,77.57,2.73,57.42,18.34,30.64,106.41,4.053,4.105,0.103
2025-12-23 00:26:00,PL01,LINE_B,C,STANDARD,34.84,2,0.9126,0.1031,0.1457,188.59,169.15,144.52,2.04,59.41,18.17,27.78,105.36,2.667,2.774,0.298
2025-12-23 01:49:00,PL01,LINE_A,C,PREMIUM,75.75,1,0.8501,0.0788,0.15,40.4,37.22,31.64,2.88,58.25,23.97,18.81,101.04,5.595,6.074,0.432
2025-12-23 02:01:00,PL02,LINE_D,A,HEAVY,47.32,1,0.9454,0.1655,0.0543,71.93,60.02,56.76,4.11,53.74,22.38,22.06,98.18,5.747,5.841,0.223
2025-12-23 02:57:00,PL01,LINE_A,C,STANDARD,26.96,1,0.8805,0.077,0.0645,117.57,108.52,101.52,1.26,56.74,17.44,18.87,93.05,2.114,2.173,0.081
2025-12-23 02:58:00,PL01,LINE_C,C,STANDARD,39.52,2,0.8889,0.1965,0.054,161.97,130.14,123.12,2.24,56.87,25.01,21.39,103.28,3.036,3.081,0.121
2025-12-23 03:23:00,PL01,LINE_B,B,PREMIUM,44.41,1,0.8715,0.2481,0.15,70.65,53.12,45.16,3.4,55.22,19.73,20.59,95.54,5.203,5.52,0.511
2025-12-23 03:24:00,PL03,LINE_A,A,STANDARD,39.06,2,0.8433,0.1311,0.0378,155.46,135.08,129.97,2.06,48.5,22.04,28.75,99.29,2.792,2.821,0.078
2025-12-23 03:30:00,PL03,LINE_B,C,PREMIUM,49.01,1,0.98,0.0136,0.15,71.99,71.01,60.36,3.21,48.75,14.84,11.74,75.34,4.27,4.458,0.481
2025-12-23 03:46:00,PL03,LINE_C,C,STANDARD,37.31,1,0.7995,0.0668,0.0171,77.15,71.99,70.76,1.86,48.22,20.5,24.16,92.88,3.153,3.175,0.032
2025-12-23 04:25:00,PL03,LINE_A,B,PREMIUM,47.88,2,0.8203,0.2083,0.133,123.35,97.66,84.68,3.5,47.49,21.79,19.99,89.28,4.412,4.552,0.465
2025-12-23 04:28:00,PL01,LINE_C,B,STANDARD,29.84,1,0.6727,0.0604,0.1385,81.16,76.26,65.7,2.26,54.1,23.77,32.74,110.61,3.71,3.943,0.313
2025-12-23 04:52:00,PL01,LINE_A,B,STANDARD,59.1,1,0.9232,0.1817,0.0492,56.24,46.02,43.75,2.68,56.11,20.54,24.81,101.46,4.889,5.003,0.132
2025-12-23 06:17:00,PL01,LINE_B,C,PREMIUM,34.36,1,0.8546,0.25,0.0711,89.53,67.15,62.38,3.52,58.48,20.5,23.93,102.92,5.049,5.166,0.25
2025-12-23 06:44:00,PL01,LINE_B,B,STANDARD,47.89,1,0.98,0.1734,0.15,73.67,60.9,51.77,2.36,59.77,19.87,9.68,89.32,3.824,4.083,0.354
2025-12-23 07:05:00,PL01,LINE_D,B,STANDARD,32.54,1,0.7707,0.1029,0.1485,85.27,76.5,65.14,2.87,57.92,24.94,20.71,103.56,4.219,4.455,0.426
2025-12-23 07:27:00,PL02,LINE_B,A,STANDARD,36.61,2,0.8805,0.1535,0.0326,173.18,146.6,141.82,2.14,50.99,16.93,27.94,95.86,2.79,2.812,0.07
2025-12-23 08:45:00,PL01,LINE_A,C,STANDARD,33.73,1,0.764,0.1631,0.0307,81.54,68.24,66.14,2.34,57.53,11.03,22.8,91.36,3.676,3.719,0.072
2025-12-23 09:52:00,PL01,LINE_A,A,STANDARD,35.68,1,0.8809,0.25,0.1043,88.89,66.66,59.71,2.31,55.3,15.08,22.18,92.56,3.702,3.864,0.241
2025-12-23 10:05:00,PL01,LINE_B,B,PREMIUM,38.94,2,0.9048,0.1724,0.031,167.3,138.45,134.15,2.77,56.89,20.01,22.12,99.03,3.481,3.504,0.086
2025-12-23 11:02:00,PL01,LINE_A,C,HEAVY,36.33,1,0.7889,0.1036,0.1168,78.17,70.07,61.89,4.78,57.34,22.52,28.22,108.07,6.322,6.526,0.558
2025-12-23 11:13:00,PL02,LINE_A,A,PREMIUM,62.98,2,0.8672,0.167,0.0741,99.15,82.59,76.47,3.14,48.53,17.89,20.98,87.41,4.201,4.286,0.233
2025-12-23 11:37:00,PL01,LINE_C,B,STANDARD,35.44,4,0.8526,0.25,0.0425,346.42,259.82,248.77,1.24,57.97,23.01,12.89,93.87,1.598,1.614,0.053
2025-12-23 11:48:00,PL01,LINE_B,A,STANDARD,41.86,2,0.8493,0.1991,0.1194,146.08,117.0,103.03,1.73,54.64,23.34,24.99,102.98,2.612,2.731,0.207
2025-12-23 12:41:00,PL02,LINE_A,A,STANDARD,29.22,2,0.9323,0.25,0.0948,229.75,172.31,155.98,2.18,54.1,14.82,25.65,94.57,2.726,2.783,0.206
2025-12-23 12:56:00,PL01,LINE_A,A,STANDARD,31.71,2,0.7688,0.2152,0.0815,174.57,137.01,125.85,1.94,58.08,14.09,31.81,103.98,2.695,2.762,0.158
2025-12-23 13:55:00,PL03,LINE_C,B,STANDARD,35.74,1,0.7293,0.1763,0.0535,73.47,60.52,57.28,1.99,48.3,17.37,19.83,85.5,3.406,3.486,0.107
2025-12-23 14:57:00,PL02,LINE_C,C,PREMIUM,55.23,1,0.8674,0.1135,0.059,56.54,50.12,47.16,3.5,51.62,20.12,21.86,93.6,5.369,5.487,0.207
2025-12-23 15:31:00,PL01,LINE_C,C,STANDARD,40.58,4,0.8293,0.1592,0.139,294.31,247.47,213.06,1.81,59.3,17.43,17.58,94.31,2.187,2.249,0.251
2025-12-23 16:08:00,PL01,LINE_B,B,HEAVY,62.73,1,0.9322,0.0402,0.0199,53.5,51.35,50.33,6.86,56.06,20.34,20.79,97.19,8.749,8.788,0.136
2025-12-23 16:16:00,PL02,LINE_C,B,PREMIUM,42.18,2,0.8527,0.0693,0.117,145.55,135.46,119.6,3.52,52.24,14.84,20.89,87.96,4.169,4.256,0.412
2025-12-23 17:18:00,PL03,LINE_B,B,STANDARD,50.58,1,0.8096,0.1178,0.0079,57.62,50.83,50.43,2.22,46.31,19.16,28.12,93.59,4.065,4.079,0.017
2025-12-23 18:02:00,PL01,LINE_C,A,PREMIUM,69.61,2,0.9405,0.1565,0.1384,97.27,82.05,70.69,3.14,53.92,20.31,18.8,93.03,4.269,4.451,0.434
2025-12-23 18:12:00,PL03,LINE_A,B,STANDARD,48.51,1,0.921,0.0899,0.0772,68.35,62.21,57.4,2.32,47.99,19.45,29.37,96.81,3.881,4.011,0.179
2025-12-23 18:39:00,PL02,LINE_B,B,STANDARD,40.35,2,0.829,0.0498,0.0372,147.93,140.57,135.33,1.91,53.4,19.78,26.58,99.77,2.617,2.644,0.071
2025-12-23 19:16:00,PL02,LINE_D,A,STANDARD,41.42,2,0.8156,0.0393,0.15,141.77,136.2,115.77,2.48,47.46,14.97,27.72,90.16,3.142,3.259,0.372
2025-12-23 19:24:00,PL02,LINE_B,B,PREMIUM,43.7,2,0.895,0.0914,0.095,147.46,133.98,121.25,3.83,50.77,21.13,18.27,90.17,4.501,4.572,0.364
2025-12-23 19:52:00,PL02,LINE_C,C,PREMIUM,74.24,1,0.7562,0.0479,0.1093,36.67,34.91,31.1,2.95,49.27,24.1,23.41,96.77,5.72,6.06,0.322
2025-12-23 20:30:00,PL01,LINE_D,B,STANDARD,39.16,2,0.8823,0.1887,0.101,162.2,131.59,118.3,2.75,57.07,15.38,25.0,97.45,3.495,3.579,0.278
2025-12-23 21:16:00,PL01,LINE_B,A,STANDARD,60.88,2,0.8708,0.1684,0.15,102.98,85.64,72.79,1.95,53.78,17.01,19.98,90.77,3.01,3.197,0.292
2025-12-23 21:49:00,PL03,LINE_A,A,STANDARD,35.95,1,0.8686,0.1428,0.1102,86.99,74.57,66.35,2.28,44.13,24.43,24.58,93.13,3.528,3.683,0.251
2025-12-23 22:44:00,PL01,LINE_C,A,PREMIUM,46.67,2,0.9138,0.087,0.0903,140.97,128.71,117.09,3.14,53.96,17.62,18.49,90.07,3.84,3.909,0.283
2025-12-23 22:49:00,PL02,LINE_A,A,STANDARD,36.81,1,0.9224,0.1534,0.0646,90.21,76.37,71.43,2.4,50.9,31.09,27.31,109.3,3.836,3.935,0.155
2025-12-23 23:17:00,PL03,LINE_D,C,STANDARD,27.39,1,0.7903,0.2006,0.15,103.88,83.04,70.58,1.97,47.18,20.7,29.02,96.9,3.137,3.343,0.295
2025-12-23 23:24:00,PL01,LINE_A,C,STANDARD,32.83,2,0.7734,0.0175,0.1227,169.64,166.67,146.22,1.81,58.95,20.47,19.17,98.59,2.399,2.482,0.222
2025-12-24 01:35:00,PL02,LINE_B,A,STANDARD,33.26,2,0.8847,0.1006,0.0193,191.54,172.27,168.93,2.23,46.9,12.7,28.32,87.91,2.744,2.754,0.043
2025-12-24 01:56:00,PL01,LINE_A,A,PREMIUM,47.46,4,0.7837,0.0358,0.1021,237.81,229.29,205.89,3.15,52.46,19.21,18.21,89.88,3.543,3.587,0.322
2025-12-24 01:56:00,PL01,LINE_B,B,PREMIUM,44.76,1,0.8828,0.0912,0.097,71.0,64.53,58.27,3.6,59.55,16.76,18.86,95.17,5.078,5.237,0.349
2025-12-24 02:20:00,PL01,LINE_B,B,STANDARD,32.41,4,0.843,0.0708,0.144,374.53,348.02,297.89,2.39,56.88,18.52,22.96,98.36,2.675,2.723,0.345
2025-12-24 03:00:00,PL02,LINE_C,A,STANDARD,39.82,1,0.9188,0.1328,0.1283,83.07,72.04,62.79,1.97,46.44,15.6,28.15,90.19,3.225,3.409,0.253
2025-12-24 03:21:00,PL01,LINE_A,A,STANDARD,37.17,1,0.889,0.172,0.15,86.1,71.29,60.59,2.54,56.91,22.35,26.12,105.38,4.016,4.277,0.381
2025-12-24 03:25:00,PL03,LINE_D,C,PREMIUM,52.31,1,0.9048,0.1794,0.1127,62.27,51.1,45.34,3.38,49.47,17.78,21.88,89.12,5.126,5.348,0.381
2025-12-24 03:58:00,PL01,LINE_D,C,HEAVY,85.13,1,0.8188,0.2145,0.0694,34.63,27.2,25.31,4.05,62.38,23.71,35.22,121.3,8.513,8.845,0.281
2025-12-24 03:59:00,PL02,LINE_B,C,HEAVY,59.67,2,0.7766,0.069,0.15,93.7,87.24,74.15,5.78,52.02,19.53,22.56,94.11,6.855,7.045,0.866
2025-12-24 04:35:00,PL02,LINE_D,B,STANDARD,36.19,1,0.8436,0.112,0.15,83.92,74.52,63.34,2.09,54.53,15.7,21.2,91.42,3.319,3.535,0.314
2025-12-24 05:35:00,PL03,LINE_A,C,STANDARD,29.06,1,0.9481,0.0876,0.1337,117.43,107.14,92.82,2.59,51.38,20.34,22.12,93.84,3.47,3.605,0.347
2025-12-24 05:59:00,PL01,LINE_D,A,STANDARD,32.07,1,0.7386,0.1355,0.15,82.9,71.67,60.92,2.23,53.36,20.91,25.97,100.24,3.627,3.873,0.334
2025-12-24 06:22:00,PL03,LINE_C,B,PREMIUM,32.57,1,0.9007,0.116,0.1116,99.55,88.0,78.18,3.13,47.47,15.02,19.19,81.68,4.06,4.176,0.35
2025-12-24 06:27:00,PL02,LINE_A,A,STANDARD,37.19,2,0.8205,0.25,0.0248,158.85,119.14,116.18,1.65,46.09,23.83,21.78,91.7,2.42,2.44,0.041
2025-12-24 07:19:00,PL01,LINE_B,A,HEAVY,59.92,2,0.879,0.0601,0.15,105.62,99.27,84.38,4.31,55.47,22.52,14.53,92.51,5.243,5.408,0.647
2025-12-24 07:27:00,PL01,LINE_C,B,PREMIUM,49.5,4,0.8783,0.2071,0.0518,255.51,202.58,192.1,3.28,57.8,16.03,21.8,95.63,3.753,3.778,0.17
2025-12-24 07:30:00,PL02,LINE_A,C,STANDARD,33.6,4,0.8821,0.1877,0.0997,378.11,307.14,276.51,2.34,53.0,9.87,29.04,91.9,2.635,2.668,0.233
2025-12-24 07:50:00,PL02,LINE_C,B,PREMIUM,42.35,1,0.8326,0.0876,0.0678,70.77,64.57,60.19,3.03,49.88,19.86,24.96,94.7,4.497,4.603,0.205
2025-12-24 08:27:00,PL01,LINE_C,B,STANDARD,43.8,2,0.8792,0.118,0.0592,144.53,127.48,119.93,2.14,56.02,13.35,23.2,92.57,2.863,2.909,0.127
2025-12-24 09:08:00,PL01,LINE_B,A,STANDARD,40.32,1,0.7896,0.096,0.15,70.5,63.73,54.17,2.45,54.28,21.77,27.87,103.92,4.077,4.365,0.367
2025-12-24 09:09:00,PL02,LINE_A,A,HEAVY,46.47,1,0.7145,0.0359,0.1465,55.34,53.36,45.54,4.72,48.2,20.75,15.9,84.86,6.306,6.579,0.691
2025-12-24 09:23:00,PL03,LINE_B,B,STANDARD,35.82,1,0.8394,0.1271,0.0154,84.36,73.63,72.5,1.78,50.93,14.52,25.8,91.25,3.022,3.041,0.028
2025-12-24 09:38:00,PL02,LINE_C,C,HEAVY,58.72,1,0.9758,0.1709,0.0501,59.83,49.6,47.11,5.02,50.02,14.92,16.58,81.51,6.666,6.752,0.252
2025-12-24 09:41:00,PL01,LINE_C,A,STANDARD,26.13,1,0.8213,0.2245,0.0433,113.15,87.75,83.95,2.25,55.25,17.28,23.16,95.69,3.338,3.388,0.097
2025-12-24 09:48:00,PL01,LINE_C,B,STANDARD,31.24,4,0.9176,0.0498,0.0294,422.93,401.87,390.07,1.75,57.81,19.35,18.57,95.73,1.986,1.993,0.051
2025-12-24 10:29:00,PL01,LINE_D,A,STANDARD,30.54,2,0.7823,0.25,0.1391,184.44,138.33,119.08,1.01,55.72,14.5,32.94,103.15,1.759,1.879,0.141
2025-12-24 10:44:00,PL01,LINE_B,A,HEAVY,84.4,1,0.8436,0.25,0.15,35.99,26.99,22.94,4.8,56.2,19.59,25.24,101.03,8.546,9.207,0.72
2025-12-24 10:49:00,PL01,LINE_A,C,PREMIUM,30.59,2,0.8979,0.0521,0.145,211.35,200.34,171.29,4.34,57.45,23.79,28.61,109.85,4.888,4.981,0.629
2025-12-24 10:53:00,PL01,LINE_B,A,STANDARD,35.91,1,0.98,0.1514,0.15,98.23,83.36,70.86,2.29,57.06,15.98,23.03,96.07,3.439,3.643,0.343
2025-12-24 10:54:00,PL03,LINE_D,C,STANDARD,39.33,2,0.7607,0.25,0.025,139.25,104.44,101.83,1.79,51.47,14.4,24.54,90.4,2.653,2.675,0.045
2025-12-24 10:57:00,PL01,LINE_C,B,PREMIUM,27.23,1,0.8165,0.1105,0.0748,107.93,96.01,88.83,4.15,54.75,22.61,27.68,105.04,5.243,5.331,0.311
2025-12-24 11:11:00,PL03,LINE_C,B,HEAVY,55.85,1,0.8407,0.0416,0.15,54.19,51.94,44.15,4.71,45.69,17.8,25.87,89.35,6.427,6.731,0.706
2025-12-24 11:49:00,PL02,LINE_C,B,PREMIUM,54.96,1,0.8932,0.0198,0.0393,58.5,57.35,55.09,3.28,51.11,21.93,15.36,88.4,4.82,4.883,0.129
2025-12-24 11:52:00,PL02,LINE_D,B,HEAVY,38.88,1,0.7446,0.0855,0.1135,68.95,63.05,55.9,5.2,52.35,26.08,22.03,100.46,6.793,6.997,0.59
2025-12-24 12:08:00,PL01,LINE_A,B,STANDARD,39.91,1,0.8138,0.25,0.1276,73.4,55.05,48.02,1.94,57.14,18.25,21.16,96.55,3.69,3.947,0.247
2025-12-24 12:11:00,PL01,LINE_D,C,STANDARD,40.64,1,0.8773,0.2081,0.1442,77.72,61.54,52.67,2.36,59.57,13.49,20.17,93.22,3.871,4.126,0.34
2025-12-24 12:27:00,PL01,LINE_B,A,STANDARD,27.54,2,0.8083,0.1968,0.1432,211.3,169.72,145.42,2.03,55.27,20.86,25.65,101.79,2.627,2.727,0.29
2025-12-24 13:48:00,PL01,LINE_B,B,HEAVY,48.43,2,0.8011,0.1037,0.15,119.11,106.76,90.74,6.38,55.96,30.5,20.13,106.6,7.375,7.551,0.956
2025-12-24 14:09:00,PL02,LINE_A,A,PREMIUM,77.21,1,0.8396,0.25,0.15,39.15,29.36,24.96,2.51,48.63,17.3,23.09,89.03,5.543,6.078,0.377
2025-12-24 14:22:00,PL01,LINE_A,A,STANDARD,27.77,1,0.9321,0.25,0.15,120.85,90.63,77.04,2.8,55.41,11.18,20.31,86.9,3.763,3.932,0.421
2025-12-24 14:27:00,PL01,LINE_C,C,STANDARD,43.02,1,0.7824,0.1783,0.15,65.47,53.8,45.73,2.41,55.72,15.62,28.51,99.85,4.266,4.594,0.361
2025-12-24 14:32:00,PL01,LINE_B,B,PREMIUM,57.06,2,0.9477,0.151,0.0808,119.57,101.52,93.32,3.15,53.91,21.88,12.46,88.25,4.019,4.095,0.254
2025-12-24 14:54:00,PL02,LINE_A,A,STANDARD,22.65,2,0.8789,0.0219,0.0543,279.32,273.2,258.36,2.23,50.11,25.18,26.78,102.07,2.604,2.625,0.121
2025-12-24 15:01:00,PL03,LINE_D,B,STANDARD,32.52,4,0.8103,0.249,0.019,358.88,269.5,264.37,2.32,50.7,17.17,32.11,99.97,2.691,2.698,0.044
2025-12-24 15:10:00,PL01,LINE_C,A,PREMIUM,48.31,1,0.908,0.0974,0.15,67.66,61.07,51.91,4.22,58.01,22.82,11.93,92.76,5.74,6.008,0.633
2025-12-24 15:14:00,PL02,LINE_A,B,STANDARD,38.53,1,0.7265,0.196,0.1362,67.88,54.57,47.14,1.66,49.34,12.89,20.55,82.79,3.178,3.417,0.226
2025-12-24 17:54:00,PL01,LINE_A,B,STANDARD,31.54,4,0.8134,0.1312,0.1416,371.39,322.66,276.99,2.35,56.07,15.25,23.37,94.68,2.641,2.689,0.332
2025-12-24 18:14:00,PL02,LINE_A,C,STANDARD,46.84,2,0.8438,0.125,0.1388,129.7,113.49,97.75,2.16,51.71,17.43,18.94,88.07,2.94,3.065,0.3
2025-12-24 18:15:00,PL01,LINE_B,A,PREMIUM,28.91,4,0.9264,0.0698,0.114,461.5,429.26,380.32,2.82,54.88,18.34,26.25,99.47,3.057,3.086,0.322
2025-12-24 19:53:00,PL02,LINE_D,C,STANDARD,28.51,2,0.7841,0.2169,0.085,198.02,155.08,141.89,1.88,52.69,19.82,19.04,91.55,2.466,2.521,0.159
2025-12-24 20:50:00,PL01,LINE_A,B,HEAVY,92.95,2,0.8331,0.0262,0.15,64.53,62.84,53.41,6.49,56.05,28.86,14.8,99.71,8.075,8.355,0.973
2025-12-24 21:18:00,PL01,LINE_A,C,PREMIUM,37.7,1,0.7625,0.2205,0.15,72.81,56.75,48.24,3.87,57.45,15.18,13.89,86.52,5.393,5.662,0.58
2025-12-24 22:51:00,PL03,LINE_C,C,STANDARD,24.23,4,0.7144,0.0887,0.1131,424.5,386.86,343.12,2.18,47.6,20.33,21.1,89.04,2.411,2.441,0.247
2025-12-24 23:28:00,PL01,LINE_B,C,STANDARD,36.66,1,0.899,0.1465,0.15,88.28,75.35,64.05,2.08,61.24,21.8,19.2,102.23,3.433,3.672,0.311
2025-12-24 23:31:00,PL01,LINE_A,C,STANDARD,44.8,2,0.8509,0.1539,0.1003,136.74,115.7,104.1,2.43,57.5,16.25,20.21,93.96,3.246,3.337,0.244
2025-12-25 00:02:00,PL02,LINE_A,B,PREMIUM,61.72,1,0.7495,0.1122,0.15,43.72,38.81,32.99,3.88,50.65,22.72,14.8,88.17,6.156,6.557,0.583
2025-12-25 00:03:00,PL01,LINE_C,B,PREMIUM,30.62,2,0.8715,0.1644,0.1379,204.91,171.23,147.62,3.1,57.67,25.8,32.45,115.92,3.78,3.889,0.428
2025-12-25 00:18:00,PL03,LINE_A,C,STANDARD,34.58,4,0.9325,0.0695,0.1104,388.28,361.31,321.43,2.21,49.84,15.01,22.0,86.85,2.446,2.476,0.243
2025-12-25 01:49:00,PL02,LINE_D,A,STANDARD,33.9,1,0.7838,0.25,0.0805,83.23,62.42,57.4,2.1,49.06,22.9,23.99,95.96,3.634,3.768,0.169
2025-12-25 02:05:00,PL03,LINE_A,C,STANDARD,44.4,1,0.963,0.25,0.0721,78.07,58.56,54.33,1.91,50.34,20.29,26.76,97.38,3.569,3.699,0.137
2025-12-25 02:45:00,PL02,LINE_A,B,STANDARD,39.35,1,0.815,0.25,0.0275,74.55,55.92,54.38,2.09,54.48,18.82,30.26,103.57,3.938,3.991,0.057
2025-12-25 02:48:00,PL02,LINE_D,C,PREMIUM,38.76,1,0.7439,0.1938,0.116,69.09,55.7,49.24,2.84,52.3,15.83,23.94,92.07,4.493,4.71,0.329
2025-12-25 02:57:00,PL01,LINE_A,B,STANDARD,31.55,2,0.9092,0.1281,0.044,207.52,180.95,172.99,1.73,55.87,17.32,21.19,94.38,2.254,2.278,0.076
2025-12-25 02:57:00,PL02,LINE_D,C,STANDARD,34.9,1,0.9491,0.2102,0.1085,97.91,77.33,68.94,2.05,54.51,13.21,24.28,91.99,3.244,3.389,0.223
2025-12-25 03:30:00,PL01,LINE_C,B,STANDARD,31.62,2,0.8584,0.0905,0.15,195.47,177.77,151.1,2.12,57.83,18.81,18.65,95.29,2.653,2.748,0.318
2025-12-25 03:51:00,PL01,LINE_C,B,STANDARD,25.43,1,0.8243,0.25,0.0737,116.67,87.5,81.06,2.75,59.97,24.12,23.28,107.36,3.973,4.07,0.202
2025-12-25 05:34:00,PL02,LINE_D,B,STANDARD,48.63,1,0.8108,0.0659,0.0268,60.02,56.06,54.56,2.09,51.04,20.01,21.39,92.44,3.739,3.784,0.056
2025-12-25 05:49:00,PL03,LINE_C,C,HEAVY,67.13,2,0.7932,0.1849,0.0704,85.08,69.35,64.47,4.88,48.56,25.12,18.49,92.16,6.214,6.315,0.344
2025-12-25 06:12:00,PL01,LINE_B,C,STANDARD,36.03,1,0.8726,0.0912,0.0596,87.2,79.24,74.52,1.43,57.81,16.36,30.41,104.59,2.749,2.832,0.085
2025-12-25 06:15:00,PL03,LINE_C,C,STANDARD,37.63,1,0.8918,0.25,0.1445,85.32,63.99,54.74,2.21,49.42,18.3,13.89,81.61,3.483,3.699,0.319
2025-12-25 06:48:00,PL01,LINE_A,A,PREMIUM,32.36,1,0.7948,0.0893,0.15,88.42,80.52,68.44,3.38,53.85,7.23,19.16,80.24,4.376,4.551,0.507
2025-12-25 06:58:00,PL02,LINE_A,B,HEAVY,85.29,1,0.8977,0.1005,0.15,37.89,34.08,28.97,5.05,48.13,20.4,29.06,97.59,7.908,8.414,0.757
2025-12-25 07:00:00,PL01,LINE_A,C,STANDARD,31.19,1,0.8762,0.0565,0.15,101.12,95.41,81.1,2.13,56.89,22.38,24.98,104.25,3.225,3.418,0.32
2025-12-25 07:46:00,PL02,LINE_B,B,STANDARD,32.69,1,0.7404,0.25,0.15,81.53,61.15,51.97,1.97,53.76,25.28,21.1,100.14,3.609,3.898,0.296
2025-12-25 08:21:00,PL01,LINE_C,B,PREMIUM,87.17,1,0.98,0.25,0.066,40.47,30.36,28.35,3.51,56.79,21.87,22.32,100.98,6.837,7.072,0.232
2025-12-25 09:39:00,PL03,LINE_B,C,STANDARD,35.14,2,0.98,0.25,0.15,200.79,150.59,128.0,2.05,49.46,21.82,27.61,98.89,2.71,2.826,0.308
2025-12-25 09:42:00,PL02,LINE_C,B,STANDARD,39.73,1,0.8842,0.0369,0.15,80.12,77.17,65.59,1.96,50.24,14.48,23.58,88.3,3.106,3.308,0.294
2025-12-25 10:12:00,PL02,LINE_B,B,STANDARD,29.28,1,0.8731,0.25,0.1073,107.36,80.52,71.88,1.83,54.21,16.2,18.41,88.82,2.928,3.061,0.196
2025-12-25 10:19:00,PL02,LINE_C,A,STANDARD,29.69,1,0.9261,0.2203,0.15,112.31,87.57,74.43,2.19,50.41,20.05,27.82,98.28,3.314,3.512,0.329
2025-12-25 10:23:00,PL02,LINE_C,A,STANDARD,31.55,1,0.8821,0.25,0.1087,100.65,75.49,67.28,1.57,49.78,17.32,14.88,81.98,2.653,2.786,0.17
2025-12-25 10:48:00,PL01,LINE_C,B,STANDARD,24.5,4,0.9678,0.132,0.15,568.85,493.78,419.71,2.41,53.85,23.39,18.27,95.51,2.604,2.638,0.362
2025-12-25 10:57:00,PL01,LINE_B,C,HEAVY,86.09,1,0.7912,0.133,0.0926,33.09,28.69,26.03,4.51,57.69,19.8,19.12,96.61,7.879,8.222,0.418
2025-12-25 11:15:00,PL02,LINE_D,C,STANDARD,35.27,2,0.8328,0.179,0.1116,169.99,139.55,123.98,1.96,54.3,16.94,17.31,88.55,2.594,2.674,0.219
2025-12-25 11:57:00,PL02,LINE_A,A,STANDARD,38.67,2,0.98,0.023,0.15,182.46,178.26,151.52,1.95,50.87,15.06,16.58,82.51,2.413,2.494,0.292
2025-12-25 12:10:00,PL03,LINE_C,B,PREMIUM,53.17,1,0.7789,0.1708,0.0307,52.74,43.73,42.39,3.11,45.59,24.04,23.67,93.31,5.24,5.307,0.095
2025-12-25 13:17:00,PL02,LINE_A,A,STANDARD,29.91,1,0.81,0.2406,0.15,97.5,74.04,62.93,2.18,50.8,17.0,25.28,93.08,3.441,3.663,0.328
2025-12-25 14:04:00,PL01,LINE_B,B,PREMIUM,36.97,1,0.813,0.2063,0.0236,79.16,62.83,61.35,2.81,57.65,18.24,19.2,95.09,4.32,4.357,0.066
2025-12-25 14:24:00,PL02,LINE_B,B,STANDARD,36.62,2,0.8876,0.0476,0.0057,174.52,166.21,165.27,2.4,52.92,17.94,26.03,96.89,2.981,2.984,0.014
2025-12-25 15:23:00,PL03,LINE_A,B,PREMIUM,44.73,2,0.8585,0.25,0.1283,138.2,103.65,90.35,2.87,47.21,13.71,19.68,80.6,3.648,3.762,0.368
2025-12-25 16:43:00,PL03,LINE_A,B,STANDARD,31.66,2,0.8733,0.2188,0.0361,198.57,155.12,149.51,2.76,51.87,16.14,15.09,83.1,3.291,3.311,0.1
2025-12-25 16:54:00,PL03,LINE_B,A,STANDARD,46.21,1,0.827,0.07,0.052,64.42,59.91,56.8,1.95,50.13,22.82,31.27,104.23,3.686,3.781,0.101
2025-12-25 16:57:00,PL02,LINE_A,A,STANDARD,30.13,1,0.9305,0.1782,0.0367,111.16,91.35,88.0,2.33,48.22,14.39,19.23,81.84,3.228,3.263,0.086
2025-12-25 17:01:00,PL02,LINE_B,B,HEAVY,66.7,1,0.9497,0.129,0.15,51.26,44.64,37.95,3.79,50.7,14.94,21.37,87.01,5.741,6.085,0.569
2025-12-25 17:09:00,PL02,LINE_B,C,PREMIUM,41.09,2,0.8975,0.2196,0.0768,157.26,122.72,113.3,3.13,56.99,17.3,18.44,92.73,3.888,3.95,0.24
2025-12-25 18:27:00,PL02,LINE_C,A,PREMIUM,67.45,4,0.9041,0.1135,0.15,193.01,171.1,145.44,3.25,49.64,17.03,17.9,84.58,3.746,3.833,0.488
2025-12-25 19:08:00,PL02,LINE_B,C,STANDARD,52.35,2,0.9456,0.0409,0.15,130.05,124.73,106.02,2.24,55.14,13.37,19.89,88.4,2.949,3.074,0.336
2025-12-25 19:14:00,PL01,LINE_D,B,PREMIUM,92.64,1,0.9056,0.2328,0.15,35.19,27.0,22.95,4.2,55.79,20.76,28.11,104.67,8.073,8.757,0.629
2025-12-25 20:08:00,PL02,LINE_B,A,PREMIUM,38.21,2,0.8553,0.1994,0.1362,161.15,129.02,111.45,3.66,50.33,16.65,16.71,83.69,4.305,4.407,0.498
2025-12-25 20:27:00,PL03,LINE_C,C,STANDARD,33.14,4,0.8798,0.0544,0.1013,382.35,361.54,324.94,2.05,48.35,8.82,12.98,70.15,2.242,2.264,0.207
2025-12-25 20:29:00,PL02,LINE_B,A,STANDARD,37.66,2,0.789,0.1295,0.0753,150.86,131.33,121.44,1.91,46.29,15.17,23.3,84.76,2.56,2.612,0.144
2025-12-25 21:13:00,PL01,LINE_B,B,STANDARD,47.97,1,0.825,0.1958,0.0501,61.91,49.79,47.29,1.66,58.59,24.9,31.0,114.5,3.958,4.079,0.083
2025-12-25 21:17:00,PL02,LINE_B,B,HEAVY,39.28,1,0.7256,0.2119,0.09,66.49,52.4,47.68,4.76,48.83,27.37,24.83,101.03,6.685,6.876,0.428
2025-12-25 21:53:00,PL03,LINE_B,A,HEAVY,53.77,1,0.852,0.124,0.0659,57.04,49.97,46.68,4.68,44.39,19.35,30.29,94.03,6.566,6.698,0.309
2025-12-25 22:03:00,PL01,LINE_D,A,HEAVY,50.55,1,0.7248,0.1829,0.0895,51.62,42.17,38.4,5.12,54.75,26.64,19.46,100.85,7.509,7.744,0.458
2025-12-25 23:13:00,PL02,LINE_C,C,PREMIUM,34.25,2,0.9672,0.1067,0.0437,203.34,181.65,173.71,3.11,54.0,14.16,17.23,85.39,3.581,3.602,0.136
2025-12-25 23:54:00,PL01,LINE_B,A,PREMIUM,38.04,2,0.9167,0.0358,0.15,173.5,167.29,142.2,3.56,54.75,14.23,9.82,78.8,4.032,4.116,0.534
2025-12-26 00:00:00,PL01,LINE_A,C,STANDARD,33.85,2,0.905,0.1874,0.097,192.49,156.41,141.24,2.63,59.72,18.1,20.53,98.35,3.256,3.324,0.255
2025-12-26 00:03:00,PL02,LINE_C,A,STANDARD,33.2,4,0.8352,0.0279,0.062,362.28,352.18,330.35,2.06,50.47,20.72,19.72,90.92,2.32,2.337,0.128
2025-12-26 00:21:00,PL03,LINE_A,B,HEAVY,112.07,1,0.8961,0.2476,0.0902,28.78,21.66,19.7,6.46,48.51,23.59,20.34,92.44,10.725,11.148,0.582
2025-12-26 00:30:00,PL02,LINE_B,C,PREMIUM,43.63,2,0.8258,0.25,0.1424,136.28,102.21,87.66,2.32,57.85,9.72,28.63,96.2,3.263,3.419,0.331
2025-12-26 00:57:00,PL01,LINE_D,C,PREMIUM,38.15,2,0.8233,0.1369,0.0994,155.39,134.11,120.78,3.58,59.06,22.17,25.41,106.64,4.378,4.466,0.356
2025-12-26 01:05:00,PL02,LINE_A,A,PREMIUM,34.14,1,0.9586,0.1115,0.0419,101.1,89.82,86.05,2.39,49.86,12.51,16.97,79.34,3.277,3.316,0.1
2025-12-26 01:05:00,PL01,LINE_D,A,STANDARD,32.65,1,0.8624,0.0924,0.15,95.08,86.29,73.35,2.02,52.85,26.85,33.24,112.94,3.329,3.56,0.303
2025-12-26 01:42:00,PL01,LINE_A,B,PREMIUM,51.01,1,0.7544,0.2019,0.1349,53.24,42.49,36.76,3.02,58.33,15.0,27.29,100.62,5.386,5.755,0.407
2025-12-26 01:53:00,PL03,LINE_C,A,STANDARD,43.34,1,0.9053,0.049,0.1258,75.19,71.51,62.52,1.89,49.09,15.05,28.03,92.18,3.182,3.367,0.238
2025-12-26 02:24:00,PL01,LINE_B,A,STANDARD,41.99,2,0.8079,0.1283,0.1031,138.54,120.76,108.31,2.75,52.8,23.69,23.74,100.23,3.583,3.679,0.284
2025-12-26 02:34:00,PL02,LINE_B,A,PREMIUM,39.36,2,0.7637,0.25,0.0817,139.68,104.76,96.2,4.04,50.53,15.93,20.8,87.27,4.872,4.946,0.33
2025-12-26 02:45:00,PL01,LINE_A,C,PREMIUM,39.54,2,0.8638,0.1993,0.1014,157.28,125.92,113.15,3.48,59.07,19.31,21.65,100.03,4.271,4.361,0.353
2025-12-26 03:59:00,PL03,LINE_D,C,HEAVY,64.0,1,0.78,0.2223,0.08,43.87,34.12,31.39,5.43,49.61,32.19,25.43,107.22,8.573,8.847,0.435
2025-12-26 03:59:00,PL02,LINE_B,A,STANDARD,29.36,2,0.8757,0.1935,0.1026,214.77,173.21,155.44,3.24,50.92,11.13,24.34,86.39,3.743,3.8,0.333
2025-12-26 04:11:00,PL01,LINE_C,A,STANDARD,45.02,1,0.9498,0.083,0.1098,75.94,69.64,62.0,3.01,58.85,16.79,19.14,94.79,4.369,4.537,0.33
2025-12-26 05:05:00,PL01,LINE_D,B,STANDARD,29.87,1,0.7731,0.25,0.1012,93.17,69.88,62.8,2.41,58.98,17.72,13.79,90.49,3.71,3.856,0.244
2025-12-26 05:20:00,PL03,LINE_C,C,STANDARD,27.8,2,0.8442,0.0927,0.0399,218.63,198.37,190.45,2.11,48.58,15.51,24.43,88.53,2.561,2.58,0.084
2025-12-26 05:24:00,PL02,LINE_C,B,PREMIUM,33.0,4,0.8663,0.25,0.15,378.04,283.53,241.0,3.15,50.21,19.86,13.65,83.72,3.441,3.493,0.472
2025-12-26 06:22:00,PL02,LINE_D,B,PREMIUM,28.42,4,0.8725,0.25,0.0846,442.08,331.56,303.52,3.7,52.59,17.27,28.0,97.86,3.997,4.024,0.313
2025-12-26 07:14:00,PL03,LINE_A,B,STANDARD,22.75,1,0.8704,0.25,0.15,137.72,103.29,87.79,1.77,50.99,19.17,28.06,98.22,2.717,2.885,0.265
2025-12-26 07:25:00,PL02,LINE_B,B,STANDARD,46.66,1,0.7613,0.1788,0.1076,58.74,48.23,43.04,2.36,48.54,21.5,21.55,91.6,4.258,4.487,0.254
2025-12-26 07:25:00,PL01,LINE_B,A,HEAVY,43.43,1,0.7974,0.044,0.0391,66.09,63.19,60.72,4.87,55.57,28.59,25.32,109.47,6.601,6.672,0.19
2025-12-26 08:59:00,PL03,LINE_B,A,PREMIUM,30.2,1,0.8438,0.0405,0.1051,100.58,96.51,86.37,3.63,47.93,14.01,21.07,83.0,4.489,4.59,0.381
2025-12-26 09:42:00,PL01,LINE_A,B,PREMIUM,31.96,2,0.8117,0.25,0.1336,182.84,137.13,118.81,3.73,58.65,16.43,19.18,94.26,4.418,4.524,0.498
2025-12-26 10:31:00,PL03,LINE_D,B,STANDARD,26.51,1,0.7188,0.1101,0.0756,97.61,86.86,80.3,2.06,52.27,20.4,22.61,95.28,3.16,3.25,0.156
2025-12-26 10:41:00,PL03,LINE_A,C,STANDARD,33.46,1,0.7688,0.1121,0.15,82.73,73.45,62.44,2.47,50.26,21.38,16.25,87.89,3.671,3.882,0.371
2025-12-26 10:59:00,PL01,LINE_B,A,STANDARD,33.16,2,0.9192,0.1316,0.15,199.59,173.33,147.33,2.51,54.86,20.75,25.6,101.21,3.089,3.192,0.376
2025-12-26 11:19:00,PL01,LINE_C,C,STANDARD,32.07,1,0.896,0.25,0.1315,100.58,75.44,65.52,2.87,59.51,18.98,29.98,108.47,4.308,4.526,0.377
2025-12-26 12:42:00,PL03,LINE_B,A,STANDARD,39.52,2,0.8063,0.25,0.1244,146.9,110.18,96.47,2.23,50.74,25.71,26.31,102.76,3.167,3.299,0.278
2025-12-26 14:15:00,PL02,LINE_D,A,PREMIUM,24.35,1,0.6752,0.25,0.0813,99.82,74.87,68.78,3.15,50.85,21.44,23.23,95.53,4.423,4.536,0.256
2025-12-26 14:48:00,PL03,LINE_B,C,STANDARD,31.17,1,0.886,0.2304,0.1393,102.32,78.75,67.78,2.43,49.21,15.46,24.42,89.09,3.566,3.749,0.339
2025-12-26 15:14:00,PL02,LINE_B,B,STANDARD,26.35,2,0.7543,0.25,0.0675,206.09,154.57,144.14,2.87,52.76,19.93,32.05,104.75,3.547,3.596,0.194
2025-12-26 15:59:00,PL02,LINE_A,B,STANDARD,31.32,2,0.8999,0.25,0.1226,206.88,155.16,136.14,1.94,50.85,20.75,17.54,89.14,2.511,2.591,0.237
2025-12-26 16:20:00,PL02,LINE_A,A,PREMIUM,29.97,1,0.8889,0.0804,0.0974,106.78,98.2,88.64,3.98,51.44,10.01,20.51,81.97,4.818,4.908,0.388
2025-12-26 16:35:00,PL01,LINE_B,C,HEAVY,37.29,1,0.95,0.1739,0.0213,91.71,75.76,74.15,7.94,57.03,20.07,26.01,103.11,9.303,9.332,0.169
2025-12-26 16:37:00,PL01,LINE_B,B,PREMIUM,48.9,1,0.7666,0.0244,0.0732,56.44,55.06,51.03,4.27,55.52,9.77,25.9,91.19,5.921,6.052,0.312
2025-12-26 17:01:00,PL01,LINE_A,A,HEAVY,26.45,1,0.8865,0.1651,0.0709,120.66,100.74,93.6,4.27,57.03,25.7,22.83,105.56,5.32,5.4,0.303
2025-12-26 17:39:00,PL01,LINE_A,B,STANDARD,30.65,1,0.8251,0.1339,0.0777,96.92,83.94,77.42,1.93,57.32,23.46,30.49,111.27,3.253,3.365,0.15
2025-12-26 18:13:00,PL03,LINE_D,C,STANDARD,33.04,1,0.8986,0.25,0.0639,97.9,73.43,68.73,2.2,47.09,21.71,13.24,82.04,3.321,3.397,0.141
2025-12-26 18:24:00,PL02,LINE_C,B,HEAVY,53.66,1,0.9654,0.25,0.0652,64.77,48.58,45.41,5.32,52.71,20.22,19.89,92.82,7.229,7.362,0.347
2025-12-26 18:34:00,PL02,LINE_A,A,HEAVY,55.79,1,0.8066,0.25,0.0833,52.05,39.03,35.78,4.26,51.37,14.47,28.92,94.76,6.683,6.904,0.354
2025-12-26 19:13:00,PL01,LINE_B,B,STANDARD,35.59,1,0.7035,0.0591,0.0396,71.16,66.96,64.3,2.43,55.55,17.68,16.22,89.45,3.771,3.826,0.096
2025-12-26 19:33:00,PL01,LINE_D,C,STANDARD,24.22,2,0.8153,0.0425,0.1103,242.34,232.04,206.45,2.02,55.7,18.55,25.86,100.1,2.456,2.51,0.223
2025-12-26 19:43:00,PL03,LINE_A,B,PREMIUM,49.83,1,0.888,0.152,0.1319,64.15,54.4,47.22,3.24,47.4,21.04,24.5,92.94,4.951,5.211,0.428
2025-12-26 20:35:00,PL02,LINE_D,A,STANDARD,31.16,2,0.7961,0.25,0.1146,183.94,137.95,122.14,2.36,47.18,16.01,8.6,71.79,2.879,2.946,0.27
2025-12-26 21:25:00,PL01,LINE_B,C,PREMIUM,76.05,2,0.8501,0.25,0.15,80.49,60.36,51.31,3.88,57.68,21.99,12.27,91.94,5.404,5.672,0.582
2025-12-26 21:37:00,PL03,LINE_C,B,PREMIUM,34.48,1,0.867,0.25,0.1074,90.52,67.89,60.59,3.36,47.26,20.15,15.19,82.6,4.58,4.726,0.361
2025-12-26 21:45:00,PL01,LINE_B,B,STANDARD,20.63,1,0.98,0.2043,0.0779,171.05,136.1,125.49,2.32,56.46,14.22,27.99,98.68,3.044,3.105,0.181
2025-12-26 21:45:00,PL02,LINE_A,C,PREMIUM,43.91,1,0.8411,0.0821,0.1257,68.95,63.29,55.34,3.27,57.46,18.11,34.31,109.87,5.004,5.254,0.411
2025-12-26 22:53:00,PL02,LINE_B,A,STANDARD,26.38,1,0.8423,0.1461,0.0591,114.95,98.15,92.36,1.96,48.7,17.11,30.47,96.28,2.938,3.0,0.116
2025-12-26 23:46:00,PL01,LINE_B,A,STANDARD,49.95,1,0.899,0.25,0.0608,64.79,48.59,45.64,1.34,54.43,15.95,24.39,94.77,3.295,3.421,0.082
2025-12-26 23:53:00,PL01,LINE_B,C,HEAVY,42.58,2,0.7017,0.0655,0.1041,118.66,110.88,99.34,4.73,59.51,17.45,15.33,92.29,5.561,5.658,0.492
2025-12-27 00:03:00,PL01,LINE_D,B,PREMIUM,28.61,1,0.8758,0.0706,0.1424,110.21,102.42,87.84,2.88,53.14,19.23,18.6,90.97,3.769,3.916,0.41
2025-12-27 01:08:00,PL02,LINE_A,B,HEAVY,67.04,2,0.8573,0.1644,0.1461,92.07,76.93,65.7,4.31,51.51,22.68,24.8,99.0,5.601,5.822,0.63
2025-12-27 02:23:00,PL01,LINE_C,B,STANDARD,22.86,4,0.8078,0.25,0.15,508.8,381.6,324.36,2.73,55.47,24.15,17.35,96.97,2.986,3.031,0.41
2025-12-27 03:00:00,PL01,LINE_A,B,HEAVY,46.02,1,0.8225,0.1401,0.1295,64.34,55.32,48.16,7.12,55.6,22.67,31.71,109.98,9.108,9.404,0.922
2025-12-27 03:07:00,PL01,LINE_D,B,PREMIUM,73.92,1,0.7233,0.25,0.0758,35.22,26.42,24.41,3.94,57.2,11.28,35.37,103.85,7.869,8.192,0.299
2025-12-27 03:49:00,PL03,LINE_D,C,PREMIUM,70.07,1,0.8438,0.0962,0.0234,43.35,39.17,38.26,2.71,54.07,20.26,13.47,87.8,4.95,5.004,0.063
2025-12-27 04:03:00,PL01,LINE_B,A,STANDARD,49.02,2,0.9331,0.1679,0.1322,137.06,114.05,98.98,1.69,53.31,23.15,20.71,97.17,2.543,2.673,0.223
2025-12-27 05:55:00,PL01,LINE_B,B,HEAVY,75.89,1,0.8657,0.25,0.15,41.07,30.8,26.18,5.98,55.97,26.67,22.41,105.05,9.391,9.993,0.897
2025-12-27 06:38:00,PL01,LINE_A,B,HEAVY,74.17,1,0.8197,0.0618,0.0987,39.79,37.33,33.64,6.59,56.94,12.97,27.27,97.18,9.191,9.476,0.65
2025-12-27 06:42:00,PL02,LINE_D,B,STANDARD,29.08,1,0.9395,0.1817,0.0179,116.32,95.18,93.48,2.43,53.56,20.81,17.72,92.09,3.396,3.414,0.044
2025-12-27 06:45:00,PL02,LINE_C,B,STANDARD,40.85,1,0.7806,0.2482,0.15,68.79,51.72,43.96,2.65,52.78,18.12,24.04,94.94,4.487,4.811,0.398
2025-12-27 07:26:00,PL03,LINE_B,C,STANDARD,39.06,1,0.9044,0.1421,0.0058,83.35,71.5,71.09,1.99,53.05,23.16,17.88,94.09,3.307,3.315,0.012
2025-12-27 07:32:00,PL02,LINE_D,A,HEAVY,80.34,1,0.8385,0.25,0.0415,37.57,28.18,27.01,3.88,51.12,17.12,25.94,94.19,7.22,7.365,0.161
2025-12-27 08:06:00,PL01,LINE_A,C,PREMIUM,60.03,1,0.9233,0.2377,0.0553,55.37,42.21,39.87,2.66,56.43,22.56,30.22,109.21,5.244,5.396,0.147
2025-12-27 08:16:00,PL02,LINE_B,B,STANDARD,30.09,4,0.8935,0.0714,0.1226,427.54,397.01,348.33,2.07,51.82,20.21,24.84,96.87,2.314,2.348,0.254
2025-12-27 08:27:00,PL03,LINE_B,B,PREMIUM,47.83,1,0.844,0.25,0.024,63.53,47.64,46.5,3.81,48.7,15.0,20.78,84.48,5.587,5.63,0.091
2025-12-27 08:56:00,PL01,LINE_C,B,STANDARD,27.15,1,0.7985,0.2178,0.15,105.87,82.81,70.39,2.16,56.36,14.04,28.88,99.28,3.355,3.567,0.323
2025-12-27 10:12:00,PL02,LINE_C,C,PREMIUM,50.27,2,0.8624,0.0372,0.15,123.51,118.92,101.08,3.79,53.64,14.52,21.73,89.9,4.548,4.681,0.569
2025-12-27 11:10:00,PL03,LINE_A,C,PREMIUM,71.23,1,0.8814,0.2215,0.1098,44.54,34.68,30.87,3.33,47.62,13.94,20.95,82.51,5.706,5.999,0.365
2025-12-27 11:10:00,PL01,LINE_A,B,PREMIUM,46.86,1,0.8671,0.25,0.0905,66.62,49.97,45.44,3.47,54.64,17.81,19.93,92.38,5.315,5.499,0.314
2025-12-27 11:21:00,PL03,LINE_B,A,STANDARD,48.78,1,0.8828,0.0991,0.0859,65.15,58.69,53.65,2.35,44.93,19.33,18.52,82.78,3.763,3.896,0.202
2025-12-27 12:36:00,PL01,LINE_A,C,STANDARD,28.06,1,0.8871,0.072,0.0339,113.82,105.63,102.04,2.21,56.87,27.63,25.15,109.65,3.253,3.289,0.075
2025-12-27 12:47:00,PL02,LINE_A,B,STANDARD,30.29,1,0.8586,0.2047,0.1048,102.06,81.17,72.67,1.87,48.87,26.92,24.92,100.71,3.116,3.261,0.196
2025-12-27 13:01:00,PL02,LINE_A,B,PREMIUM,36.97,1,0.9334,0.1988,0.0977,90.89,72.83,65.71,3.63,53.3,22.48,22.15,97.94,4.978,5.123,0.355
2025-12-27 13:46:00,PL02,LINE_A,B,STANDARD,55.39,1,0.9231,0.1661,0.1121,59.99,50.03,44.42,2.34,50.82,16.31,21.39,88.52,4.108,4.331,0.262
2025-12-27 15:55:00,PL02,LINE_C,A,STANDARD,49.21,1,0.8598,0.1756,0.15,62.89,51.85,44.07,2.31,49.27,16.44,21.15,86.86,3.987,4.283,0.347
2025-12-27 16:10:00,PL03,LINE_B,B,HEAVY,51.34,2,0.8204,0.1281,0.15,115.05,100.32,85.27,4.97,49.75,15.24,19.3,84.29,5.811,5.96,0.746
2025-12-27 16:47:00,PL03,LINE_B,A,STANDARD,41.25,1,0.98,0.25,0.1344,85.52,64.14,55.52,2.04,49.49,11.58,17.0,78.07,3.256,3.445,0.274
2025-12-27 17:28:00,PL02,LINE_B,A,STANDARD,33.23,2,0.86,0.0709,0.0736,186.31,173.1,160.36,2.02,50.3,24.8,21.17,96.27,2.577,2.621,0.149
2025-12-27 18:03:00,PL02,LINE_A,C,PREMIUM,39.93,1,0.8794,0.2209,0.0937,79.28,61.77,55.98,2.55,53.14,13.45,23.59,90.17,4.007,4.158,0.239
2025-12-27 18:25:00,PL01,LINE_A,C,PREMIUM,20.97,1,0.838,0.122,0.15,143.89,126.33,107.38,3.42,57.82,16.44,31.33,105.59,4.259,4.407,0.514
2025-12-27 18:50:00,PL01,LINE_C,C,PREMIUM,34.89,1,0.8398,0.25,0.15,86.66,64.99,55.24,3.55,60.81,25.15,22.38,108.34,5.214,5.508,0.532
2025-12-27 19:56:00,PL03,LINE_C,A,STANDARD,40.21,1,0.9652,0.1504,0.0291,86.41,73.42,71.28,2.33,45.19,21.03,21.38,87.61,3.528,3.564,0.068
2025-12-27 20:00:00,PL01,LINE_A,C,STANDARD,44.62,2,0.9467,0.0843,0.0312,152.75,139.88,135.51,2.58,57.36,11.69,24.26,93.31,3.249,3.271,0.081
2025-12-27 20:01:00,PL02,LINE_C,A,PREMIUM,50.77,1,0.98,0.2136,0.15,69.5,54.65,46.45,3.03,48.08,17.45,23.57,89.1,4.658,4.945,0.454
2025-12-27 21:06:00,PL02,LINE_D,B,HEAVY,64.22,1,0.8267,0.1314,0.1338,46.34,40.25,34.87,4.49,54.35,17.54,18.61,90.5,6.734,7.081,0.6
2025-12-27 21:08:00,PL03,LINE_B,A,PREMIUM,61.92,1,0.8623,0.25,0.15,50.14,37.6,31.96,3.72,44.5,19.3,23.76,87.56,6.049,6.46,0.558
2025-12-27 21:09:00,PL02,LINE_D,B,STANDARD,47.67,2,0.8383,0.0451,0.0734,126.6,120.89,112.03,2.8,53.89,20.55,23.19,97.63,3.603,3.667,0.205
2025-12-27 21:34:00,PL02,LINE_A,B,PREMIUM,34.87,4,0.809,0.1086,0.0851,334.12,297.83,272.49,2.63,52.51,8.87,20.85,82.24,2.909,2.935,0.224
2025-12-27 21:54:00,PL01,LINE_A,C,STANDARD,36.72,4,0.8,0.2064,0.1174,313.76,249.0,219.77,3.09,56.35,17.77,19.62,93.74,3.463,3.513,0.362
2025-12-27 21:57:00,PL03,LINE_C,A,PREMIUM,34.12,1,0.8309,0.0705,0.0189,87.67,81.5,79.96,2.96,47.88,21.1,21.81,90.79,4.071,4.092,0.056
2025-12-27 23:42:00,PL02,LINE_D,A,PREMIUM,61.38,1,0.8732,0.0832,0.1055,51.21,46.95,41.99,3.58,52.52,20.29,19.22,92.04,5.538,5.77,0.378
2025-12-28 00:36:00,PL02,LINE_D,A,STANDARD,46.95,4,0.7889,0.25,0.0526,241.94,181.45,171.91,1.87,51.51,22.22,20.04,93.78,2.391,2.419,0.099
2025-12-28 01:10:00,PL03,LINE_B,A,PREMIUM,56.04,2,0.8028,0.1031,0.0265,103.13,92.5,90.05,3.62,47.85,12.62,13.27,73.74,4.418,4.44,0.096
2025-12-28 01:12:00,PL01,LINE_A,A,HEAVY,52.53,2,0.8641,0.0348,0.0861,118.44,114.31,104.47,4.05,50.51,34.24,28.29,113.04,5.042,5.135,0.349
2025-12-28 03:49:00,PL03,LINE_B,A,STANDARD,49.46,4,0.828,0.136,0.1311,241.06,208.28,180.99,1.75,47.4,16.59,22.25,86.24,2.161,2.223,0.229
2025-12-28 04:02:00,PL02,LINE_D,A,STANDARD,27.05,1,0.7775,0.25,0.0315,103.46,77.59,75.15,2.43,46.58,14.8,17.58,78.96,3.451,3.485,0.077
2025-12-28 04:50:00,PL03,LINE_A,A,HEAVY,56.64,1,0.9271,0.0749,0.0294,58.92,54.51,52.9,4.9,45.61,31.56,15.49,92.67,6.597,6.648,0.144
2025-12-28 04:54:00,PL02,LINE_D,B,PREMIUM,64.05,1,0.792,0.1194,0.15,44.51,39.2,33.32,3.46,53.25,11.12,27.21,91.58,5.794,6.206,0.519
2025-12-28 05:11:00,PL02,LINE_A,A,PREMIUM,43.23,2,0.8786,0.2165,0.1113,146.33,114.66,101.9,3.43,48.6,14.71,16.9,80.21,4.133,4.221,0.382
2025-12-28 05:20:00,PL01,LINE_B,B,STANDARD,38.53,1,0.9309,0.0387,0.0761,86.98,83.61,77.25,1.47,58.78,8.8,19.18,86.76,2.508,2.593,0.112
2025-12-28 05:38:00,PL02,LINE_C,B,PREMIUM,51.33,4,0.9238,0.1155,0.0335,259.17,229.23,221.54,3.78,47.84,14.82,16.86,79.51,4.123,4.135,0.127
2025-12-28 06:13:00,PL03,LINE_C,A,STANDARD,44.99,1,0.8515,0.0157,0.1021,68.13,67.06,60.21,2.56,48.25,22.82,21.45,92.51,3.935,4.092,0.261
2025-12-28 06:13:00,PL01,LINE_C,A,HEAVY,58.09,1,0.8562,0.0628,0.0776,53.05,49.72,45.86,6.9,55.1,25.36,20.82,101.28,8.934,9.106,0.535
2025-12-28 06:34:00,PL02,LINE_B,C,STANDARD,28.14,1,0.7817,0.25,0.1464,100.01,75.01,64.02,2.55,48.55,13.95,26.31,88.82,3.732,3.936,0.373
2025-12-28 06:53:00,PL02,LINE_C,A,PREMIUM,56.75,4,0.8174,0.2088,0.0197,207.4,164.1,160.87,2.98,48.6,23.84,21.4,93.84,3.549,3.561,0.059
2025-12-28 07:41:00,PL01,LINE_B,A,STANDARD,28.44,1,0.8424,0.0705,0.0542,106.63,99.12,93.75,2.74,53.23,20.94,24.06,98.23,3.733,3.79,0.149
2025-12-28 08:23:00,PL01,LINE_D,B,STANDARD,30.23,1,0.8607,0.0625,0.0956,102.52,96.11,86.92,2.47,55.81,15.09,19.6,90.5,3.409,3.508,0.236
2025-12-28 08:51:00,PL03,LINE_B,B,PREMIUM,48.42,1,0.8326,0.25,0.1417,61.9,46.42,39.84,3.42,52.17,16.12,21.94,90.24,5.363,5.683,0.484
2025-12-28 09:06:00,PL01,LINE_A,A,STANDARD,56.4,1,0.8825,0.2072,0.0738,56.34,44.66,41.37,2.41,54.77,19.21,16.86,90.83,4.447,4.609,0.178
2025-12-28 09:46:00,PL01,LINE_A,C,HEAVY,65.78,1,0.8452,0.2289,0.0996,46.25,35.66,32.11,5.49,60.16,15.6,14.44,90.21,8.016,8.296,0.547
2025-12-28 10:31:00,PL02,LINE_B,C,HEAVY,48.8,1,0.8643,0.2249,0.15,63.77,49.42,42.01,5.49,51.59,16.79,25.16,93.55,7.38,7.714,0.823
2025-12-28 11:34:00,PL02,LINE_C,B,HEAVY,59.2,1,0.8637,0.1385,0.0949,52.52,45.25,40.95,6.03,51.32,20.1,26.87,98.29,8.2,8.428,0.572
2025-12-28 11:43:00,PL03,LINE_C,B,STANDARD,32.01,2,0.9187,0.1549,0.0882,206.63,174.61,159.22,2.49,49.38,20.53,16.66,86.56,2.99,3.038,0.22
2025-12-28 12:52:00,PL01,LINE_D,C,STANDARD,42.16,2,0.7948,0.1463,0.1037,135.74,115.88,103.86,1.58,59.86,21.14,10.66,91.66,2.376,2.467,0.164
2025-12-28 12:58:00,PL03,LINE_B,B,STANDARD,32.62,1,0.9606,0.0664,0.1226,106.01,98.97,86.84,2.42,49.88,20.23,15.4,85.52,3.285,3.406,0.297
2025-12-28 13:41:00,PL01,LINE_C,C,STANDARD,27.79,2,0.9683,0.2448,0.1088,250.85,189.43,168.82,2.18,58.67,16.56,13.63,88.86,2.644,2.702,0.237
2025-12-28 14:03:00,PL01,LINE_C,C,STANDARD,30.94,1,0.9023,0.25,0.0512,105.01,78.75,74.72,1.54,61.93,10.89,20.36,93.19,2.721,2.785,0.079
2025-12-28 15:18:00,PL02,LINE_A,B,STANDARD,31.48,2,0.7994,0.118,0.0558,182.85,161.27,152.27,2.25,53.85,19.73,19.52,93.1,2.828,2.862,0.126
2025-12-28 15:44:00,PL01,LINE_C,C,STANDARD,32.34,2,0.7494,0.0828,0.0527,166.83,153.02,144.95,1.88,55.19,18.33,14.93,88.45,2.462,2.494,0.099
2025-12-28 15:57:00,PL02,LINE_C,A,STANDARD,25.78,1,0.7877,0.1218,0.106,109.99,96.59,86.35,2.97,50.32,11.59,17.72,79.63,3.792,3.89,0.315
2025-12-28 16:29:00,PL01,LINE_B,A,PREMIUM,57.73,1,0.8285,0.2447,0.1118,51.67,39.03,34.66,3.32,55.81,14.13,25.51,95.45,5.77,6.078,0.372
2025-12-28 16:58:00,PL02,LINE_C,C,PREMIUM,67.33,1,0.8296,0.1164,0.1496,44.36,39.19,33.33,3.67,52.19,19.14,24.4,95.73,6.111,6.541,0.549
2025-12-28 17:17:00,PL01,LINE_A,B,HEAVY,85.58,1,0.6852,0.0608,0.0554,28.83,27.07,25.57,4.71,58.71,17.62,20.86,97.19,8.3,8.51,0.261
2025-12-28 17:23:00,PL03,LINE_B,B,STANDARD,36.85,1,0.8253,0.1786,0.15,80.61,66.22,56.28,2.18,47.62,20.23,24.06,91.92,3.568,3.813,0.327
2025-12-28 17:41:00,PL01,LINE_A,B,HEAVY,54.39,1,0.8651,0.0145,0.1268,57.26,56.43,49.27,4.35,56.16,23.13,34.49,113.79,6.37,6.663,0.552
2025-12-28 17:47:00,PL02,LINE_A,A,STANDARD,33.54,1,0.8546,0.25,0.15,91.73,68.8,58.48,2.01,52.14,23.92,27.86,103.92,3.523,3.789,0.302
2025-12-28 18:00:00,PL02,LINE_B,B,HEAVY,60.93,1,0.98,0.25,0.0612,57.9,43.43,40.77,5.09,49.92,32.81,26.93,109.66,7.615,7.78,0.312
2025-12-28 19:15:00,PL02,LINE_B,B,STANDARD,37.81,2,0.9579,0.25,0.0904,182.4,136.8,124.43,2.2,49.15,16.66,23.07,88.88,2.855,2.919,0.199
2025-12-28 19:55:00,PL01,LINE_C,A,STANDARD,33.12,2,0.8717,0.25,0.099,189.48,142.11,128.04,2.07,55.0,14.8,10.04,79.83,2.633,2.694,0.205
2025-12-28 21:01:00,PL01,LINE_A,B,PREMIUM,40.93,1,0.8582,0.1408,0.0722,75.49,64.86,60.17,3.64,53.72,11.06,19.36,84.14,4.935,5.036,0.263
2025-12-28 21:11:00,PL02,LINE_A,A,STANDARD,28.74,2,0.774,0.1716,0.1324,193.89,160.63,139.35,2.22,49.99,19.69,24.4,94.09,2.807,2.896,0.294
2025-12-28 21:40:00,PL02,LINE_B,C,STANDARD,44.12,2,0.7455,0.0941,0.15,121.65,110.2,93.67,2.03,52.99,20.04,25.44,98.46,2.921,3.079,0.304
2025-12-28 21:54:00,PL02,LINE_A,C,STANDARD,32.36,2,0.8891,0.1011,0.0463,197.84,177.85,169.62,2.65,49.45,12.55,15.49,77.49,3.088,3.109,0.123
2025-12-28 22:19:00,PL01,LINE_D,C,STANDARD,33.33,2,0.879,0.25,0.095,189.85,142.39,128.86,1.75,58.94,11.63,21.16,91.73,2.397,2.465,0.167
2025-12-28 22:38:00,PL02,LINE_A,A,STANDARD,35.67,1,0.8365,0.1612,0.0818,84.42,70.81,65.02,1.92,50.92,19.31,20.69,90.93,3.2,3.314,0.157
2025-12-28 22:50:00,PL02,LINE_A,B,PREMIUM,54.96,1,0.7839,0.25,0.15,51.35,38.51,32.74,2.87,53.9,12.16,16.36,82.41,5.009,5.386,0.43
2025-12-28 23:12:00,PL02,LINE_B,B,HEAVY,59.57,1,0.8814,0.1939,0.0219,53.26,42.94,42.0,4.9,51.27,21.2,16.76,89.23,6.98,7.026,0.107
2025-12-28 23:15:00,PL01,LINE_C,C,STANDARD,35.29,2,0.7829,0.1534,0.0943,159.73,135.23,122.48,1.79,59.5,17.08,26.38,102.95,2.549,2.628,0.169
2025-12-29 00:11:00,PL01,LINE_D,B,PREMIUM,46.84,1,0.8463,0.1736,0.1083,65.05,53.76,47.94,4.32,57.96,19.68,22.58,100.22,6.189,6.415,0.468
2025-12-29 00:13:00,PL01,LINE_C,C,STANDARD,57.29,4,0.8477,0.0438,0.1058,213.07,203.73,182.18,1.47,59.86,14.52,28.83,103.21,1.976,2.036,0.155
2025-12-29 00:15:00,PL01,LINE_C,C,HEAVY,63.14,2,0.8064,0.2155,0.0228,91.97,72.15,70.51,4.88,57.56,23.68,16.25,97.49,6.232,6.264,0.111
2025-12-29 00:34:00,PL02,LINE_C,A,STANDARD,18.7,1,0.7566,0.25,0.0642,145.65,109.23,102.22,1.98,46.91,18.78,25.75,91.45,2.818,2.876,0.127
2025-12-29 00:39:00,PL01,LINE_C,B,STANDARD,34.26,1,0.8816,0.1064,0.15,92.65,82.79,70.37,1.88,53.26,19.24,16.69,89.19,2.961,3.151,0.283
2025-12-29 01:14:00,PL03,LINE_B,B,PREMIUM,59.91,2,0.717,0.1017,0.0707,86.17,77.4,71.93,3.25,47.57,12.27,26.54,86.38,4.368,4.453,0.23
2025-12-29 01:18:00,PL01,LINE_C,C,STANDARD,41.85,1,0.7194,0.1629,0.0509,61.88,51.8,49.16,2.35,58.82,18.69,19.88,97.38,4.23,4.331,0.12
2025-12-29 01:50:00,PL02,LINE_B,C,STANDARD,27.17,2,0.8906,0.0668,0.0643,235.97,220.2,206.05,2.15,53.4,16.17,25.36,94.93,2.582,2.612,0.138
2025-12-29 02:30:00,PL01,LINE_C,A,STANDARD,45.79,1,0.8324,0.0756,0.0674,65.45,60.5,56.43,2.22,54.74,17.82,30.45,103.01,3.92,4.043,0.149
2025-12-29 03:27:00,PL02,LINE_C,A,PREMIUM,45.62,2,0.7909,0.25,0.1448,124.82,93.61,80.06,3.4,50.04,19.36,21.01,90.41,4.365,4.529,0.492
2025-12-29 04:30:00,PL01,LINE_A,C,STANDARD,31.45,1,0.8144,0.1268,0.0572,93.23,81.41,76.76,2.12,59.41,29.21,31.47,120.09,3.596,3.685,0.121
2025-12-29 04:47:00,PL01,LINE_D,C,PREMIUM,24.55,1,0.8306,0.1789,0.0999,121.79,100.0,90.01,3.55,58.58,20.85,32.98,112.41,4.675,4.8,0.355
2025-12-29 05:40:00,PL02,LINE_B,B,PREMIUM,47.47,1,0.805,0.1553,0.1137,61.05,51.56,45.7,2.96,50.23,22.17,28.65,101.05,4.924,5.175,0.337
2025-12-29 05:44:00,PL01,LINE_D,B,PREMIUM,55.6,1,0.8777,0.1628,0.1495,56.83,47.58,40.46,2.97,54.98,9.26,26.53,90.77,4.877,5.212,0.444
2025-12-29 06:18:00,PL01,LINE_D,A,STANDARD,32.08,2,0.7578,0.25,0.0868,170.1,127.57,116.5,2.23,55.87,14.12,17.38,87.37,2.918,2.983,0.194
2025-12-29 07:04:00,PL02,LINE_A,B,STANDARD,38.53,4,0.7831,0.25,0.0252,292.67,219.5,213.98,2.26,52.64,21.15,33.97,107.76,2.748,2.761,0.057
2025-12-29 07:23:00,PL02,LINE_B,B,STANDARD,39.94,4,0.8265,0.148,0.1378,298.02,253.92,218.93,2.25,50.23,21.99,18.89,91.11,2.604,2.661,0.309
2025-12-29 08:19:00,PL03,LINE_B,A,STANDARD,32.87,1,0.8348,0.25,0.0107,91.43,68.57,67.84,1.97,49.4,22.66,19.45,91.51,3.304,3.318,0.021
2025-12-29 08:49:00,PL02,LINE_B,A,PREMIUM,39.2,2,0.8841,0.1907,0.135,162.4,131.43,113.69,3.61,52.16,18.39,22.04,92.59,4.313,4.423,0.487
2025-12-29 09:50:00,PL01,LINE_A,A,STANDARD,29.82,2,0.8497,0.0686,0.0271,205.18,191.1,185.91,2.43,55.06,20.45,22.34,97.85,2.944,2.958,0.066
2025-12-29 10:13:00,PL02,LINE_B,B,PREMIUM,38.29,1,0.9061,0.1002,0.15,85.2,76.66,65.16,3.86,53.79,16.52,17.9,88.21,5.009,5.212,0.579
2025-12-29 10:39:00,PL01,LINE_C,A,PREMIUM,38.21,2,0.8263,0.0776,0.0938,155.72,143.64,130.17,3.04,52.76,22.45,17.18,92.39,3.68,3.747,0.285
2025-12-29 11:57:00,PL01,LINE_C,A,STANDARD,30.95,1,0.7861,0.1122,0.15,91.44,81.18,69.0,2.3,54.29,18.47,18.32,91.08,3.418,3.616,0.344
2025-12-29 12:53:00,PL02,LINE_C,A,STANDARD,35.46,2,0.812,0.1427,0.0425,164.87,141.35,135.35,2.07,47.81,21.1,19.83,88.74,2.702,2.73,0.088
2025-12-29 13:31:00,PL02,LINE_C,B,STANDARD,23.55,1,0.8324,0.25,0.0134,127.25,95.44,94.16,2.16,50.61,19.94,14.72,85.27,3.053,3.065,0.029
2025-12-29 14:01:00,PL01,LINE_B,C,STANDARD,39.52,1,0.9435,0.1154,0.06,85.94,76.03,71.47,2.36,56.01,17.31,14.57,87.89,3.515,3.589,0.142
2025-12-29 14:02:00,PL02,LINE_B,A,STANDARD,34.81,1,0.9045,0.25,0.0524,93.54,70.15,66.48,1.57,53.6,23.36,20.94,97.91,2.969,3.046,0.082
2025-12-29 14:12:00,PL01,LINE_B,C,PREMIUM,30.91,1,0.8469,0.2154,0.0516,98.63,77.38,73.39,3.19,56.57,22.51,19.27,98.34,4.46,4.529,0.165
2025-12-29 14:29:00,PL02,LINE_C,C,STANDARD,38.72,2,0.8809,0.0543,0.15,163.79,154.9,131.67,2.5,52.44,17.26,20.19,89.9,3.079,3.182,0.375
2025-12-29 14:55:00,PL03,LINE_C,A,STANDARD,48.23,2,0.8782,0.0852,0.1226,131.08,119.92,105.21,2.4,46.14,17.71,21.57,85.42,3.108,3.207,0.294
2025-12-29 15:37:00,PL01,LINE_C,B,STANDARD,44.69,2,0.7593,0.1588,0.0399,122.33,102.9,98.79,2.06,55.53,13.1,18.38,87.01,2.91,2.945,0.082
2025-12-29 16:15:00,PL02,LINE_B,A,STANDARD,25.12,2,0.8037,0.1659,0.0409,230.38,192.16,184.3,1.9,50.18,15.13,20.22,85.53,2.348,2.367,0.078
2025-12-29 16:18:00,PL01,LINE_C,B,PREMIUM,49.96,2,0.8635,0.091,0.0597,124.46,113.13,106.37,4.08,56.68,20.66,22.33,99.67,4.959,5.015,0.244
2025-12-29 17:00:00,PL02,LINE_A,A,STANDARD,37.46,4,0.7992,0.203,0.0878,307.19,244.82,223.31,2.78,50.63,15.47,29.28,95.37,3.167,3.204,0.244
2025-12-29 17:36:00,PL01,LINE_C,A,PREMIUM,34.39,1,0.9494,0.2015,0.0617,99.37,79.35,74.45,3.78,55.46,15.51,25.62,96.59,4.996,5.076,0.233
2025-12-29 17:48:00,PL01,LINE_A,B,PREMIUM,49.43,1,0.93,0.0949,0.1395,67.73,61.3,52.75,3.2,58.47,8.58,28.7,95.76,4.759,5.012,0.446
2025-12-29 19:28:00,PL02,LINE_C,B,PREMIUM,46.97,2,0.8213,0.1918,0.1241,125.9,101.75,89.12,2.95,50.42,15.66,28.06,94.15,3.874,4.005,0.366
2025-12-29 19:52:00,PL01,LINE_D,A,STANDARD,23.78,1,0.8873,0.1666,0.0615,134.33,111.95,105.06,2.35,58.29,18.65,26.67,103.6,3.28,3.341,0.145
2025-12-29 20:25:00,PL01,LINE_C,A,PREMIUM,45.87,1,0.9094,0.25,0.095,71.37,53.53,48.44,3.68,51.54,15.37,20.52,87.43,5.311,5.483,0.35
2025-12-29 21:27:00,PL01,LINE_A,B,PREMIUM,40.17,2,0.8059,0.0963,0.0516,144.45,130.54,123.8,3.73,55.43,15.08,22.68,93.19,4.44,4.478,0.192
2025-12-29 22:49:00,PL01,LINE_C,A,STANDARD,55.3,1,0.851,0.25,0.0424,55.4,41.55,39.79,2.16,53.37,23.59,8.0,84.97,4.2,4.291,0.091
2025-12-30 00:15:00,PL02,LINE_C,C,STANDARD,20.66,2,0.8173,0.015,0.0481,284.81,280.52,267.03,1.84,50.33,17.18,15.14,82.65,2.134,2.148,0.088
2025-12-30 00:23:00,PL02,LINE_C,B,HEAVY,47.52,1,0.8476,0.25,0.0183,64.21,48.16,47.28,4.41,53.11,15.57,15.85,84.53,6.165,6.198,0.081
2025-12-30 01:07:00,PL03,LINE_A,C,PREMIUM,47.79,1,0.885,0.171,0.15,66.66,55.27,46.98,3.46,49.27,20.62,22.87,92.75,5.141,5.438,0.519
2025-12-30 01:35:00,PL03,LINE_B,B,STANDARD,34.11,1,0.8494,0.0493,0.15,89.64,85.22,72.44,1.64,46.84,25.4,20.76,93.0,2.731,2.923,0.246
2025-12-30 01:41:00,PL03,LINE_B,B,STANDARD,28.28,1,0.8414,0.1869,0.0871,107.11,87.09,79.51,2.05,51.37,18.49,19.74,89.6,3.08,3.178,0.179
2025-12-30 01:54:00,PL01,LINE_A,B,STANDARD,39.83,4,0.8221,0.1711,0.15,297.19,246.34,209.39,2.21,55.25,15.11,19.14,89.5,2.575,2.639,0.332
2025-12-30 02:00:00,PL01,LINE_D,C,HEAVY,109.19,2,0.8493,0.25,0.113,56.0,42.0,37.26,6.45,59.78,25.97,29.2,114.95,9.185,9.533,0.729
2025-12-30 02:04:00,PL01,LINE_A,A,PREMIUM,71.18,2,0.8753,0.1474,0.15,88.54,75.49,64.16,3.14,56.47,17.9,14.38,88.75,4.32,4.527,0.472
2025-12-30 02:08:00,PL01,LINE_B,A,HEAVY,102.29,1,0.9091,0.0528,0.083,32.0,30.31,27.79,4.26,56.76,18.53,11.43,86.72,7.12,7.379,0.354
2025-12-30 02:20:00,PL03,LINE_B,A,STANDARD,31.68,2,0.7956,0.1873,0.0551,180.81,146.94,138.84,2.17,50.39,11.31,22.34,84.05,2.742,2.776,0.12
2025-12-30 02:35:00,PL02,LINE_B,C,PREMIUM,37.08,1,0.8956,0.1695,0.0779,86.94,72.2,66.57,3.92,52.95,18.52,20.44,91.92,5.189,5.296,0.305
2025-12-30 03:39:00,PL01,LINE_B,A,PREMIUM,43.56,1,0.9127,0.1542,0.0391,75.43,63.8,61.3,4.12,55.43,14.3,23.11,92.84,5.571,5.63,0.161
2025-12-30 03:58:00,PL01,LINE_A,B,HEAVY,87.71,1,0.8773,0.0583,0.1465,36.01,33.91,28.94,5.19,54.09,20.13,17.61,91.83,7.901,8.365,0.761
2025-12-30 04:47:00,PL01,LINE_A,A,STANDARD,49.24,2,0.828,0.2134,0.0932,121.07,95.23,86.36,1.6,57.6,13.77,15.6,86.97,2.51,2.604,0.149
2025-12-30 05:44:00,PL03,LINE_C,B,STANDARD,51.12,2,0.9708,0.1188,0.15,136.74,120.49,102.42,2.05,47.82,16.59,19.34,83.75,2.749,2.872,0.308
2025-12-30 07:58:00,PL01,LINE_A,B,STANDARD,31.08,1,0.8607,0.1789,0.15,99.7,81.87,69.59,2.48,55.96,20.96,26.58,103.5,3.741,3.964,0.371
2025-12-30 08:02:00,PL02,LINE_D,A,STANDARD,24.68,2,0.6972,0.11,0.15,203.4,181.02,153.87,2.42,51.79,24.63,18.21,94.63,2.946,3.038,0.363
2025-12-30 08:25:00,PL03,LINE_C,C,STANDARD,28.83,2,0.8163,0.1339,0.15,203.85,176.55,150.07,2.38,50.91,21.7,14.57,87.18,2.876,2.963,0.357
2025-12-30 08:47:00,PL01,LINE_A,A,HEAVY,70.24,2,0.7825,0.2237,0.1129,80.21,62.26,55.23,5.65,56.87,12.57,19.83,89.27,7.086,7.268,0.638
2025-12-30 09:33:00,PL01,LINE_B,A,PREMIUM,56.74,1,0.9208,0.0834,0.0434,58.43,53.55,51.23,4.1,55.39,14.97,22.14,92.5,5.829,5.907,0.178
2025-12-30 10:06:00,PL02,LINE_B,A,PREMIUM,33.84,1,0.8294,0.0911,0.0393,88.25,80.21,77.06,3.36,47.57,17.46,20.26,85.29,4.423,4.467,0.132
2025-12-30 10:15:00,PL03,LINE_D,C,STANDARD,34.57,2,0.824,0.1567,0.15,171.63,144.74,123.03,2.15,46.57,19.25,20.6,86.42,2.751,2.856,0.323
2025-12-30 11:33:00,PL01,LINE_A,A,STANDARD,41.71,1,0.9126,0.25,0.0633,78.77,59.08,55.34,2.22,52.14,16.92,24.33,93.39,3.796,3.903,0.14
2025-12-30 11:36:00,PL02,LINE_A,A,HEAVY,55.59,2,0.8165,0.153,0.0441,105.74,89.56,85.61,5.74,51.61,23.5,18.33,93.44,6.788,6.836,0.254
2025-12-30 12:12:00,PL02,LINE_B,A,STANDARD,40.36,1,0.8872,0.25,0.0431,79.14,59.35,56.8,1.85,50.3,18.21,15.83,84.33,3.268,3.332,0.08
2025-12-30 12:29:00,PL02,LINE_B,C,STANDARD,38.07,1,0.8401,0.25,0.0443,79.45,59.59,56.95,2.33,52.03,21.53,18.73,92.29,3.881,3.953,0.103
2025-12-30 13:00:00,PL02,LINE_A,B,PREMIUM,35.58,1,0.8561,0.1424,0.1162,86.61,74.28,65.65,3.41,55.14,17.46,26.52,99.12,4.748,4.923,0.397
2025-12-30 13:39:00,PL03,LINE_A,A,PREMIUM,51.78,2,0.9746,0.1924,0.039,135.5,109.44,105.16,3.93,45.23,20.33,24.88,90.44,4.759,4.792,0.154
2025-12-30 14:05:00,PL03,LINE_B,B,STANDARD,48.0,2,0.8246,0.1729,0.0615,123.68,102.29,96.0,1.86,52.03,21.06,16.49,89.58,2.739,2.797,0.115
2025-12-30 14:47:00,PL01,LINE_B,B,PREMIUM,57.44,1,0.8547,0.1075,0.15,53.57,47.81,40.64,2.78,58.31,16.19,22.64,97.13,4.814,5.173,0.417
2025-12-30 14:50:00,PL01,LINE_C,C,STANDARD,36.25,1,0.7416,0.1252,0.1356,73.66,64.44,55.7,2.03,58.26,19.73,20.75,98.74,3.566,3.807,0.276
2025-12-30 14:50:00,PL01,LINE_B,A,PREMIUM,41.6,1,0.8249,0.1503,0.047,71.38,60.65,57.81,3.86,55.27,18.36,27.24,100.87,5.52,5.602,0.181
2025-12-30 15:35:00,PL02,LINE_C,B,PREMIUM,57.29,1,0.8478,0.1537,0.1268,53.27,45.09,39.37,3.23,52.05,20.1,16.22,88.36,5.187,5.471,0.409
2025-12-30 16:49:00,PL03,LINE_B,A,STANDARD,34.09,1,0.7433,0.1675,0.15,78.5,65.36,55.55,1.61,46.47,18.09,22.09,86.65,2.932,3.166,0.241
2025-12-30 17:37:00,PL01,LINE_A,C,PREMIUM,58.68,2,0.8418,0.0551,0.1063,103.28,97.59,87.22,3.01,59.11,12.12,24.86,96.09,3.993,4.11,0.32
2025-12-30 17:42:00,PL01,LINE_C,B,PREMIUM,42.84,4,0.697,0.1888,0.15,234.28,190.04,161.53,3.57,58.18,18.2,17.68,94.06,4.069,4.156,0.536
2025-12-30 18:16:00,PL01,LINE_D,C,STANDARD,32.48,1,0.8533,0.0684,0.1017,94.58,88.11,79.14,1.97,59.21,19.72,23.73,102.66,3.134,3.266,0.2
2025-12-30 18:28:00,PL02,LINE_C,A,STANDARD,35.38,1,0.8983,0.0607,0.0628,91.4,85.86,80.47,2.1,48.03,24.53,31.95,104.51,3.312,3.394,0.132
2025-12-30 18:29:00,PL01,LINE_A,A,HEAVY,65.88,1,0.98,0.2189,0.15,53.55,41.83,35.56,4.53,55.13,18.95,11.17,85.25,6.572,6.931,0.68
2025-12-30 19:14:00,PL01,LINE_B,B,HEAVY,51.64,2,0.8339,0.0403,0.1125,116.26,111.58,99.03,6.55,62.52,24.14,27.94,114.6,7.582,7.712,0.738
2025-12-30 19:26:00,PL02,LINE_B,B,STANDARD,31.47,2,0.7864,0.1677,0.1228,179.92,149.74,131.36,2.35,54.62,12.73,26.86,94.22,2.975,3.063,0.288
2025-12-30 20:17:00,PL01,LINE_B,C,PREMIUM,71.35,1,0.8602,0.0499,0.0418,43.4,41.23,39.51,3.96,57.25,17.81,16.27,91.33,6.176,6.273,0.166
2025-12-30 21:35:00,PL02,LINE_C,A,PREMIUM,44.6,1,0.8672,0.2188,0.0344,69.99,54.67,52.8,3.52,50.32,13.29,30.85,94.45,5.245,5.307,0.121
2025-12-30 22:09:00,PL02,LINE_B,B,STANDARD,48.59,1,0.9318,0.1148,0.15,69.03,61.1,51.94,2.09,53.14,11.92,15.93,80.99,3.418,3.652,0.314
2025-12-30 23:00:00,PL01,LINE_C,C,PREMIUM,32.83,2,0.8838,0.25,0.0536,193.84,145.38,137.59,2.97,57.24,17.99,26.02,101.25,3.667,3.706,0.159
2025-12-30 23:21:00,PL01,LINE_B,A,STANDARD,36.45,1,0.8394,0.0236,0.0643,82.9,80.94,75.74,1.19,54.84,18.14,22.65,95.63,2.372,2.454,0.077
2025-12-31 00:21:00,PL02,LINE_B,B,STANDARD,31.04,1,0.8192,0.1609,0.1201,95.0,79.71,70.14,2.05,54.3,13.12,18.41,85.84,3.126,3.273,0.246
2025-12-31 00:53:00,PL01,LINE_C,C,PREMIUM,58.27,2,0.8029,0.1728,0.15,99.21,82.06,69.75,3.41,55.47,19.18,20.41,95.06,4.573,4.778,0.512
2025-12-31 01:43:00,PL02,LINE_B,C,STANDARD,25.92,2,0.8599,0.1036,0.0297,238.83,214.09,207.72,1.91,52.64,18.69,21.55,92.87,2.347,2.36,0.057
2025-12-31 02:01:00,PL02,LINE_C,C,STANDARD,38.55,1,0.8032,0.2435,0.129,75.0,56.73,49.42,1.93,54.86,13.95,32.45,101.26,3.719,3.984,0.25
2025-12-31 02:12:00,PL02,LINE_D,A,PREMIUM,65.81,2,0.8073,0.1946,0.0539,88.32,71.13,67.3,3.46,47.4,12.37,19.65,79.42,4.578,4.642,0.187
2025-12-31 02:14:00,PL02,LINE_A,B,STANDARD,41.49,2,0.8458,0.1579,0.0722,146.8,123.62,114.7,2.26,47.76,22.64,22.44,92.85,3.007,3.065,0.163
2025-12-31 02:30:00,PL01,LINE_C,B,HEAVY,75.55,1,0.9084,0.1016,0.1077,43.29,38.89,34.7,4.83,55.61,18.32,25.12,99.05,7.38,7.688,0.521
2025-12-31 02:55:00,PL01,LINE_D,A,STANDARD,26.38,1,0.8181,0.1013,0.0506,111.63,100.33,95.25,2.54,52.44,15.56,22.05,90.06,3.44,3.488,0.129
2025-12-31 02:58:00,PL01,LINE_A,B,PREMIUM,61.33,2,0.9625,0.25,0.0382,112.98,84.74,81.5,2.96,62.67,22.33,17.56,102.56,4.172,4.22,0.113
2025-12-31 04:30:00,PL01,LINE_B,B,HEAVY,106.78,1,0.7388,0.1938,0.039,24.91,20.08,19.3,5.07,54.66,28.64,22.54,105.83,10.337,10.551,0.198
2025-12-31 04:57:00,PL01,LINE_C,B,HEAVY,39.41,1,0.98,0.0582,0.097,89.52,84.31,76.14,6.11,58.17,25.87,16.22,100.27,7.298,7.426,0.592
2025-12-31 05:48:00,PL01,LINE_D,C,HEAVY,44.21,1,0.92,0.25,0.1312,74.92,56.19,48.81,4.55,57.2,15.66,22.97,95.83,6.254,6.511,0.597
2025-12-31 05:53:00,PL01,LINE_B,B,STANDARD,33.55,2,0.8965,0.1064,0.1015,192.38,171.91,154.46,1.77,58.07,17.15,22.34,97.56,2.336,2.4,0.179
2025-12-31 06:04:00,PL02,LINE_A,C,STANDARD,39.1,1,0.8459,0.25,0.0739,77.89,58.42,54.1,2.28,52.14,15.12,27.03,94.3,3.899,4.027,0.169
2025-12-31 07:01:00,PL02,LINE_C,C,STANDARD,32.67,4,0.8965,0.177,0.0439,395.14,325.19,310.93,2.72,54.8,13.06,20.53,88.39,2.992,3.004,0.119
2025-12-31 07:09:00,PL02,LINE_C,C,HEAVY,71.19,2,0.8689,0.25,0.0168,87.88,65.91,64.81,5.06,55.57,23.97,16.71,96.24,6.518,6.543,0.085
2025-12-31 07:14:00,PL01,LINE_B,C,PREMIUM,50.9,1,0.9047,0.1573,0.1477,63.99,53.93,45.96,3.59,56.35,21.67,24.03,102.05,5.477,5.805,0.53
2025-12-31 07:25:00,PL02,LINE_A,C,STANDARD,36.51,1,0.8772,0.0405,0.0848,86.5,82.99,75.95,1.77,55.38,9.27,21.64,86.3,2.807,2.903,0.15
2025-12-31 07:39:00,PL02,LINE_C,B,HEAVY,50.25,1,0.8821,0.1789,0.15,63.19,51.88,44.1,3.99,49.93,16.34,22.84,89.11,5.709,6.012,0.599
2025-12-31 07:50:00,PL02,LINE_C,B,STANDARD,52.34,1,0.8626,0.1856,0.044,59.33,48.32,46.2,1.77,51.84,10.92,15.17,77.92,3.383,3.457,0.078
2025-12-31 07:52:00,PL03,LINE_B,B,HEAVY,69.72,1,0.8538,0.1505,0.15,44.09,37.45,31.83,5.46,47.04,19.31,23.28,89.63,7.852,8.275,0.819
2025-12-31 08:16:00,PL01,LINE_B,A,STANDARD,41.56,4,0.8619,0.2046,0.0912,298.68,237.57,215.9,2.72,57.27,15.78,15.54,88.59,3.093,3.13,0.248
2025-12-31 08:19:00,PL01,LINE_A,A,PREMIUM,35.77,4,0.7958,0.1364,0.0299,320.33,276.64,268.37,3.14,55.54,20.7,15.41,91.66,3.468,3.478,0.094
2025-12-31 08:29:00,PL02,LINE_B,B,STANDARD,42.61,2,0.8052,0.1911,0.0433,136.07,110.07,105.3,2.57,54.73,21.83,13.48,90.04,3.393,3.43,0.112
2025-12-31 09:18:00,PL01,LINE_A,C,HEAVY,79.84,2,0.8892,0.2443,0.0243,80.19,60.6,59.13,6.62,57.77,23.95,12.9,94.62,8.177,8.216,0.16
2025-12-31 10:25:00,PL02,LINE_B,A,STANDARD,43.74,1,0.8298,0.1893,0.15,68.3,55.37,47.07,1.98,46.3,16.79,15.87,78.96,3.406,3.657,0.297
2025-12-31 10:31:00,PL01,LINE_B,B,PREMIUM,35.97,4,0.8878,0.232,0.0941,355.47,273.0,247.3,2.9,57.28,21.17,34.54,112.99,3.312,3.355,0.273
2025-12-31 11:09:00,PL03,LINE_D,B,PREMIUM,51.76,2,0.8509,0.25,0.15,118.35,88.77,75.45,3.15,50.32,21.46,16.47,88.25,4.143,4.318,0.472
2025-12-31 12:42:00,PL02,LINE_A,A,STANDARD,32.21,1,0.8505,0.1398,0.1215,95.05,81.77,71.83,2.35,50.11,21.44,11.45,83.01,3.368,3.509,0.286
2025-12-31 13:28:00,PL01,LINE_B,A,STANDARD,50.18,1,0.842,0.1492,0.0578,60.4,51.39,48.42,2.42,53.58,22.71,32.03,108.32,4.523,4.653,0.14
2025-12-31 13:33:00,PL02,LINE_B,A,STANDARD,35.78,1,0.9338,0.0202,0.0856,93.95,92.06,84.17,2.16,49.83,18.84,19.44,88.12,3.121,3.211,0.185
2025-12-31 13:38:00,PL02,LINE_D,C,PREMIUM,50.36,1,0.8782,0.14,0.1054,62.78,53.99,48.3,3.79,55.41,21.8,25.54,102.74,5.688,5.913,0.399
2025-12-31 13:41:00,PL01,LINE_A,A,STANDARD,41.41,2,0.8791,0.1578,0.1158,152.84,128.71,113.81,1.94,55.98,15.72,30.33,102.04,2.73,2.834,0.224
2025-12-31 14:17:00,PL02,LINE_B,C,STANDARD,28.08,2,0.98,0.25,0.15,251.28,188.46,160.19,2.59,56.81,24.64,19.08,100.53,3.124,3.218,0.389
2025-12-31 14:21:00,PL03,LINE_A,A,STANDARD,26.52,2,0.8481,0.0761,0.1201,230.26,212.75,187.2,1.9,48.11,15.12,21.49,84.72,2.299,2.354,0.228
2025-12-31 15:05:00,PL01,LINE_B,A,STANDARD,36.67,2,0.9456,0.0477,0.0463,185.66,176.8,168.62,2.47,56.76,15.36,20.23,92.35,2.991,3.016,0.114
2025-12-31 15:08:00,PL02,LINE_C,B,STANDARD,30.18,2,0.8566,0.1654,0.1005,204.36,170.55,153.42,2.39,52.27,18.66,24.95,95.87,2.954,3.016,0.24
2025-12-31 15:49:00,PL01,LINE_D,C,STANDARD,23.23,1,0.8441,0.1318,0.0319,130.8,113.56,109.94,2.36,55.13,13.44,21.82,90.39,3.157,3.183,0.075
2025-12-31 16:28:00,PL02,LINE_A,A,STANDARD,32.12,1,0.8892,0.1214,0.0997,99.67,87.58,78.85,1.45,52.35,18.05,18.59,89.0,2.464,2.577,0.144
2025-12-31 17:39:00,PL03,LINE_B,C,STANDARD,23.69,2,0.9132,0.1518,0.0873,277.52,235.4,214.84,2.18,50.9,15.52,24.06,90.48,2.562,2.599,0.19
2025-12-31 17:57:00,PL03,LINE_D,B,STANDARD,43.4,1,0.7814,0.0805,0.1123,64.82,59.6,52.91,2.34,49.33,15.98,29.1,94.41,3.928,4.128,0.263
2025-12-31 18:08:00,PL01,LINE_C,A,STANDARD,38.78,1,0.9479,0.1004,0.077,88.0,79.17,73.08,3.09,56.45,17.14,25.0,98.59,4.338,4.442,0.238
2025-12-31 18:44:00,PL02,LINE_B,A,STANDARD,43.42,2,0.8499,0.0628,0.0893,140.92,132.07,120.27,2.3,48.09,16.52,24.04,88.65,2.971,3.037,0.205
2025-12-31 18:56:00,PL02,LINE_A,B,STANDARD,57.9,2,0.8797,0.0338,0.1216,109.39,105.69,92.84,1.7,53.18,9.49,22.25,84.92,2.502,2.614,0.207
2025-12-31 19:00:00,PL03,LINE_C,A,PREMIUM,46.11,2,0.8003,0.2195,0.0766,124.97,97.54,90.07,3.0,46.35,15.35,17.57,79.27,3.814,3.881,0.23
2025-12-31 20:00:00,PL02,LINE_C,A,STANDARD,34.4,2,0.8462,0.0705,0.15,177.1,164.62,139.93,2.19,51.75,15.71,22.41,89.87,2.739,2.835,0.329
2025-12-31 20:42:00,PL01,LINE_C,A,HEAVY,54.44,1,0.8558,0.1562,0.0308,56.59,47.75,46.28,6.12,54.57,19.51,25.51,99.59,8.206,8.272,0.188
2025-12-31 21:14:00,PL02,LINE_A,C,HEAVY,32.1,1,0.7747,0.0739,0.0474,86.9,80.48,76.66,5.49,51.71,22.83,17.59,92.13,6.638,6.695,0.26
2025-12-31 22:13:00,PL01,LINE_D,C,STANDARD,28.37,2,0.8554,0.1707,0.1395,217.11,180.06,154.93,2.44,53.68,12.44,23.68,89.8,2.938,3.019,0.34
2025-12-31 22:19:00,PL02,LINE_B,B,HEAVY,89.75,1,0.8079,0.25,0.04,32.41,24.3,23.33,6.12,49.89,18.04,21.94,89.87,9.815,9.969,0.245
2025-12-31 22:24:00,PL02,LINE_A,C,PREMIUM,45.56,1,0.7285,0.0605,0.1014,57.57,54.09,48.6,4.35,56.7,24.4,31.4,112.5,6.429,6.664,0.441
2025-12-31 22:30:00,PL01,LINE_C,B,HEAVY,46.14,2,0.8057,0.0646,0.1134,125.73,117.61,104.27,5.99,54.22,19.94,32.63,106.79,6.897,7.013,0.679
2025-12-31 23:15:00,PL01,LINE_A,A,STANDARD,36.78,1,0.9187,0.088,0.15,89.93,82.02,69.72,2.63,51.88,17.88,19.92,89.68,3.725,3.917,0.395
2025-12-31 23:45:00,PL01,LINE_C,C,STANDARD,43.65,1,0.8972,0.1873,0.15,73.99,60.14,51.12,2.21,57.18,14.87,19.18,91.22,3.729,3.997,0.332
2026-01-01 00:49:00,PL01,LINE_B,B,STANDARD,40.89,1,0.822,0.1519,0.0581,72.36,61.37,57.81,2.48,55.43,21.45,19.56,96.44,4.049,4.146,0.144
2026-01-01 00:53:00,PL02,LINE_A,A,STANDARD,37.9,1,0.8166,0.0544,0.1017,77.57,73.35,65.89,2.12,54.91,14.49,27.77,97.17,3.445,3.595,0.216
2026-01-01 01:59:00,PL02,LINE_C,B,STANDARD,55.35,2,0.8093,0.0436,0.1286,105.27,100.69,87.73,2.15,51.3,17.64,18.46,87.4,3.013,3.141,0.276
2026-01-01 02:00:00,PL01,LINE_B,B,STANDARD,44.67,1,0.8965,0.0375,0.0431,72.25,69.54,66.54,1.77,56.11,16.84,27.13,100.08,3.209,3.274,0.076
2026-01-01 02:24:00,PL01,LINE_A,C,STANDARD,36.44,1,0.8452,0.25,0.0226,83.49,62.62,61.2,2.43,57.75,19.53,26.27,103.55,4.087,4.125,0.055
2026-01-01 02:39:00,PL01,LINE_C,C,HEAVY,62.27,1,0.9282,0.0935,0.1486,53.66,48.65,41.42,6.63,56.29,24.31,23.54,104.14,8.767,9.141,0.985
2026-01-01 03:17:00,PL01,LINE_C,B,STANDARD,31.57,1,0.8444,0.1977,0.15,96.29,77.25,65.66,2.56,54.59,17.41,15.4,87.41,3.688,3.887,0.383
2026-01-01 03:18:00,PL02,LINE_A,C,STANDARD,22.22,1,0.8519,0.1241,0.1323,138.02,120.89,104.9,1.61,54.22,18.44,12.12,84.77,2.31,2.416,0.213
2026-01-01 03:27:00,PL01,LINE_D,A,PREMIUM,31.27,4,0.6794,0.2072,0.15,312.87,248.06,210.85,3.13,55.33,11.82,22.75,89.91,3.488,3.552,0.469
2026-01-01 03:45:00,PL02,LINE_D,C,STANDARD,22.5,1,0.8543,0.0747,0.0608,136.67,126.46,118.77,1.86,52.65,20.99,24.45,98.09,2.639,2.689,0.113
2026-01-01 04:58:00,PL03,LINE_D,B,HEAVY,81.77,1,0.8891,0.1369,0.1012,39.14,33.78,30.36,5.7,44.53,18.84,26.82,90.19,8.372,8.673,0.577
2026-01-01 05:41:00,PL03,LINE_C,B,PREMIUM,46.82,1,0.8029,0.25,0.0634,61.74,46.31,43.37,2.54,51.5,23.2,26.8,101.5,4.735,4.884,0.161
2026-01-01 05:49:00,PL01,LINE_C,A,HEAVY,107.92,1,0.8378,0.127,0.0081,27.94,24.4,24.2,5.41,57.81,18.42,26.91,103.14,9.636,9.67,0.044
2026-01-01 05:50:00,PL02,LINE_A,A,STANDARD,40.21,1,0.8228,0.1419,0.15,73.66,63.2,53.72,2.58,46.71,16.7,29.78,93.19,4.057,4.318,0.387
2026-01-01 06:08:00,PL01,LINE_A,C,PREMIUM,41.86,1,0.9371,0.136,0.1057,80.59,69.63,62.27,4.2,56.78,17.6,21.54,95.92,5.574,5.737,0.443
2026-01-01 06:26:00,PL01,LINE_C,B,STANDARD,31.98,2,0.7934,0.2091,0.1382,178.64,141.28,121.76,1.8,58.01,14.35,20.02,92.38,2.459,2.563,0.249
2026-01-01 06:56:00,PL01,LINE_C,C,HEAVY,55.63,2,0.7548,0.25,0.0281,97.69,73.27,71.21,3.56,55.78,23.06,16.99,95.83,4.867,4.905,0.1
2026-01-01 06:57:00,PL03,LINE_B,C,STANDARD,28.29,1,0.8314,0.1423,0.15,105.79,90.73,77.12,2.57,50.93,18.92,24.36,94.2,3.604,3.787,0.385
2026-01-01 08:05:00,PL03,LINE_A,A,PREMIUM,59.33,2,0.9422,0.25,0.15,114.34,85.76,72.89,3.59,49.82,19.09,12.99,81.9,4.544,4.713,0.538
2026-01-01 08:25:00,PL01,LINE_B,C,STANDARD,39.51,1,0.7558,0.2495,0.15,68.87,51.69,43.93,2.74,54.96,11.6,26.08,92.64,4.532,4.848,0.411
2026-01-01 08:48:00,PL01,LINE_D,B,STANDARD,29.78,1,0.7941,0.1369,0.0915,95.98,82.84,75.27,1.81,53.9,15.88,27.78,97.56,2.989,3.108,0.166
2026-01-01 09:08:00,PL03,LINE_C,C,STANDARD,29.64,2,0.9377,0.0644,0.0394,227.8,213.13,204.74,2.02,49.89,24.34,21.15,95.39,2.467,2.486,0.079
2026-01-01 09:18:00,PL01,LINE_C,A,STANDARD,32.61,1,0.8799,0.2061,0.0482,97.13,77.11,73.4,1.68,54.32,19.45,19.19,92.96,2.887,2.948,0.081
2026-01-01 09:26:00,PL03,LINE_B,A,STANDARD,30.49,2,0.98,0.018,0.0534,231.44,227.29,215.14,1.99,51.04,17.28,15.57,83.89,2.361,2.382,0.106
2026-01-01 09:36:00,PL03,LINE_B,C,PREMIUM,56.33,1,0.8956,0.0499,0.1317,57.24,54.38,47.22,3.21,49.85,13.75,19.98,83.58,4.742,4.975,0.422
2026-01-01 09:50:00,PL03,LINE_B,C,HEAVY,43.65,1,0.9441,0.2461,0.1361,77.86,58.7,50.71,6.33,50.41,25.31,21.76,97.48,7.99,8.252,0.862
2026-01-01 10:59:00,PL02,LINE_C,A,STANDARD,34.66,2,0.9619,0.0225,0.0498,199.81,195.31,185.59,2.26,48.63,15.02,16.59,80.24,2.671,2.693,0.113
2026-01-01 11:05:00,PL01,LINE_A,A,STANDARD,32.11,1,0.8355,0.187,0.0962,93.67,76.16,68.83,2.16,58.61,21.79,21.82,102.22,3.504,3.647,0.208
2026-01-01 11:19:00,PL01,LINE_C,B,STANDARD,40.21,2,0.8812,0.0436,0.0744,157.77,150.88,139.66,2.28,55.48,22.33,17.45,95.25,2.912,2.962,0.17
2026-01-01 12:04:00,PL03,LINE_A,A,STANDARD,51.31,1,0.7747,0.25,0.0951,54.35,40.76,36.89,2.55,44.61,16.08,18.79,79.49,4.496,4.701,0.242
2026-01-01 12:08:00,PL02,LINE_D,A,HEAVY,51.4,1,0.7697,0.1508,0.1359,53.9,45.77,39.55,4.58,48.57,13.35,26.94,88.87,6.527,6.832,0.623
2026-01-01 12:09:00,PL03,LINE_A,B,HEAVY,77.46,1,0.7537,0.25,0.0669,35.03,26.27,24.52,6.06,49.69,20.5,12.64,82.83,9.208,9.434,0.405
2026-01-01 12:17:00,PL01,LINE_A,C,HEAVY,46.73,1,0.8486,0.164,0.1023,65.37,54.65,49.06,5.33,55.91,30.56,28.67,115.14,7.435,7.675,0.545
2026-01-01 12:49:00,PL02,LINE_B,B,STANDARD,37.97,1,0.8,0.25,0.0402,75.85,56.89,54.6,2.4,51.57,14.27,17.48,83.33,3.869,3.93,0.097
2026-01-01 12:57:00,PL01,LINE_A,A,STANDARD,42.78,1,0.8481,0.201,0.0602,71.37,57.03,53.59,2.23,54.89,21.64,24.66,101.19,4.001,4.114,0.134
2026-01-01 13:29:00,PL01,LINE_C,A,PREMIUM,59.59,2,0.9014,0.0326,0.0552,108.92,105.37,99.55,2.67,55.77,22.34,24.57,102.69,3.648,3.705,0.148
2026-01-01 14:04:00,PL02,LINE_B,C,PREMIUM,30.58,1,0.9021,0.0159,0.0219,106.21,104.52,102.24,3.32,53.19,14.31,17.7,85.2,4.131,4.149,0.073
2026-01-01 14:12:00,PL03,LINE_A,C,STANDARD,31.41,4,0.8968,0.2147,0.0666,411.2,322.94,301.44,1.03,47.55,17.15,13.98,78.68,1.272,1.29,0.068
2026-01-01 14:16:00,PL01,LINE_B,B,STANDARD,31.74,1,0.98,0.1213,0.1132,111.16,97.67,86.61,2.56,57.59,14.39,23.71,95.7,3.545,3.67,0.29
2026-01-01 14:17:00,PL02,LINE_C,A,HEAVY,87.56,1,0.7808,0.1173,0.0992,32.1,28.34,25.53,4.7,48.01,20.74,25.24,93.99,8.015,8.38,0.466
2026-01-01 14:28:00,PL02,LINE_D,C,PREMIUM,34.27,1,0.7978,0.2238,0.1092,83.82,65.06,57.96,3.7,49.14,15.63,25.62,90.4,5.085,5.255,0.404
2026-01-01 15:57:00,PL02,LINE_A,C,PREMIUM,37.57,2,0.8532,0.25,0.1335,163.48,122.61,106.24,3.51,52.03,13.27,21.8,87.1,4.224,4.333,0.469
2026-01-01 17:18:00,PL03,LINE_B,C,STANDARD,31.09,2,0.8694,0.0184,0.1074,201.36,197.65,176.43,1.44,47.42,14.47,15.78,77.67,1.834,1.881,0.155
2026-01-01 19:05:00,PL02,LINE_A,C,PREMIUM,41.76,2,0.9396,0.1746,0.023,161.99,133.71,130.63,3.63,52.3,14.8,31.46,98.56,4.372,4.389,0.084
2026-01-01 19:49:00,PL02,LINE_B,A,STANDARD,42.78,2,0.8935,0.1137,0.1096,150.38,133.28,118.67,1.97,49.88,16.91,24.81,91.59,2.658,2.742,0.216
2026-01-01 19:56:00,PL03,LINE_B,C,STANDARD,51.08,1,0.8416,0.1054,0.0909,59.31,53.06,48.23,2.29,52.59,21.86,28.22,102.66,4.226,4.419,0.208
2026-01-01 21:02:00,PL01,LINE_A,C,STANDARD,34.69,1,0.7497,0.143,0.0556,77.81,66.69,62.98,2.13,57.42,20.89,18.39,96.7,3.579,3.665,0.118
2026-01-01 21:10:00,PL01,LINE_A,B,PREMIUM,30.02,1,0.8797,0.1917,0.15,105.51,85.29,72.49,2.43,57.98,21.84,21.9,101.72,3.625,3.835,0.365
2026-01-01 21:18:00,PL03,LINE_D,B,PREMIUM,47.03,1,0.7895,0.054,0.1081,60.43,57.16,50.98,4.11,48.06,20.56,18.49,87.11,5.63,5.814,0.444
2026-01-01 21:54:00,PL03,LINE_A,B,PREMIUM,30.26,1,0.8785,0.1882,0.1276,104.53,84.86,74.03,3.53,48.27,18.48,28.05,94.79,4.65,4.813,0.451
2026-01-01 22:37:00,PL02,LINE_B,B,PREMIUM,72.96,1,0.9304,0.0282,0.0307,45.91,44.61,43.25,3.46,51.65,15.05,27.04,93.74,5.564,5.631,0.106
2026-01-01 23:09:00,PL03,LINE_A,C,STANDARD,28.32,2,0.8838,0.1799,0.1283,224.72,184.29,160.66,1.71,54.62,16.81,25.53,96.96,2.241,2.318,0.22
2026-01-02 00:26:00,PL02,LINE_C,B,STANDARD,45.67,1,0.9055,0.0713,0.0711,71.38,66.29,61.57,2.52,53.69,16.26,28.32,98.27,4.004,4.117,0.179
2026-01-02 00:31:00,PL02,LINE_A,A,STANDARD,36.34,2,0.8705,0.0558,0.0494,172.49,162.86,154.81,2.7,46.17,19.56,26.74,92.48,3.264,3.294,0.133
2026-01-02 00:54:00,PL01,LINE_A,A,PREMIUM,46.03,2,0.8274,0.1009,0.0964,129.41,116.36,105.13,4.96,54.99,10.56,25.36,90.92,5.739,5.822,0.478
2026-01-02 01:06:00,PL01,LINE_A,A,STANDARD,35.39,1,0.8953,0.0806,0.1325,91.07,83.73,72.63,2.57,57.67,12.32,23.29,93.29,3.688,3.858,0.341
2026-01-02 01:15:00,PL02,LINE_B,A,STANDARD,41.46,2,0.8419,0.0921,0.0609,146.21,132.75,124.67,2.08,54.14,20.02,30.93,105.09,2.876,2.927,0.127
2026-01-02 01:16:00,PL03,LINE_A,B,PREMIUM,53.9,2,0.9618,0.0241,0.0884,128.47,125.38,114.29,2.94,49.75,25.06,27.87,102.68,3.762,3.841,0.26
2026-01-02 03:01:00,PL02,LINE_C,C,PREMIUM,38.05,4,0.8637,0.1392,0.15,326.84,281.33,239.13,3.45,50.5,15.24,22.27,88.01,3.768,3.823,0.518
2026-01-02 03:24:00,PL03,LINE_D,B,PREMIUM,29.26,1,0.7362,0.25,0.0977,90.57,67.93,61.29,3.32,51.96,19.59,20.14,91.69,4.667,4.813,0.324
2026-01-02 03:28:00,PL01,LINE_A,B,STANDARD,48.83,1,0.8708,0.25,0.15,64.2,48.15,40.93,2.34,59.76,15.09,29.61,104.46,4.507,4.89,0.351
2026-01-02 04:05:00,PL02,LINE_A,C,HEAVY,94.49,2,0.8491,0.0744,0.082,64.7,59.89,54.98,4.72,55.19,25.37,34.11,114.68,6.637,6.808,0.387
2026-01-02 04:37:00,PL02,LINE_C,C,STANDARD,31.03,1,0.9331,0.0584,0.15,108.24,101.91,86.63,2.26,52.69,20.76,15.01,88.46,3.132,3.285,0.34
2026-01-02 04:41:00,PL02,LINE_C,A,PREMIUM,42.24,1,0.9043,0.0192,0.0872,77.06,75.58,68.99,4.09,53.83,17.86,23.48,95.17,5.35,5.47,0.357
2026-01-02 05:09:00,PL01,LINE_B,A,STANDARD,39.9,2,0.8322,0.064,0.0675,150.18,140.57,131.09,2.42,57.41,21.29,20.22,98.92,3.12,3.171,0.163
2026-01-02 05:20:00,PL02,LINE_B,C,PREMIUM,51.67,1,0.8658,0.2219,0.0589,60.32,46.94,44.18,2.56,47.64,18.14,26.87,92.65,4.533,4.656,0.151
2026-01-02 05:24:00,PL01,LINE_B,B,PREMIUM,55.87,1,0.8538,0.0614,0.0964,55.01,51.64,46.66,2.59,54.91,15.21,23.76,93.87,4.408,4.602,0.25
2026-01-02 06:18:00,PL02,LINE_A,A,PREMIUM,40.15,2,0.8156,0.0554,0.0649,146.26,138.16,129.19,3.64,47.97,14.78,18.85,81.59,4.232,4.273,0.236
2026-01-02 06:37:00,PL03,LINE_A,B,HEAVY,73.15,1,0.8631,0.016,0.1332,42.48,41.8,36.23,6.58,50.94,27.27,24.73,102.95,9.045,9.423,0.876
2026-01-02 06:49:00,PL01,LINE_B,A,PREMIUM,33.95,1,0.8761,0.25,0.15,92.91,69.68,59.23,3.73,53.7,23.71,21.88,99.29,5.157,5.409,0.56
2026-01-02 06:49:00,PL01,LINE_A,C,STANDARD,36.89,1,0.8128,0.218,0.0148,79.32,62.03,61.11,1.9,57.14,11.44,18.01,86.6,3.295,3.316,0.028
2026-01-02 08:01:00,PL03,LINE_C,C,STANDARD,34.52,4,0.8025,0.1206,0.0461,334.81,294.45,280.87,2.28,50.19,15.42,12.28,77.89,2.549,2.561,0.105
2026-01-02 08:14:00,PL01,LINE_D,A,STANDARD,22.38,1,0.797,0.1289,0.0418,128.2,111.68,107.01,2.26,56.3,15.87,17.12,89.29,3.062,3.096,0.095
2026-01-02 10:25:00,PL01,LINE_D,C,HEAVY,58.86,2,0.853,0.2163,0.1248,104.34,81.77,71.57,5.31,58.19,28.93,19.92,107.04,6.624,6.81,0.663
2026-01-02 10:43:00,PL03,LINE_C,B,STANDARD,32.98,2,0.9457,0.065,0.15,206.45,193.03,164.08,2.38,45.46,15.92,11.16,72.54,2.758,2.825,0.357
2026-01-02 11:10:00,PL03,LINE_D,B,STANDARD,18.51,4,0.8152,0.0885,0.15,634.29,578.16,491.44,2.44,50.54,15.35,18.67,84.55,2.586,2.612,0.366
2026-01-02 11:17:00,PL01,LINE_B,B,STANDARD,30.59,1,0.8082,0.1817,0.0949,95.12,77.83,70.45,2.16,57.16,21.25,24.75,103.17,3.485,3.624,0.205
2026-01-02 13:24:00,PL01,LINE_B,A,STANDARD,26.91,1,0.8428,0.1959,0.0712,112.74,90.66,84.21,2.47,57.43,19.18,18.81,95.41,3.525,3.605,0.176
2026-01-02 13:38:00,PL03,LINE_A,A,PREMIUM,48.93,2,0.8857,0.25,0.15,130.35,97.76,83.1,4.08,45.62,17.87,19.78,83.26,4.934,5.085,0.612
2026-01-02 14:01:00,PL01,LINE_A,C,HEAVY,77.12,1,0.7969,0.1708,0.15,37.2,30.84,26.22,5.19,57.59,19.78,27.58,104.96,8.59,9.191,0.778
2026-01-02 14:18:00,PL01,LINE_B,A,STANDARD,32.41,1,0.8772,0.0944,0.15,97.45,88.25,75.01,1.89,52.8,17.61,23.44,93.85,2.953,3.141,0.283
2026-01-02 14:42:00,PL02,LINE_A,C,STANDARD,35.39,2,0.8436,0.1229,0.0682,171.62,150.53,140.26,1.79,51.72,17.97,20.64,90.32,2.393,2.437,0.122
2026-01-02 14:53:00,PL03,LINE_B,A,PREMIUM,36.09,1,0.8713,0.25,0.1359,86.9,65.18,56.32,3.84,48.77,13.77,20.67,83.21,5.112,5.313,0.521
2026-01-02 15:34:00,PL03,LINE_C,B,PREMIUM,44.81,2,0.8773,0.25,0.15,140.98,105.73,89.87,2.54,53.55,20.51,16.72,90.78,3.397,3.548,0.381
2026-01-02 18:38:00,PL02,LINE_A,A,STANDARD,57.71,1,0.9192,0.2281,0.0237,57.35,44.26,43.21,1.74,50.17,21.13,22.07,93.38,3.846,3.897,0.041
2026-01-02 19:00:00,PL01,LINE_A,C,HEAVY,64.02,2,0.9231,0.0715,0.0892,103.82,96.39,87.8,5.15,56.88,20.12,26.07,103.07,6.221,6.326,0.459
2026-01-02 20:18:00,PL02,LINE_B,B,HEAVY,63.45,1,0.98,0.2086,0.1028,55.6,44.01,39.48,4.87,52.36,19.57,23.66,95.59,7.04,7.289,0.5
2026-01-02 20:49:00,PL02,LINE_A,A,STANDARD,33.31,4,0.8006,0.0939,0.1058,346.06,313.56,280.39,2.1,48.93,17.77,22.63,89.33,2.384,2.418,0.222
2026-01-02 21:35:00,PL03,LINE_B,A,STANDARD,43.19,1,0.8507,0.1185,0.15,70.9,62.5,53.12,2.12,47.12,23.51,17.11,87.75,3.526,3.774,0.318
2026-01-02 21:49:00,PL02,LINE_D,B,STANDARD,27.97,2,0.8508,0.25,0.0811,219.02,164.27,150.95,2.29,50.93,9.99,20.66,81.59,2.787,2.831,0.186
2026-01-02 21:52:00,PL02,LINE_D,C,STANDARD,38.26,1,0.8503,0.0928,0.083,80.01,72.59,66.56,2.52,55.09,13.54,25.7,94.33,3.824,3.942,0.21
2026-01-02 21:54:00,PL02,LINE_D,C,PREMIUM,24.61,1,0.7739,0.25,0.0618,113.21,84.91,79.66,3.51,52.58,18.98,21.78,93.34,4.606,4.678,0.217
2026-01-02 22:02:00,PL03,LINE_B,A,STANDARD,30.62,1,0.9075,0.25,0.081,106.71,80.03,73.55,2.61,51.48,20.24,29.14,100.86,3.865,3.977,0.211
2026-01-02 23:06:00,PL01,LINE_A,B,HEAVY,49.03,2,0.9167,0.25,0.1187,134.62,100.96,88.98,5.04,55.74,22.45,20.43,98.62,6.019,6.151,0.598
2026-01-02 23:07:00,PL02,LINE_A,B,STANDARD,29.93,1,0.8347,0.0986,0.1466,100.4,90.51,77.24,2.34,49.92,12.3,14.94,77.16,3.195,3.341,0.343
2026-01-02 23:16:00,PL01,LINE_D,B,STANDARD,31.78,2,0.8691,0.25,0.1415,196.92,147.69,126.79,2.13,57.97,23.29,20.96,102.22,2.821,2.936,0.301
2026-01-02 23:45:00,PL01,LINE_C,C,STANDARD,41.82,1,0.8401,0.0821,0.0268,72.32,66.38,64.6,2.94,58.47,17.23,15.34,91.03,4.309,4.346,0.079
2026-01-03 00:00:00,PL01,LINE_D,C,STANDARD,34.48,2,0.8705,0.1593,0.15,181.81,152.85,129.92,2.19,56.92,16.4,25.92,99.24,2.842,2.957,0.329
2026-01-03 00:56:00,PL02,LINE_C,B,STANDARD,39.76,1,0.8377,0.1634,0.0378,75.84,63.45,61.05,1.71,49.42,18.01,22.37,89.81,3.127,3.183,0.065
2026-01-03 01:02:00,PL02,LINE_B,A,PREMIUM,28.33,1,0.9454,0.1476,0.0299,120.13,102.39,99.34,3.13,50.18,18.45,31.19,99.83,4.108,4.138,0.094
2026-01-03 01:20:00,PL02,LINE_C,B,HEAVY,35.35,2,0.7926,0.0561,0.078,161.43,152.37,140.49,5.84,52.63,19.1,25.75,97.48,6.483,6.537,0.456
2026-01-03 01:23:00,PL01,LINE_A,C,STANDARD,46.25,2,0.8799,0.1324,0.05,136.98,118.83,112.89,2.27,58.22,19.49,26.29,104.01,3.148,3.194,0.114
2026-01-03 02:30:00,PL03,LINE_C,C,PREMIUM,47.54,2,0.8381,0.1032,0.1094,126.94,113.84,101.38,3.68,48.94,21.84,32.33,103.12,4.586,4.697,0.403
2026-01-03 03:21:00,PL01,LINE_D,B,STANDARD,28.65,1,0.8097,0.1493,0.0639,101.74,86.55,81.02,1.58,55.8,22.98,21.94,100.72,2.742,2.821,0.101
2026-01-03 04:45:00,PL02,LINE_C,B,PREMIUM,58.58,1,0.9175,0.104,0.0193,56.38,50.51,49.54,3.67,49.52,18.71,19.82,88.05,5.418,5.452,0.071
2026-01-03 05:47:00,PL01,LINE_A,A,STANDARD,35.82,2,0.8833,0.1702,0.1027,177.53,147.32,132.18,2.44,53.87,21.8,20.92,96.59,3.099,3.174,0.251
2026-01-03 06:35:00,PL03,LINE_A,C,STANDARD,29.62,1,0.931,0.1701,0.0452,113.15,93.9,89.66,2.29,49.53,16.41,18.53,84.46,3.193,3.235,0.104
2026-01-03 06:37:00,PL02,LINE_A,A,STANDARD,32.59,1,0.7997,0.0967,0.038,88.34,79.8,76.77,1.65,51.39,11.84,20.84,84.08,2.699,2.741,0.063
2026-01-03 06:50:00,PL01,LINE_C,A,PREMIUM,34.66,1,0.8285,0.1112,0.0339,86.04,76.48,73.89,4.43,55.3,13.86,16.9,86.06,5.56,5.6,0.15
2026-01-03 06:54:00,PL03,LINE_A,A,PREMIUM,37.52,2,0.8267,0.1503,0.15,158.63,134.79,114.57,3.92,46.17,20.61,25.36,92.15,4.602,4.723,0.588
2026-01-03 07:01:00,PL01,LINE_D,C,HEAVY,72.08,1,0.7784,0.1044,0.1357,38.88,34.82,30.09,4.61,59.84,24.1,22.28,106.22,7.658,8.137,0.625
2026-01-03 07:34:00,PL02,LINE_C,B,STANDARD,41.47,2,0.7869,0.25,0.1273,136.63,102.47,89.43,2.2,50.42,18.9,21.89,91.2,3.087,3.217,0.28
2026-01-03 07:43:00,PL01,LINE_D,C,STANDARD,26.29,1,0.8455,0.1746,0.1398,115.77,95.56,82.2,2.45,58.0,14.75,22.71,95.46,3.446,3.608,0.342
2026-01-03 08:32:00,PL01,LINE_B,A,PREMIUM,35.05,2,0.9265,0.25,0.0489,190.35,142.76,135.78,3.67,54.75,21.56,11.17,87.49,4.284,4.316,0.179
2026-01-03 09:11:00,PL02,LINE_A,A,STANDARD,26.24,2,0.905,0.1537,0.096,248.3,210.15,189.98,2.12,49.11,15.33,17.77,82.21,2.511,2.553,0.203
2026-01-03 09:48:00,PL03,LINE_A,C,STANDARD,34.57,2,0.7267,0.25,0.064,151.36,113.52,106.26,2.01,50.26,16.32,15.93,82.51,2.741,2.791,0.129
2026-01-03 10:57:00,PL01,LINE_A,C,PREMIUM,52.22,1,0.8612,0.0425,0.15,59.37,56.84,48.32,3.77,60.98,26.41,12.17,99.57,5.52,5.829,0.565
2026-01-03 10:58:00,PL03,LINE_B,B,STANDARD,29.74,1,0.9075,0.2129,0.1233,109.84,86.46,75.8,2.04,47.51,24.31,26.45,98.27,3.173,3.333,0.251
2026-01-03 11:09:00,PL02,LINE_A,A,PREMIUM,32.27,1,0.8168,0.1762,0.15,91.13,75.07,63.81,3.61,52.17,22.84,26.58,101.58,4.96,5.199,0.541
2026-01-03 11:11:00,PL01,LINE_A,B,STANDARD,42.77,1,0.8099,0.1126,0.0592,68.16,60.49,56.91,1.79,56.4,20.55,22.31,99.26,3.434,3.537,0.106
2026-01-03 12:06:00,PL01,LINE_B,A,PREMIUM,57.34,1,0.9469,0.131,0.124,59.45,51.66,45.25,2.86,54.79,18.34,19.06,92.18,4.642,4.894,0.354
2026-01-03 12:39:00,PL03,LINE_B,B,PREMIUM,67.14,2,0.8954,0.1983,0.15,96.02,76.98,65.43,3.81,46.17,15.92,14.58,76.67,4.81,4.985,0.572
2026-01-03 12:45:00,PL02,LINE_C,C,PREMIUM,54.24,1,0.8459,0.2083,0.0431,56.14,44.44,42.53,3.41,51.16,21.31,13.81,86.28,5.349,5.437,0.147
2026-01-03 12:54:00,PL01,LINE_C,A,HEAVY,41.73,1,0.8302,0.0788,0.15,71.61,65.97,56.08,4.64,53.21,25.68,18.48,97.37,6.114,6.374,0.696
2026-01-03 12:55:00,PL02,LINE_D,B,PREMIUM,31.27,1,0.7404,0.2468,0.0531,85.24,64.2,60.79,2.71,50.36,25.64,23.26,99.26,4.26,4.347,0.144
2026-01-03 13:08:00,PL01,LINE_B,C,STANDARD,30.08,2,0.8984,0.176,0.15,215.06,177.2,150.62,2.32,58.75,11.57,16.47,86.79,2.809,2.895,0.348
2026-01-03 13:50:00,PL03,LINE_C,C,STANDARD,36.88,4,0.8917,0.0563,0.1016,348.19,328.58,295.19,1.79,51.24,17.7,24.94,93.88,2.079,2.111,0.182
2026-01-03 14:23:00,PL01,LINE_A,B,HEAVY,65.62,1,0.8927,0.25,0.0755,48.97,36.73,33.96,6.4,56.39,21.41,24.53,102.34,9.187,9.415,0.483
2026-01-03 14:32:00,PL02,LINE_B,C,PREMIUM,32.89,1,0.7731,0.1881,0.0604,84.61,68.69,64.54,3.39,52.19,21.31,26.26,99.76,4.838,4.931,0.205
2026-01-03 14:36:00,PL01,LINE_B,C,PREMIUM,42.52,1,0.8345,0.0945,0.0528,70.66,63.98,60.6,4.05,58.76,20.89,24.06,103.71,5.666,5.756,0.213
2026-01-03 14:36:00,PL03,LINE_B,B,HEAVY,69.9,1,0.7217,0.2036,0.0752,37.17,29.6,27.38,4.77,47.69,21.47,16.16,85.31,7.647,7.882,0.359
2026-01-03 15:46:00,PL03,LINE_C,A,HEAVY,70.7,1,0.98,0.1715,0.0901,49.9,41.34,37.62,5.84,46.31,20.29,19.66,86.26,7.928,8.135,0.526
2026-01-03 16:32:00,PL01,LINE_B,A,HEAVY,43.57,1,0.8425,0.0215,0.0255,69.61,68.11,66.37,5.7,53.58,18.36,26.68,98.62,7.152,7.189,0.146
2026-01-03 17:07:00,PL01,LINE_A,C,PREMIUM,30.72,2,0.8525,0.2103,0.0876,199.82,157.79,143.97,3.72,59.0,16.66,25.75,101.42,4.366,4.427,0.326
2026-01-03 17:25:00,PL02,LINE_B,B,PREMIUM,32.66,1,0.9339,0.0815,0.15,102.93,94.55,80.37,3.41,49.99,8.25,22.76,81.0,4.265,4.416,0.511
2026-01-03 18:01:00,PL03,LINE_A,A,PREMIUM,34.93,1,0.8307,0.1109,0.0881,85.61,76.12,69.42,3.79,49.97,23.59,28.39,101.94,5.132,5.262,0.334
2026-01-03 19:04:00,PL01,LINE_A,B,HEAVY,60.89,1,0.8662,0.0529,0.0887,51.21,48.5,44.19,4.62,53.7,24.19,23.46,101.34,6.705,6.909,0.409
2026-01-03 19:21:00,PL03,LINE_D,A,STANDARD,25.91,2,0.8435,0.1646,0.1196,234.42,195.83,172.42,2.54,47.16,20.42,25.0,92.58,3.011,3.076,0.304
2026-01-03 19:51:00,PL01,LINE_D,B,STANDARD,31.29,1,0.98,0.0784,0.0717,112.74,103.9,96.45,2.34,57.29,25.1,17.69,100.08,3.302,3.377,0.168
2026-01-03 20:42:00,PL01,LINE_B,C,STANDARD,25.84,1,0.8606,0.1461,0.0589,119.91,102.39,96.36,2.55,58.75,14.26,23.35,96.36,3.494,3.553,0.15
2026-01-03 21:28:00,PL01,LINE_A,A,PREMIUM,42.11,1,0.9407,0.25,0.0884,80.41,60.31,54.98,3.47,54.1,21.67,19.56,95.33,5.048,5.202,0.307
2026-01-03 22:57:00,PL03,LINE_C,B,PREMIUM,50.64,1,0.8762,0.25,0.15,62.29,46.72,39.71,2.89,49.05,13.78,25.1,87.93,4.767,5.099,0.433
2026-01-03 22:59:00,PL01,LINE_C,C,STANDARD,33.78,1,0.922,0.1204,0.1292,98.25,86.42,75.25,2.66,60.53,16.16,20.66,97.35,3.783,3.95,0.343
2026-01-03 23:04:00,PL03,LINE_A,C,HEAVY,60.35,2,0.8497,0.0747,0.0529,101.37,93.8,88.83,5.15,52.24,24.57,20.88,97.68,6.188,6.246,0.272
2026-01-03 23:56:00,PL01,LINE_B,C,STANDARD,26.33,1,0.9419,0.1753,0.0705,128.77,106.2,98.72,2.53,60.24,12.42,15.54,88.2,3.36,3.423,0.178
2026-01-04 00:04:00,PL03,LINE_C,B,STANDARD,40.92,1,0.844,0.0401,0.0615,74.25,71.28,66.9,2.14,50.94,17.29,9.89,78.13,3.237,3.309,0.132
2026-01-04 00:20:00,PL03,LINE_C,A,STANDARD,31.49,2,0.7995,0.0668,0.0442,182.82,170.61,163.07,2.04,48.57,19.24,17.74,85.56,2.545,2.568,0.09
2026-01-04 00:59:00,PL03,LINE_D,A,STANDARD,35.18,2,0.7771,0.25,0.1174,159.07,119.3,105.29,2.13,46.22,21.54,17.49,85.25,2.841,2.936,0.25
2026-01-04 01:22:00,PL02,LINE_C,C,PREMIUM,45.25,2,0.8567,0.25,0.0531,136.31,102.23,96.8,3.34,50.71,22.89,34.02,107.61,4.394,4.453,0.177
2026-01-04 01:32:00,PL01,LINE_B,C,HEAVY,51.82,2,0.957,0.0956,0.0573,132.95,120.25,113.36,5.88,58.12,23.96,17.47,99.56,6.708,6.758,0.337
2026-01-04 01:40:00,PL03,LINE_B,B,STANDARD,30.82,1,0.9236,0.1616,0.1169,107.87,90.44,79.87,1.95,48.64,17.22,22.6,88.46,2.927,3.056,0.228
2026-01-04 03:14:00,PL01,LINE_B,A,HEAVY,71.94,1,0.8616,0.0427,0.0965,43.11,41.27,37.29,4.92,51.3,23.79,17.15,92.23,7.15,7.389,0.474
2026-01-04 03:16:00,PL01,LINE_B,A,STANDARD,46.34,1,0.8914,0.1742,0.1052,69.25,57.19,51.17,2.36,56.92,15.66,29.49,102.06,4.145,4.355,0.248
2026-01-04 03:38:00,PL01,LINE_B,A,PREMIUM,68.09,2,0.9028,0.0789,0.15,95.46,87.92,74.73,3.15,54.34,11.73,31.8,97.87,4.263,4.46,0.473
2026-01-04 03:46:00,PL01,LINE_D,A,HEAVY,39.66,1,0.8486,0.25,0.1425,77.03,57.77,49.54,4.86,54.39,26.88,21.73,103.0,6.639,6.935,0.692
2026-01-04 04:01:00,PL02,LINE_A,C,PREMIUM,36.27,2,0.7933,0.25,0.0779,157.5,118.13,108.92,3.66,54.57,12.62,17.89,85.08,4.384,4.445,0.286
2026-01-04 04:29:00,PL03,LINE_C,C,STANDARD,38.52,1,0.8954,0.1816,0.0766,83.69,68.49,63.24,1.85,48.47,25.15,23.59,97.21,3.274,3.392,0.142
2026-01-04 05:12:00,PL01,LINE_B,A,STANDARD,39.48,2,0.8043,0.25,0.0405,146.69,110.02,105.56,2.19,51.26,14.72,24.32,90.3,3.009,3.044,0.089
2026-01-04 05:44:00,PL03,LINE_D,A,STANDARD,40.64,1,0.8938,0.0722,0.0734,79.17,73.45,68.06,1.93,43.64,14.79,11.52,69.95,2.884,2.959,0.142
2026-01-04 06:54:00,PL02,LINE_B,C,HEAVY,120.32,2,0.8208,0.0777,0.0899,49.12,45.3,41.23,5.05,50.93,27.85,19.1,97.89,7.212,7.425,0.454
2026-01-04 06:56:00,PL01,LINE_A,B,STANDARD,35.53,2,0.8095,0.1911,0.0425,164.06,132.71,127.08,2.36,59.03,13.9,23.99,96.92,3.094,3.126,0.1
2026-01-04 07:36:00,PL01,LINE_C,C,STANDARD,34.97,2,0.832,0.2474,0.0414,171.32,128.92,123.59,2.05,60.13,24.15,17.55,101.83,2.842,2.876,0.085
2026-01-04 07:49:00,PL01,LINE_A,A,HEAVY,53.03,2,0.7645,0.1871,0.0602,103.8,84.38,79.3,4.27,54.84,25.71,20.19,100.74,5.46,5.537,0.257
2026-01-04 08:17:00,PL01,LINE_B,A,STANDARD,40.44,2,0.6977,0.2149,0.0626,124.23,97.54,91.43,2.15,54.44,12.63,25.61,92.68,3.097,3.16,0.134
2026-01-04 09:53:00,PL03,LINE_B,A,PREMIUM,54.73,2,0.8882,0.0693,0.0334,116.84,108.74,105.1,2.62,46.33,20.07,20.49,86.89,3.414,3.442,0.087
2026-01-04 10:41:00,PL02,LINE_A,B,STANDARD,27.34,2,0.8702,0.1984,0.097,229.19,183.73,165.9,2.43,48.21,15.78,23.34,87.33,2.907,2.958,0.236
2026-01-04 10:47:00,PL01,LINE_A,C,STANDARD,35.23,1,0.7576,0.1386,0.1456,77.42,66.69,56.98,2.18,54.18,22.91,23.09,100.18,3.681,3.937,0.317
2026-01-04 11:30:00,PL01,LINE_A,B,STANDARD,38.58,2,0.8875,0.0311,0.0984,165.65,160.5,144.7,2.48,59.41,13.78,19.96,93.15,3.065,3.128,0.245
2026-01-04 11:33:00,PL03,LINE_D,A,PREMIUM,46.33,2,0.8501,0.1281,0.0878,132.1,115.17,105.06,3.04,51.42,14.15,21.96,87.52,3.804,3.877,0.267
2026-01-04 11:48:00,PL03,LINE_D,C,STANDARD,31.04,2,0.6656,0.1052,0.0613,154.4,138.15,129.68,2.47,48.45,17.43,21.15,87.04,3.105,3.146,0.152
2026-01-04 13:34:00,PL01,LINE_A,A,STANDARD,28.65,1,0.7766,0.2241,0.15,97.59,75.72,64.36,2.03,56.31,12.43,22.36,91.1,3.234,3.446,0.305
2026-01-04 13:42:00,PL03,LINE_A,B,STANDARD,36.85,1,0.9297,0.25,0.0649,90.84,68.13,63.71,1.83,49.62,19.28,22.93,91.83,3.174,3.268,0.119
2026-01-04 13:59:00,PL03,LINE_B,C,STANDARD,47.14,1,0.8759,0.0581,0.15,66.89,63.0,53.55,2.11,50.01,19.37,19.41,88.8,3.517,3.766,0.316
2026-01-04 14:05:00,PL01,LINE_B,C,HEAVY,71.32,1,0.8309,0.25,0.1332,41.94,31.45,27.26,5.57,57.42,17.61,24.12,99.15,8.725,9.21,0.742
2026-01-04 14:29:00,PL01,LINE_D,A,STANDARD,60.86,1,0.764,0.1505,0.1417,45.19,38.39,32.95,2.19,56.19,15.76,15.22,87.17,4.461,4.836,0.31
2026-01-04 14:57:00,PL01,LINE_B,B,STANDARD,31.15,1,0.9281,0.0613,0.0577,107.25,100.67,94.87,1.79,54.92,15.34,32.29,102.54,2.807,2.869,0.103
2026-01-04 15:53:00,PL03,LINE_A,A,STANDARD,31.67,1,0.8519,0.25,0.0284,96.85,72.64,70.57,2.02,44.28,21.45,17.34,83.06,3.159,3.192,0.057
2026-01-04 16:32:00,PL03,LINE_B,A,HEAVY,32.19,1,0.771,0.25,0.143,86.24,64.68,55.43,5.46,46.4,23.93,16.79,87.12,6.807,7.031,0.781
2026-01-04 16:43:00,PL02,LINE_C,C,STANDARD,29.39,2,0.8524,0.2338,0.032,208.82,159.99,154.87,2.02,56.01,23.39,27.44,106.83,2.684,2.706,0.064
2026-01-04 17:08:00,PL03,LINE_B,A,STANDARD,24.77,2,0.8585,0.0474,0.15,249.58,237.76,202.09,1.92,45.09,15.96,18.35,79.4,2.255,2.314,0.288
2026-01-04 19:26:00,PL02,LINE_B,C,STANDARD,24.38,4,0.839,0.0533,0.0641,495.47,469.04,438.98,1.7,52.36,12.74,21.93,87.02,1.89,1.903,0.109
2026-01-04 19:43:00,PL03,LINE_B,C,STANDARD,21.19,1,0.8747,0.0623,0.0556,148.63,139.38,131.63,2.26,50.43,18.64,8.58,77.65,2.82,2.852,0.126
2026-01-04 19:45:00,PL01,LINE_D,A,PREMIUM,40.15,2,0.8717,0.1197,0.1035,156.33,137.62,123.38,3.92,55.3,16.78,26.21,98.29,4.637,4.719,0.406
2026-01-04 21:04:00,PL02,LINE_A,A,PREMIUM,81.12,1,0.8921,0.1083,0.1281,39.59,35.3,30.78,3.87,48.02,20.14,18.13,86.28,6.318,6.677,0.496
2026-01-04 21:17:00,PL01,LINE_C,A,STANDARD,26.21,1,0.9388,0.1261,0.0553,128.94,112.68,106.44,2.48,54.73,16.33,22.3,93.37,3.309,3.358,0.137
2026-01-04 21:19:00,PL01,LINE_C,A,PREMIUM,46.31,1,0.8576,0.1027,0.0935,66.66,59.82,54.22,3.08,56.39,13.2,26.08,95.68,4.678,4.843,0.288
2026-01-04 22:00:00,PL03,LINE_D,C,STANDARD,33.95,1,0.7356,0.1277,0.1005,77.99,68.03,61.19,2.05,50.37,12.63,18.79,81.79,3.249,3.384,0.206
2026-01-04 23:05:00,PL03,LINE_A,B,STANDARD,25.96,1,0.8658,0.25,0.127,120.04,90.03,78.59,2.61,47.98,11.97,27.81,87.76,3.586,3.728,0.332
2026-01-04 23:16:00,PL03,LINE_B,A,STANDARD,57.26,1,0.901,0.1133,0.073,56.65,50.23,46.57,1.9,45.75,14.38,15.15,75.29,3.4,3.518,0.139
2026-01-04 23:26:00,PL02,LINE_B,B,STANDARD,43.63,1,0.846,0.2305,0.15,69.81,53.72,45.66,1.95,52.68,16.32,31.39,100.38,3.816,4.146,0.292
2026-01-05 00:26:00,PL02,LINE_C,A,STANDARD,39.31,1,0.8252,0.1705,0.0183,75.58,62.69,61.54,2.58,51.78,12.44,17.46,81.69,3.879,3.903,0.047
2026-01-05 00:36:00,PL01,LINE_B,B,PREMIUM,36.09,2,0.9539,0.0984,0.15,190.33,171.59,145.85,3.64,53.17,15.14,27.27,95.58,4.195,4.293,0.546
2026-01-05 03:29:00,PL01,LINE_D,C,STANDARD,28.88,2,0.7572,0.1105,0.0382,188.74,167.88,161.46,2.16,59.98,16.76,12.11,88.85,2.686,2.707,0.082
2026-01-05 03:36:00,PL01,LINE_C,C,PREMIUM,41.19,2,0.8978,0.1048,0.15,156.94,140.5,119.42,4.75,58.63,15.27,18.92,92.82,5.406,5.523,0.712
2026-01-05 04:04:00,PL01,LINE_A,A,HEAVY,51.02,2,0.7552,0.1886,0.0774,106.59,86.49,79.79,5.16,55.49,20.7,20.59,96.79,6.283,6.377,0.4
2026-01-05 04:22:00,PL01,LINE_C,C,STANDARD,34.68,4,0.8647,0.0812,0.15,359.0,329.86,280.38,1.98,58.31,17.62,16.95,92.89,2.266,2.316,0.298
2026-01-05 05:55:00,PL01,LINE_B,A,PREMIUM,57.26,1,0.9101,0.25,0.0793,57.22,42.92,39.51,3.53,53.56,13.87,32.52,99.95,5.86,6.061,0.28
2026-01-05 06:14:00,PL02,LINE_C,A,STANDARD,30.27,2,0.9263,0.2034,0.0155,220.35,175.52,172.8,2.45,52.47,23.62,13.99,90.08,2.963,2.971,0.038
2026-01-05 06:50:00,PL01,LINE_C,B,HEAVY,97.59,1,0.8789,0.0894,0.1125,32.42,29.52,26.2,4.72,55.7,25.15,21.57,102.42,8.188,8.627,0.531
2026-01-05 07:17:00,PL02,LINE_A,C,STANDARD,33.44,1,0.9587,0.0684,0.0677,103.21,96.15,89.64,2.11,51.99,15.53,22.86,90.38,3.047,3.115,0.143
2026-01-05 07:21:00,PL02,LINE_A,C,HEAVY,86.96,1,0.7824,0.25,0.0292,32.39,24.29,23.58,5.66,54.36,21.58,24.72,100.66,9.807,9.932,0.165
2026-01-05 07:50:00,PL03,LINE_A,C,HEAVY,48.51,1,0.9356,0.2266,0.0552,69.43,53.7,50.73,5.05,45.83,28.51,20.48,94.82,6.819,6.922,0.279
2026-01-05 08:44:00,PL03,LINE_A,C,PREMIUM,42.54,2,0.939,0.25,0.066,158.94,119.2,111.34,3.33,47.7,20.49,25.72,93.9,4.113,4.169,0.219
2026-01-05 08:46:00,PL01,LINE_B,A,HEAVY,92.28,1,0.9071,0.0736,0.0685,35.39,32.78,30.54,4.18,57.95,23.06,23.57,104.58,7.373,7.608,0.286
2026-01-05 08:56:00,PL03,LINE_C,C,STANDARD,37.51,1,0.8535,0.0751,0.15,81.92,75.77,64.41,2.4,47.9,18.87,18.37,85.13,3.52,3.718,0.359
2026-01-05 09:16:00,PL01,LINE_D,C,PREMIUM,66.75,2,0.835,0.0868,0.099,90.06,82.25,74.11,3.37,56.69,20.39,25.25,102.33,4.618,4.755,0.334
2026-01-05 09:22:00,PL03,LINE_C,A,STANDARD,54.5,1,0.8819,0.123,0.15,58.25,51.09,43.42,1.77,49.97,23.43,28.28,101.69,3.758,4.109,0.265
2026-01-05 09:39:00,PL01,LINE_B,C,PREMIUM,53.43,1,0.8666,0.1272,0.1363,58.39,50.96,44.02,3.76,61.67,14.78,13.81,90.26,5.531,5.81,0.512
2026-01-05 09:47:00,PL01,LINE_B,A,STANDARD,36.44,1,0.9085,0.25,0.046,89.76,67.32,64.22,2.53,55.27,19.73,17.15,92.15,3.897,3.963,0.116
2026-01-05 10:16:00,PL01,LINE_A,A,PREMIUM,49.63,1,0.8769,0.1683,0.0668,63.6,52.9,49.36,3.57,54.67,18.14,22.95,95.75,5.379,5.509,0.238
2026-01-05 10:28:00,PL01,LINE_B,B,PREMIUM,65.63,1,0.8751,0.0647,0.15,48.0,44.9,38.16,3.09,53.61,14.8,19.15,87.55,5.043,5.387,0.464
2026-01-05 10:58:00,PL02,LINE_A,A,PREMIUM,50.29,4,0.7985,0.0392,0.0803,228.64,219.67,202.03,3.14,50.61,18.37,33.12,102.1,3.602,3.643,0.252
2026-01-05 11:12:00,PL02,LINE_C,C,PREMIUM,52.4,2,0.8697,0.1092,0.0545,119.49,106.44,100.64,3.72,51.77,26.23,16.83,94.83,4.608,4.66,0.203
2026-01-05 11:28:00,PL02,LINE_B,C,STANDARD,39.79,1,0.9757,0.1829,0.15,88.27,72.13,61.31,2.1,54.84,19.98,19.62,94.43,3.405,3.636,0.314
2026-01-05 11:31:00,PL02,LINE_C,B,STANDARD,41.5,4,0.9412,0.174,0.0192,326.6,269.76,264.59,1.3,51.76,17.38,27.11,96.25,1.657,1.664,0.025
2026-01-05 11:36:00,PL02,LINE_B,A,PREMIUM,45.71,1,0.9025,0.0622,0.15,71.08,66.65,56.66,3.78,50.12,19.22,19.1,88.44,5.111,5.345,0.568
2026-01-05 11:44:00,PL02,LINE_A,C,PREMIUM,71.1,1,0.9476,0.2279,0.114,47.98,37.05,32.82,4.06,57.6,15.5,19.82,92.93,6.571,6.893,0.463
2026-01-05 12:14:00,PL02,LINE_A,A,PREMIUM,47.31,2,0.9131,0.25,0.0376,138.95,104.21,100.3,3.01,47.58,15.78,24.44,87.8,3.854,3.887,0.113
2026-01-05 12:18:00,PL02,LINE_A,B,PREMIUM,46.21,2,0.9416,0.093,0.1352,146.7,133.06,115.07,3.46,55.25,17.36,17.66,90.27,4.136,4.242,0.467
2026-01-05 12:32:00,PL02,LINE_A,B,PREMIUM,47.19,1,0.9216,0.063,0.0674,70.31,65.88,61.44,3.42,50.18,23.51,21.8,95.48,4.873,4.978,0.231
2026-01-05 12:38:00,PL02,LINE_A,B,STANDARD,30.03,1,0.8201,0.0612,0.0597,98.32,92.31,86.8,1.91,46.84,17.31,21.7,85.85,2.836,2.895,0.114
2026-01-05 12:45:00,PL03,LINE_A,B,PREMIUM,52.53,2,0.8409,0.0221,0.15,115.26,112.7,95.8,3.01,51.84,19.75,23.7,95.3,3.856,4.005,0.452
2026-01-05 12:55:00,PL01,LINE_B,A,STANDARD,58.59,1,0.8256,0.0206,0.15,50.73,49.69,42.23,1.85,53.24,12.6,29.46,95.3,3.771,4.109,0.278
2026-01-05 13:00:00,PL03,LINE_B,B,STANDARD,28.2,1,0.7576,0.1811,0.1156,96.7,79.19,70.04,1.82,48.46,21.36,24.36,94.18,3.01,3.166,0.211
2026-01-05 13:38:00,PL02,LINE_D,B,PREMIUM,47.45,1,0.9114,0.1476,0.0555,69.15,58.94,55.67,2.94,50.17,18.04,30.53,98.74,4.616,4.715,0.163
2026-01-05 13:50:00,PL02,LINE_A,C,PREMIUM,49.03,2,0.9048,0.0198,0.1056,132.87,130.25,116.49,3.45,50.4,10.0,17.6,78.0,4.051,4.122,0.365
2026-01-05 14:07:00,PL01,LINE_B,B,PREMIUM,39.44,1,0.8818,0.0357,0.15,80.5,77.63,65.98,2.8,58.77,22.7,24.82,106.29,4.167,4.409,0.42
2026-01-05 14:10:00,PL02,LINE_A,C,PREMIUM,26.51,4,0.8574,0.1126,0.15,465.71,413.25,351.26,3.01,54.93,17.94,19.46,92.34,3.229,3.268,0.451
2026-01-05 14:39:00,PL02,LINE_C,A,STANDARD,36.95,1,0.8091,0.25,0.0885,78.83,59.12,53.89,2.36,49.53,22.92,18.4,90.85,3.897,4.046,0.209
2026-01-05 14:56:00,PL01,LINE_C,A,PREMIUM,40.0,2,0.8848,0.0434,0.1182,159.24,152.33,134.33,3.26,53.3,15.55,31.57,100.41,3.923,4.012,0.386
2026-01-05 16:26:00,PL02,LINE_D,A,PREMIUM,42.84,1,0.7891,0.1536,0.0743,66.3,56.12,51.95,4.17,48.52,16.6,20.32,85.44,5.693,5.815,0.31
2026-01-05 17:02:00,PL02,LINE_D,C,STANDARD,28.56,1,0.7234,0.0705,0.0684,91.19,84.76,78.96,2.81,56.67,18.74,15.41,90.82,3.88,3.958,0.192
2026-01-05 17:18:00,PL01,LINE_D,A,STANDARD,33.61,2,0.8293,0.1151,0.0871,177.65,157.2,143.51,2.46,53.3,11.69,18.11,83.11,2.985,3.036,0.214
2026-01-05 19:13:00,PL01,LINE_B,C,HEAVY,41.53,1,0.8574,0.18,0.0475,74.32,60.94,58.05,3.63,59.01,16.93,19.43,95.37,5.191,5.269,0.172
2026-01-05 20:47:00,PL03,LINE_C,C,STANDARD,49.15,4,0.81,0.1023,0.0501,237.33,213.04,202.38,2.5,50.62,19.2,23.25,93.08,2.939,2.962,0.125
2026-01-05 21:22:00,PL01,LINE_C,B,STANDARD,40.73,1,0.8835,0.2162,0.1227,78.09,61.21,53.7,1.83,57.99,18.52,26.56,103.07,3.513,3.748,0.224
2026-01-05 22:57:00,PL02,LINE_B,B,PREMIUM,49.54,1,0.8767,0.25,0.0745,63.71,47.78,44.22,4.01,49.8,21.82,26.14,97.76,6.052,6.216,0.298
2026-01-05 23:02:00,PL01,LINE_B,C,HEAVY,54.68,2,0.98,0.0936,0.0545,129.04,116.96,110.59,5.68,59.91,19.26,23.34,102.51,6.552,6.602,0.309
2026-01-06 00:16:00,PL01,LINE_B,C,STANDARD,30.12,2,0.9537,0.2361,0.0757,228.0,174.16,160.98,1.91,58.13,21.21,24.8,104.15,2.504,2.553,0.144
2026-01-06 01:12:00,PL01,LINE_A,C,STANDARD,39.63,2,0.7278,0.25,0.025,132.22,99.17,96.69,2.24,58.38,11.91,28.08,98.37,3.233,3.259,0.056
2026-01-06 01:17:00,PL01,LINE_C,C,STANDARD,48.2,2,0.8189,0.2483,0.0747,122.33,91.96,85.09,2.23,59.66,23.74,19.44,102.83,3.349,3.439,0.167
2026-01-06 01:19:00,PL02,LINE_A,A,STANDARD,44.46,1,0.9666,0.0911,0.1264,78.26,71.13,62.14,2.72,47.84,18.05,20.63,86.52,3.936,4.112,0.344
2026-01-06 01:30:00,PL01,LINE_A,B,STANDARD,42.1,1,0.8184,0.0823,0.0475,69.98,64.22,61.17,2.14,56.63,18.6,23.52,98.75,3.681,3.757,0.102
2026-01-06 02:10:00,PL03,LINE_A,A,PREMIUM,93.28,1,0.7381,0.2318,0.0654,28.49,21.88,20.45,3.7,45.39,23.5,31.17,100.07,8.275,8.595,0.242
2026-01-06 02:28:00,PL01,LINE_B,B,STANDARD,23.98,1,0.8354,0.137,0.15,125.43,108.25,92.01,2.3,56.65,17.16,23.06,96.88,3.195,3.353,0.345
2026-01-06 02:54:00,PL03,LINE_D,C,HEAVY,58.1,1,0.7296,0.25,0.15,45.21,33.91,28.82,4.19,48.15,20.08,16.04,84.27,6.673,7.111,0.628
2026-01-06 03:19:00,PL02,LINE_D,A,STANDARD,32.64,1,0.9434,0.1826,0.0454,104.07,85.06,81.21,2.47,48.24,21.01,22.66,91.91,3.548,3.6,0.112
2026-01-06 03:34:00,PL01,LINE_D,C,HEAVY,71.21,1,0.7804,0.1686,0.0504,39.45,32.8,31.15,4.02,57.25,20.77,25.33,103.34,7.171,7.339,0.202
2026-01-06 03:49:00,PL02,LINE_A,A,PREMIUM,33.54,4,0.8398,0.2483,0.15,360.61,271.06,230.4,3.28,48.81,17.33,19.14,85.29,3.595,3.651,0.492
2026-01-06 03:59:00,PL01,LINE_D,B,STANDARD,29.11,1,0.8044,0.1266,0.0951,99.47,86.88,78.62,2.13,57.26,18.39,25.32,100.96,3.29,3.412,0.202
2026-01-06 04:35:00,PL01,LINE_A,B,PREMIUM,34.79,1,0.7869,0.198,0.1342,81.44,65.32,56.55,2.86,61.18,17.4,19.71,98.29,4.364,4.597,0.384
2026-01-06 04:40:00,PL02,LINE_A,C,STANDARD,35.33,1,0.7462,0.06,0.15,76.05,71.48,60.76,2.52,53.14,20.27,26.68,100.09,3.92,4.167,0.378
2026-01-06 04:49:00,PL02,LINE_D,C,STANDARD,39.65,2,0.824,0.25,0.0707,149.64,112.23,104.3,1.92,58.17,29.27,24.06,111.5,2.912,2.988,0.136
2026-01-06 04:50:00,PL02,LINE_C,A,STANDARD,27.05,1,0.7998,0.1086,0.0439,106.45,94.89,90.72,2.54,44.94,22.38,29.1,96.41,3.558,3.605,0.112
2026-01-06 07:16:00,PL01,LINE_A,A,PREMIUM,34.91,1,0.912,0.0348,0.15,94.04,90.77,77.16,3.52,58.03,20.89,22.17,101.09,4.634,4.83,0.528
2026-01-06 08:07:00,PL02,LINE_C,B,STANDARD,34.75,1,0.8517,0.1397,0.0788,88.23,75.9,69.92,2.14,50.33,13.38,19.3,83.02,3.236,3.33,0.169
2026-01-06 08:20:00,PL03,LINE_D,B,STANDARD,19.19,1,0.7182,0.219,0.0399,134.75,105.23,101.04,2.14,49.18,19.36,24.45,92.99,3.026,3.062,0.085
2026-01-06 09:13:00,PL02,LINE_B,C,STANDARD,35.61,1,0.8811,0.25,0.1123,89.08,66.81,59.31,2.35,50.87,21.19,22.22,94.27,3.765,3.943,0.264
2026-01-06 09:54:00,PL01,LINE_B,B,STANDARD,33.91,2,0.8866,0.0757,0.0597,188.26,174.0,163.61,2.11,52.54,18.33,22.12,93.0,2.643,2.676,0.126
2026-01-06 10:09:00,PL01,LINE_A,A,PREMIUM,30.17,2,0.916,0.068,0.15,218.57,203.71,173.15,2.77,52.5,13.73,20.8,87.03,3.197,3.273,0.416
2026-01-06 10:38:00,PL02,LINE_B,A,PREMIUM,38.29,1,0.811,0.0563,0.0693,76.25,71.96,66.97,3.44,51.43,21.8,9.75,82.98,4.589,4.675,0.238
2026-01-06 10:40:00,PL01,LINE_A,C,HEAVY,62.2,1,0.8944,0.1499,0.1101,51.77,44.0,39.16,5.06,57.01,22.82,21.93,101.76,7.375,7.661,0.557
2026-01-06 10:45:00,PL01,LINE_D,C,HEAVY,38.74,2,0.8088,0.25,0.0978,150.31,112.73,101.7,4.93,59.11,19.09,22.95,101.15,5.825,5.922,0.482
2026-01-06 10:46:00,PL02,LINE_C,C,STANDARD,30.13,2,0.8744,0.0622,0.0576,208.93,195.93,184.64,2.14,50.63,28.33,14.02,92.98,2.613,2.642,0.123
2026-01-06 13:02:00,PL01,LINE_A,C,STANDARD,44.17,1,0.963,0.171,0.0571,78.48,65.06,61.35,2.77,58.02,10.39,31.63,100.04,4.312,4.406,0.158
2026-01-06 13:33:00,PL03,LINE_D,A,HEAVY,55.68,1,0.849,0.208,0.1013,54.89,43.47,39.07,5.91,46.72,20.99,22.79,90.5,7.995,8.23,0.599
2026-01-06 13:49:00,PL01,LINE_B,C,STANDARD,53.33,1,0.8433,0.0837,0.0442,56.93,52.16,49.85,2.34,57.88,18.4,26.32,102.6,4.304,4.395,0.103
2026-01-06 14:01:00,PL01,LINE_B,C,STANDARD,43.9,1,0.8775,0.25,0.1177,71.96,53.97,47.62,2.41,58.24,16.4,24.26,98.9,4.24,4.485,0.283
2026-01-06 15:09:00,PL02,LINE_A,C,PREMIUM,53.53,2,0.869,0.1033,0.037,116.89,104.81,100.94,3.28,48.72,20.05,16.36,85.14,4.093,4.124,0.121
2026-01-06 16:11:00,PL02,LINE_B,C,HEAVY,65.03,2,0.9021,0.2294,0.0922,99.88,76.97,69.87,5.57,52.4,22.51,28.31,103.22,6.914,7.051,0.514
2026-01-06 16:23:00,PL02,LINE_B,B,HEAVY,58.55,1,0.8078,0.0655,0.15,49.67,46.42,39.45,5.47,50.91,23.01,30.41,104.33,7.718,8.114,0.82
2026-01-06 16:26:00,PL01,LINE_D,A,STANDARD,29.22,1,0.7675,0.0591,0.15,94.56,88.97,75.62,2.05,54.04,14.04,26.15,94.22,3.106,3.293,0.307
2026-01-06 16:32:00,PL01,LINE_A,A,STANDARD,35.7,1,0.9419,0.1163,0.122,94.99,83.94,73.7,1.67,56.36,19.55,25.56,101.48,2.882,3.05,0.204
2026-01-06 16:53:00,PL02,LINE_B,C,STANDARD,45.84,1,0.8952,0.0777,0.0199,70.31,64.85,63.56,2.14,52.27,20.77,20.49,93.53,3.584,3.614,0.043
2026-01-06 16:54:00,PL03,LINE_C,A,STANDARD,39.74,1,0.8969,0.25,0.0999,81.24,60.93,54.84,2.31,45.32,23.85,23.61,92.78,3.836,4.005,0.231
2026-01-06 18:06:00,PL01,LINE_A,C,STANDARD,36.83,1,0.8453,0.25,0.0766,82.62,61.97,57.22,1.96,57.69,14.5,22.05,94.24,3.484,3.61,0.15
2026-01-06 18:28:00,PL02,LINE_C,C,PREMIUM,44.5,1,0.9419,0.1056,0.1247,76.19,68.14,59.65,3.15,50.56,13.06,31.87,95.49,4.556,4.755,0.393
2026-01-06 19:03:00,PL02,LINE_B,A,HEAVY,42.9,1,0.8718,0.124,0.1359,73.16,64.09,55.38,5.35,52.06,24.44,23.67,100.17,6.91,7.156,0.726
2026-01-06 20:30:00,PL01,LINE_D,C,HEAVY,67.5,1,0.8513,0.2122,0.15,45.4,35.77,30.4,6.46,56.18,22.06,21.51,99.75,9.251,9.743,0.969
2026-01-06 21:02:00,PL01,LINE_B,B,PREMIUM,28.07,2,0.8817,0.1512,0.15,226.17,191.98,163.18,3.06,56.32,12.85,24.95,94.12,3.549,3.636,0.459
2026-01-06 21:09:00,PL03,LINE_B,A,STANDARD,49.63,4,0.8456,0.2017,0.1111,245.33,195.85,174.08,2.34,48.02,13.4,19.2,80.62,2.752,2.803,0.26
2026-01-06 21:48:00,PL01,LINE_B,C,STANDARD,30.91,1,0.7909,0.2019,0.15,92.12,73.52,62.49,2.69,59.67,16.37,24.78,100.82,4.061,4.303,0.403
2026-01-06 21:55:00,PL03,LINE_B,C,PREMIUM,57.11,4,0.9368,0.1521,0.1387,236.2,200.26,172.5,3.58,49.79,18.32,21.05,89.15,4.03,4.102,0.497
2026-01-06 23:37:00,PL01,LINE_A,C,STANDARD,32.06,1,0.8266,0.2474,0.1034,92.82,69.86,62.64,1.91,59.63,20.42,24.1,104.15,3.403,3.575,0.198
2026-01-06 23:42:00,PL02,LINE_C,C,STANDARD,39.58,1,0.8048,0.1185,0.15,73.2,64.52,54.85,2.57,58.17,19.93,15.25,93.34,4.017,4.273,0.386
2026-01-06 23:56:00,PL02,LINE_D,C,HEAVY,51.31,2,0.8892,0.1709,0.1237,124.77,103.45,90.65,4.47,50.99,22.13,24.93,98.06,5.415,5.549,0.553
2026-01-07 01:27:00,PL02,LINE_C,B,STANDARD,40.16,2,0.87,0.1479,0.1226,155.97,132.9,116.6,2.34,55.7,14.57,24.26,94.53,3.047,3.146,0.286
2026-01-07 02:05:00,PL03,LINE_B,C,STANDARD,34.42,4,0.9323,0.055,0.1257,389.97,368.53,322.21,2.43,47.92,22.72,33.67,104.32,2.713,2.754,0.305
2026-01-07 02:06:00,PL01,LINE_C,B,STANDARD,36.23,2,0.9128,0.0324,0.0681,181.42,175.54,163.59,1.94,58.87,23.06,18.02,99.95,2.514,2.555,0.132
2026-01-07 02:23:00,PL02,LINE_B,A,PREMIUM,52.29,1,0.8949,0.0203,0.15,61.61,60.36,51.31,4.07,48.46,18.62,20.7,87.79,5.523,5.779,0.61
2026-01-07 03:06:00,PL03,LINE_B,C,HEAVY,49.92,2,0.859,0.2451,0.0982,123.89,93.52,84.34,4.6,50.16,22.7,18.3,91.16,5.571,5.677,0.451
2026-01-07 04:27:00,PL02,LINE_C,A,STANDARD,28.18,2,0.9026,0.1216,0.0824,230.61,202.58,185.88,2.14,50.78,18.06,25.66,94.51,2.602,2.644,0.176
2026-01-07 04:35:00,PL01,LINE_A,C,STANDARD,25.85,2,0.8404,0.1606,0.041,234.07,196.48,188.42,2.5,55.62,16.9,24.28,96.8,2.994,3.015,0.103
2026-01-07 05:50:00,PL03,LINE_B,B,PREMIUM,68.16,1,0.7843,0.25,0.1007,41.43,31.07,27.94,2.7,50.46,13.06,20.61,84.13,5.407,5.711,0.272
2026-01-07 06:34:00,PL03,LINE_B,C,PREMIUM,44.87,1,0.844,0.0821,0.0562,67.71,62.15,58.66,2.4,51.82,24.43,19.67,95.93,3.944,4.036,0.135
2026-01-07 07:09:00,PL03,LINE_A,C,PREMIUM,58.19,2,0.8593,0.1854,0.0248,106.34,86.62,84.48,3.83,48.0,20.51,21.83,90.35,4.877,4.903,0.095
2026-01-07 08:12:00,PL01,LINE_D,C,PREMIUM,40.08,1,0.7791,0.218,0.15,69.97,54.72,46.51,3.05,60.76,19.52,16.72,97.0,4.821,5.134,0.457
2026-01-07 08:18:00,PL02,LINE_C,A,PREMIUM,38.14,2,0.7784,0.2183,0.1136,146.94,114.86,101.81,3.4,48.67,27.83,10.16,86.66,4.156,4.253,0.386
2026-01-07 08:21:00,PL02,LINE_C,A,PREMIUM,52.25,4,0.8647,0.2246,0.0927,238.33,184.81,167.67,3.21,51.91,18.65,27.45,98.01,3.736,3.79,0.297
2026-01-07 09:07:00,PL01,LINE_A,C,PREMIUM,49.37,1,0.7944,0.1561,0.15,57.93,48.89,41.56,3.58,55.71,15.97,22.2,93.89,5.502,5.841,0.537
2026-01-07 09:29:00,PL01,LINE_B,B,STANDARD,32.86,2,0.7949,0.1461,0.15,174.15,148.71,126.4,1.86,58.64,21.24,25.87,105.75,2.57,2.696,0.279
2026-01-07 09:46:00,PL02,LINE_C,B,HEAVY,68.05,1,0.8236,0.008,0.0864,43.57,43.22,39.49,5.17,48.98,27.52,29.6,106.11,7.624,7.856,0.446
2026-01-07 10:31:00,PL02,LINE_C,B,STANDARD,30.62,2,0.834,0.0854,0.037,196.1,179.35,172.72,2.24,49.42,19.21,25.76,94.39,2.765,2.785,0.083
2026-01-07 11:14:00,PL01,LINE_A,A,STANDARD,43.08,1,0.9048,0.1919,0.15,75.61,61.1,51.94,2.26,55.7,15.07,19.8,90.57,3.745,4.007,0.339
2026-01-07 12:15:00,PL01,LINE_D,A,HEAVY,44.4,2,0.7654,0.1948,0.1472,124.11,99.93,85.22,5.23,55.38,22.87,26.35,104.6,6.272,6.453,0.769
2026-01-07 12:27:00,PL03,LINE_C,B,STANDARD,44.45,2,0.8615,0.0683,0.0741,139.55,130.01,120.38,1.59,49.64,21.29,15.56,86.49,2.256,2.309,0.118
2026-01-07 12:29:00,PL02,LINE_D,B,STANDARD,35.02,1,0.7838,0.1166,0.0377,80.56,71.17,68.48,2.42,56.61,22.04,21.19,99.83,3.825,3.88,0.091
2026-01-07 13:22:00,PL01,LINE_A,B,STANDARD,59.29,1,0.8741,0.25,0.15,53.07,39.8,33.83,2.32,55.06,27.07,20.64,102.78,4.903,5.359,0.348
2026-01-07 13:51:00,PL03,LINE_A,C,PREMIUM,41.53,2,0.98,0.0814,0.0839,169.91,156.08,142.99,3.73,50.63,18.57,19.07,88.28,4.297,4.349,0.313
2026-01-07 13:59:00,PL01,LINE_B,A,PREMIUM,53.97,2,0.8856,0.1349,0.0405,118.15,102.21,98.07,3.26,56.2,13.5,21.47,91.17,4.153,4.19,0.132
2026-01-07 14:31:00,PL01,LINE_B,A,STANDARD,34.08,4,0.8824,0.2325,0.0305,372.87,286.19,277.47,1.34,53.05,13.36,15.51,81.92,1.629,1.638,0.041
2026-01-07 15:32:00,PL02,LINE_A,C,HEAVY,83.09,2,0.7354,0.25,0.0637,63.73,47.79,44.75,5.92,51.12,20.32,20.22,91.66,7.838,7.968,0.377
2026-01-07 17:10:00,PL01,LINE_B,C,STANDARD,38.27,2,0.8518,0.1737,0.15,160.25,132.41,112.55,2.43,57.14,19.39,20.41,96.94,3.159,3.288,0.364
2026-01-07 18:10:00,PL02,LINE_D,C,HEAVY,79.6,1,0.6923,0.0505,0.0918,31.31,29.73,27.0,5.42,52.78,23.82,17.08,93.67,8.571,8.89,0.498
2026-01-07 18:46:00,PL03,LINE_C,B,STANDARD,45.18,1,0.8185,0.1024,0.15,65.22,58.54,49.76,2.11,46.72,20.34,14.37,81.43,3.503,3.748,0.317
2026-01-07 19:02:00,PL01,LINE_D,B,STANDARD,33.26,2,0.7196,0.1863,0.1377,155.79,126.76,109.3,2.37,58.76,21.25,14.14,94.15,3.11,3.229,0.326
2026-01-07 19:27:00,PL02,LINE_D,A,STANDARD,44.16,2,0.8806,0.113,0.0486,143.56,127.35,121.16,2.21,51.62,16.99,17.19,85.81,2.887,2.921,0.107
2026-01-07 19:56:00,PL02,LINE_A,B,STANDARD,27.6,4,0.98,0.1602,0.0158,511.28,429.4,422.61,2.24,53.93,18.04,20.02,91.98,2.458,2.462,0.035
2026-01-07 20:09:00,PL01,LINE_B,B,HEAVY,79.24,1,0.8181,0.1158,0.1468,37.17,32.86,28.04,4.83,56.74,27.9,24.47,109.1,8.149,8.72,0.709
2026-01-07 21:41:00,PL02,LINE_D,C,STANDARD,44.26,4,0.7752,0.25,0.08,252.17,189.13,174.0,1.82,56.23,18.42,12.69,87.34,2.279,2.32,0.145
2026-01-07 22:07:00,PL01,LINE_A,B,STANDARD,29.18,1,0.8533,0.25,0.0569,105.28,78.96,74.47,1.96,59.36,16.21,21.67,97.24,3.195,3.269,0.112
2026-01-07 22:07:00,PL02,LINE_A,C,STANDARD,23.28,1,0.8626,0.1817,0.0574,133.36,109.12,102.86,2.3,54.43,20.79,30.23,105.45,3.27,3.328,0.132
2026-01-07 22:13:00,PL02,LINE_B,C,PREMIUM,28.9,1,0.8952,0.1753,0.15,111.52,91.97,78.17,3.11,53.23,19.53,23.71,96.47,4.156,4.341,0.466
2026-01-07 22:21:00,PL01,LINE_A,C,HEAVY,73.58,1,0.8618,0.1839,0.0728,42.16,34.41,31.91,5.39,58.01,26.19,18.34,102.54,8.368,8.602,0.392
2026-01-07 22:49:00,PL01,LINE_A,B,HEAVY,48.74,1,0.8779,0.111,0.0489,64.84,57.65,54.83,6.0,54.12,26.37,25.08,105.56,7.831,7.925,0.293
2026-01-07 23:20:00,PL01,LINE_B,A,STANDARD,37.82,1,0.8976,0.1015,0.1136,85.44,76.77,68.05,2.17,57.82,11.22,29.37,98.41,3.456,3.62,0.247
2026-01-07 23:59:00,PL01,LINE_A,A,HEAVY,43.08,1,0.786,0.1685,0.0466,65.68,54.61,52.07,5.25,58.41,23.61,17.57,99.59,7.076,7.165,0.245
2026-01-08 00:15:00,PL02,LINE_B,B,HEAVY,30.85,1,0.8277,0.045,0.15,96.6,92.25,78.41,5.0,52.31,20.84,23.35,96.5,6.045,6.23,0.75
2026-01-08 01:59:00,PL03,LINE_B,B,PREMIUM,53.38,1,0.8285,0.25,0.032,55.87,41.9,40.56,3.21,49.2,25.13,15.28,89.61,5.348,5.419,0.103
2026-01-08 02:04:00,PL01,LINE_C,C,PREMIUM,56.79,1,0.775,0.0353,0.0808,49.13,47.39,43.57,3.16,56.3,21.11,24.51,101.92,5.31,5.499,0.255
2026-01-08 02:12:00,PL01,LINE_B,B,HEAVY,59.33,2,0.98,0.25,0.0516,118.93,89.2,84.59,4.19,55.23,18.26,18.2,91.69,5.216,5.272,0.216
2026-01-08 03:00:00,PL01,LINE_D,C,STANDARD,30.34,1,0.8142,0.115,0.15,96.59,85.48,72.66,2.29,59.84,17.45,28.89,106.18,3.528,3.747,0.343
2026-01-08 03:37:00,PL01,LINE_C,B,PREMIUM,27.74,1,0.7953,0.1361,0.0593,103.19,89.15,83.86,3.91,55.26,22.63,27.36,105.25,5.095,5.169,0.232
2026-01-08 03:57:00,PL01,LINE_D,C,STANDARD,41.54,1,0.9519,0.0834,0.0986,82.5,75.62,68.17,2.42,61.42,18.25,29.63,109.29,3.867,4.025,0.239
2026-01-08 07:28:00,PL03,LINE_B,C,STANDARD,34.88,1,0.8268,0.0776,0.15,85.34,78.72,66.91,2.32,46.65,15.86,17.2,79.71,3.328,3.507,0.347
2026-01-08 07:35:00,PL02,LINE_B,C,STANDARD,22.6,2,0.7281,0.0617,0.0263,231.93,217.62,211.9,2.44,51.95,11.04,21.72,84.71,2.827,2.838,0.064
2026-01-08 07:44:00,PL01,LINE_C,C,STANDARD,48.48,1,0.9506,0.0674,0.1219,70.59,65.83,57.81,1.63,57.96,20.23,28.17,106.36,3.244,3.468,0.198
2026-01-08 07:48:00,PL01,LINE_A,B,STANDARD,30.36,1,0.961,0.25,0.15,113.97,85.48,72.66,2.67,53.9,20.46,24.95,99.3,3.835,4.04,0.401
2026-01-08 08:29:00,PL02,LINE_C,C,HEAVY,90.22,2,0.7915,0.0538,0.0221,63.17,59.77,58.45,5.5,52.73,14.8,27.5,95.03,7.089,7.125,0.122
2026-01-08 09:06:00,PL02,LINE_B,C,PREMIUM,56.72,1,0.8764,0.0931,0.0377,55.63,50.45,48.55,2.96,51.04,18.29,22.51,91.84,4.776,4.848,0.112
2026-01-08 10:57:00,PL01,LINE_A,C,STANDARD,45.91,1,0.8481,0.25,0.1036,66.5,49.87,44.71,2.61,60.72,23.95,23.55,108.21,4.777,5.028,0.27
2026-01-08 10:57:00,PL03,LINE_A,B,PREMIUM,53.55,1,0.8647,0.0423,0.0822,58.13,55.67,51.1,3.22,50.71,25.0,22.76,98.48,4.989,5.147,0.265
2026-01-08 11:00:00,PL01,LINE_D,C,HEAVY,84.48,2,0.7944,0.2368,0.1298,67.7,51.67,44.97,4.76,59.23,27.76,23.08,110.07,6.893,7.211,0.618
2026-01-08 11:32:00,PL01,LINE_B,A,STANDARD,37.36,1,0.8545,0.237,0.0411,82.33,62.81,60.23,2.52,54.84,20.24,21.72,96.8,4.065,4.131,0.104
2026-01-08 11:42:00,PL02,LINE_D,B,PREMIUM,40.75,1,0.8784,0.2063,0.1354,77.6,61.59,53.25,2.55,55.7,19.7,19.38,94.77,4.088,4.329,0.345
2026-01-08 13:00:00,PL01,LINE_A,A,STANDARD,30.52,1,0.8257,0.2326,0.1118,97.39,74.74,66.39,2.51,55.35,21.31,22.17,98.82,3.83,3.996,0.28
2026-01-08 13:05:00,PL01,LINE_D,B,PREMIUM,53.88,4,0.8085,0.221,0.0765,216.08,168.32,155.43,3.3,61.56,16.42,21.63,99.61,3.894,3.943,0.253
2026-01-08 13:37:00,PL02,LINE_D,C,PREMIUM,38.8,2,0.8615,0.0751,0.1099,159.87,147.86,131.6,3.1,52.57,24.13,27.12,103.82,3.803,3.89,0.341
2026-01-08 15:15:00,PL01,LINE_B,A,STANDARD,44.11,2,0.8312,0.25,0.0316,135.66,101.74,98.53,2.35,53.19,20.09,27.28,100.56,3.342,3.375,0.074
2026-01-08 15:23:00,PL01,LINE_C,C,HEAVY,53.33,1,0.9045,0.1434,0.066,61.05,52.3,48.84,3.72,56.43,20.12,28.7,105.26,5.734,5.876,0.246
2026-01-08 16:10:00,PL01,LINE_A,B,PREMIUM,52.18,2,0.9557,0.0298,0.1479,131.88,127.94,109.02,3.43,50.44,24.51,26.5,101.44,4.225,4.363,0.508
2026-01-08 16:53:00,PL02,LINE_C,C,HEAVY,55.82,1,0.8152,0.25,0.0312,52.57,39.43,38.2,5.55,52.66,23.5,16.06,92.22,7.892,7.967,0.173
2026-01-08 17:05:00,PL02,LINE_B,A,STANDARD,49.18,4,0.9033,0.1783,0.0725,264.49,217.34,201.58,2.07,48.06,23.53,18.05,89.64,2.481,2.514,0.15
2026-01-08 17:38:00,PL02,LINE_D,A,STANDARD,26.64,1,0.8485,0.0835,0.016,114.67,105.1,103.42,2.35,49.16,21.66,24.15,94.98,3.25,3.265,0.038
2026-01-08 17:43:00,PL01,LINE_B,A,STANDARD,42.71,1,0.7339,0.1198,0.1092,61.86,54.45,48.5,2.31,57.57,11.21,27.61,96.39,4.083,4.3,0.253
2026-01-08 18:02:00,PL01,LINE_B,C,STANDARD,30.51,2,0.7916,0.1876,0.0119,186.79,151.75,149.94,2.09,55.37,18.56,19.89,93.81,2.71,2.717,0.025
2026-01-08 18:12:00,PL02,LINE_A,B,STANDARD,30.94,1,0.8641,0.0738,0.0829,100.54,93.13,85.41,2.03,50.45,21.34,27.4,99.19,3.097,3.194,0.168
2026-01-08 18:13:00,PL03,LINE_A,B,PREMIUM,54.11,2,0.8127,0.0312,0.15,108.13,104.76,89.05,3.88,49.92,16.13,13.37,79.42,4.642,4.776,0.583
2026-01-08 18:24:00,PL03,LINE_A,A,HEAVY,53.17,1,0.8217,0.0578,0.0539,55.63,52.42,49.59,5.01,47.38,23.89,24.13,95.39,6.825,6.929,0.27
2026-01-08 18:39:00,PL03,LINE_A,B,PREMIUM,52.98,1,0.7568,0.2273,0.0685,51.43,39.74,37.02,3.05,50.27,20.22,29.48,99.97,5.57,5.755,0.209
2026-01-08 19:22:00,PL01,LINE_A,B,STANDARD,36.49,2,0.8685,0.1101,0.15,171.35,152.48,129.61,1.68,54.1,10.41,26.0,90.5,2.274,2.379,0.252
2026-01-08 19:51:00,PL01,LINE_B,A,HEAVY,98.52,1,0.8623,0.2253,0.0626,31.51,24.41,22.88,3.58,56.95,24.39,21.05,102.39,7.77,8.05,0.224
2026-01-08 19:58:00,PL01,LINE_A,C,STANDARD,51.97,2,0.8529,0.1345,0.0904,118.16,102.27,93.02,1.68,61.27,21.38,18.74,101.38,2.672,2.771,0.152
2026-01-08 20:08:00,PL01,LINE_A,C,PREMIUM,30.77,4,0.8264,0.1966,0.1472,386.76,310.73,265.0,4.13,57.16,19.71,22.75,99.62,4.446,4.501,0.607
2026-01-08 20:13:00,PL02,LINE_D,C,PREMIUM,33.43,1,0.8752,0.1907,0.15,94.25,76.27,64.83,2.68,53.19,13.0,20.75,86.94,3.82,4.021,0.402
2026-01-08 21:16:00,PL02,LINE_A,B,STANDARD,31.36,1,0.8961,0.2166,0.0627,102.86,80.58,75.52,2.46,46.49,21.56,24.65,92.71,3.607,3.684,0.154
2026-01-08 21:37:00,PL01,LINE_A,C,PREMIUM,42.1,1,0.8549,0.1217,0.0987,73.1,64.2,57.86,3.38,57.0,13.15,14.92,85.07,4.705,4.85,0.334
2026-01-08 21:49:00,PL02,LINE_A,A,PREMIUM,43.07,1,0.8162,0.1943,0.0511,68.22,54.96,52.15,3.16,49.86,17.22,23.84,90.92,4.814,4.903,0.161
2026-01-08 23:06:00,PL01,LINE_B,A,STANDARD,44.17,2,0.8188,0.1494,0.0939,133.47,113.54,102.87,2.58,53.94,21.56,25.08,100.57,3.462,3.554,0.242
2026-01-08 23:16:00,PL01,LINE_A,B,PREMIUM,36.71,1,0.8054,0.091,0.0469,78.97,71.78,68.42,3.22,56.49,22.83,26.35,105.68,4.693,4.765,0.151
2026-01-08 23:32:00,PL02,LINE_B,A,PREMIUM,38.17,1,0.8493,0.1451,0.1075,80.11,68.48,61.12,3.38,49.22,13.59,28.28,91.08,4.71,4.87,0.363
2026-01-08 23:32:00,PL03,LINE_D,A,STANDARD,30.0,4,0.7331,0.0675,0.0935,351.89,328.12,297.42,1.78,47.33,17.35,25.34,90.02,2.054,2.082,0.166
2026-01-08 23:45:00,PL01,LINE_A,B,STANDARD,30.45,1,0.8329,0.25,0.1115,98.48,73.86,65.62,2.01,55.56,15.32,29.05,99.93,3.359,3.528,0.224
2026-01-09 00:36:00,PL02,LINE_B,A,STANDARD,44.56,2,0.9753,0.25,0.072,157.59,118.19,109.68,2.05,49.86,19.07,14.54,83.46,2.759,2.814,0.148
2026-01-09 00:57:00,PL03,LINE_C,B,STANDARD,27.78,1,0.7467,0.2143,0.15,96.77,76.04,64.63,2.26,49.12,19.84,23.44,92.4,3.48,3.694,0.34
2026-01-09 02:54:00,PL01,LINE_A,C,STANDARD,25.19,1,0.8869,0.142,0.1484,126.75,108.75,92.61,1.92,55.11,14.12,22.97,92.2,2.767,2.915,0.285
2026-01-09 03:17:00,PL02,LINE_A,A,STANDARD,32.18,4,0.822,0.0881,0.027,367.9,335.48,326.44,1.86,54.99,19.55,14.58,89.12,2.123,2.13,0.05
2026-01-09 04:26:00,PL01,LINE_B,A,PREMIUM,39.84,1,0.7975,0.25,0.0494,72.06,54.05,51.38,3.91,55.5,24.02,16.82,96.34,5.696,5.788,0.193
2026-01-09 06:00:00,PL03,LINE_B,B,STANDARD,32.29,1,0.9624,0.245,0.1415,107.3,81.02,69.55,1.44,49.42,15.72,20.66,85.79,2.503,2.677,0.204
2026-01-09 06:06:00,PL01,LINE_B,B,STANDARD,52.09,2,0.8639,0.25,0.15,119.41,89.56,76.13,2.79,53.21,14.19,14.31,81.71,3.707,3.868,0.419
2026-01-09 06:21:00,PL03,LINE_B,B,STANDARD,33.28,1,0.7884,0.25,0.0695,85.28,63.96,59.52,2.18,46.57,12.18,21.53,80.29,3.432,3.526,0.151
2026-01-09 06:40:00,PL02,LINE_B,A,HEAVY,57.35,2,0.7152,0.0894,0.074,89.79,81.76,75.71,6.1,49.34,27.12,25.13,101.59,7.342,7.441,0.451
2026-01-09 07:08:00,PL02,LINE_B,A,PREMIUM,47.27,1,0.8134,0.2186,0.15,61.94,48.4,41.14,3.16,49.97,21.64,31.76,103.36,5.296,5.672,0.474
2026-01-09 07:39:00,PL03,LINE_B,A,PREMIUM,43.4,2,0.91,0.25,0.15,150.95,113.21,96.23,3.49,47.34,14.31,13.32,74.97,4.154,4.27,0.524
2026-01-09 08:07:00,PL01,LINE_C,C,HEAVY,63.43,2,0.8781,0.25,0.0628,99.68,74.76,70.06,3.95,56.39,22.39,30.84,109.62,5.416,5.514,0.248
2026-01-09 09:27:00,PL02,LINE_A,C,STANDARD,52.4,1,0.758,0.054,0.0245,52.08,49.27,48.06,2.35,50.58,16.7,23.67,90.95,4.2,4.246,0.058
2026-01-09 09:28:00,PL01,LINE_B,A,STANDARD,25.56,1,0.8696,0.1252,0.0686,122.47,107.13,99.78,2.43,54.51,22.43,18.32,95.26,3.323,3.389,0.167
2026-01-09 10:29:00,PL02,LINE_D,A,STANDARD,41.99,1,0.7689,0.1521,0.15,65.92,55.89,47.5,2.15,49.58,13.94,19.99,83.51,3.646,3.91,0.323
2026-01-09 10:54:00,PL02,LINE_D,B,PREMIUM,27.12,1,0.8418,0.2002,0.095,111.73,89.36,80.87,3.21,53.36,22.72,22.39,98.47,4.31,4.425,0.305
2026-01-09 11:20:00,PL01,LINE_A,C,HEAVY,47.2,1,0.884,0.0753,0.016,67.42,62.35,61.35,5.08,58.05,12.67,24.78,95.5,6.61,6.635,0.081
2026-01-09 12:53:00,PL01,LINE_C,C,STANDARD,65.74,1,0.8986,0.1894,0.0682,49.2,39.89,37.17,1.81,58.57,15.74,17.81,92.12,4.123,4.292,0.124
2026-01-09 13:18:00,PL01,LINE_A,A,STANDARD,47.4,1,0.8895,0.2296,0.15,67.56,52.05,44.24,2.8,54.87,18.08,17.43,90.38,4.536,4.842,0.42
2026-01-09 13:23:00,PL02,LINE_B,C,STANDARD,37.47,1,0.8642,0.1018,0.083,83.03,74.58,68.39,2.24,55.06,25.13,18.39,98.57,3.559,3.679,0.186
2026-01-09 14:17:00,PL01,LINE_C,A,STANDARD,30.34,2,0.8214,0.25,0.0549,194.91,146.18,138.16,2.36,54.43,11.98,26.8,93.21,2.999,3.036,0.13
2026-01-09 14:22:00,PL02,LINE_C,A,STANDARD,49.12,4,0.7834,0.244,0.0856,229.63,173.59,158.73,2.2,51.08,23.69,31.05,105.82,2.81,2.867,0.188
2026-01-09 15:34:00,PL02,LINE_B,A,PREMIUM,34.21,4,0.8652,0.1598,0.15,364.18,305.97,260.07,3.57,47.58,16.7,24.75,89.03,3.865,3.916,0.536
2026-01-09 15:44:00,PL01,LINE_A,C,HEAVY,90.8,1,0.7784,0.1099,0.0315,30.86,27.47,26.6,4.99,55.12,16.39,32.52,104.02,8.781,8.904,0.157
2026-01-09 17:57:00,PL02,LINE_A,B,HEAVY,63.26,2,0.7881,0.0484,0.15,89.7,85.36,72.55,5.65,51.11,21.13,17.79,90.02,6.706,6.892,0.848
2026-01-09 18:29:00,PL01,LINE_B,B,PREMIUM,40.79,2,0.9744,0.1867,0.0683,171.99,139.88,130.33,3.65,51.45,13.69,21.15,86.29,4.268,4.313,0.249
2026-01-09 20:28:00,PL01,LINE_B,B,STANDARD,51.1,2,0.8256,0.2051,0.15,116.33,92.48,78.6,1.78,58.18,14.51,20.71,93.39,2.785,2.963,0.266
2026-01-09 20:45:00,PL01,LINE_A,B,HEAVY,85.69,1,0.8378,0.25,0.1066,35.2,26.4,23.58,3.04,55.28,26.34,16.34,97.96,6.75,7.193,0.324
2026-01-09 21:25:00,PL01,LINE_B,C,PREMIUM,62.78,1,0.7689,0.0893,0.15,44.09,40.15,34.13,3.9,58.92,19.69,21.02,99.63,6.379,6.816,0.585
2026-01-09 22:43:00,PL01,LINE_B,A,PREMIUM,60.82,1,0.8435,0.1051,0.1229,49.93,44.68,39.19,3.14,57.14,13.24,31.27,101.65,5.417,5.736,0.386
2026-01-09 22:53:00,PL01,LINE_D,A,HEAVY,60.99,1,0.7352,0.2012,0.15,43.4,34.67,29.47,5.59,55.68,14.48,28.63,98.8,8.442,8.945,0.839
2026-01-09 23:38:00,PL01,LINE_A,B,STANDARD,22.93,2,0.9222,0.0261,0.0894,289.53,281.98,256.76,2.39,57.6,17.22,19.36,94.18,2.723,2.756,0.214
2026-01-10 00:48:00,PL01,LINE_A,C,HEAVY,67.59,1,0.951,0.0482,0.15,50.66,48.22,40.98,7.08,57.82,22.88,23.96,104.66,9.254,9.637,1.062
2026-01-10 01:24:00,PL02,LINE_B,A,HEAVY,40.7,1,0.9373,0.25,0.0417,82.9,62.18,59.58,4.97,51.37,20.47,17.36,89.21,6.408,6.471,0.208
2026-01-10 01:32:00,PL02,LINE_B,B,STANDARD,39.55,1,0.7997,0.0592,0.15,72.8,68.49,58.21,1.98,51.18,17.81,20.49,89.47,3.283,3.513,0.296
2026-01-10 01:33:00,PL01,LINE_C,C,HEAVY,51.59,2,0.796,0.1107,0.1102,111.09,98.79,87.9,4.87,65.31,23.01,19.07,107.39,5.957,6.092,0.537
2026-01-10 02:27:00,PL03,LINE_B,B,PREMIUM,55.91,4,0.935,0.1364,0.0231,240.84,207.99,203.18,3.48,47.47,13.29,21.39,82.15,3.88,3.889,0.08
2026-01-10 02:32:00,PL02,LINE_A,B,STANDARD,19.76,1,0.8156,0.25,0.0565,148.57,111.43,105.14,2.24,50.29,18.12,20.53,88.94,3.034,3.082,0.126
2026-01-10 03:40:00,PL01,LINE_B,B,STANDARD,34.08,2,0.9207,0.0563,0.0356,194.5,183.54,177.01,2.29,58.05,12.92,24.94,95.91,2.81,2.829,0.081
2026-01-10 03:51:00,PL02,LINE_B,C,STANDARD,37.11,1,0.6956,0.0177,0.15,67.49,66.3,56.35,2.46,51.46,17.02,27.3,95.77,3.907,4.162,0.369
2026-01-10 03:52:00,PL01,LINE_C,B,PREMIUM,40.33,2,0.8159,0.0375,0.0248,145.66,140.2,136.72,2.84,57.13,13.03,19.41,89.57,3.479,3.496,0.071
2026-01-10 03:58:00,PL02,LINE_B,B,STANDARD,24.51,1,0.8694,0.0827,0.0883,127.69,117.14,106.8,2.16,51.05,12.07,10.07,73.2,2.781,2.842,0.19
2026-01-10 04:58:00,PL03,LINE_A,B,HEAVY,62.4,1,0.9021,0.0414,0.15,52.04,49.89,42.4,7.12,48.5,23.21,21.61,93.32,8.992,9.322,1.068
2026-01-10 05:45:00,PL01,LINE_A,B,PREMIUM,43.11,4,0.8119,0.2254,0.0407,271.19,210.07,201.53,3.28,57.59,24.4,22.01,104.0,3.777,3.798,0.133
2026-01-10 07:06:00,PL02,LINE_C,C,STANDARD,42.25,1,0.8583,0.1615,0.15,73.14,61.33,52.13,2.37,51.25,13.04,10.32,74.61,3.585,3.8,0.355
2026-01-10 07:09:00,PL01,LINE_D,A,STANDARD,27.48,1,0.7824,0.168,0.0447,102.5,85.27,81.47,1.53,55.64,17.55,19.6,92.79,2.613,2.664,0.068
2026-01-10 07:58:00,PL01,LINE_C,B,STANDARD,28.96,1,0.9156,0.1455,0.0404,113.82,97.26,93.33,2.11,55.72,20.67,24.6,100.99,3.146,3.189,0.085
2026-01-10 09:07:00,PL01,LINE_B,A,HEAVY,55.91,1,0.9416,0.0828,0.0903,60.63,55.6,50.58,6.24,55.96,31.13,35.5,122.59,8.448,8.667,0.564
2026-01-10 09:41:00,PL02,LINE_A,B,PREMIUM,54.16,1,0.9073,0.25,0.1297,60.31,45.23,39.36,3.25,48.96,14.28,21.06,84.3,5.109,5.387,0.421
2026-01-10 09:44:00,PL01,LINE_D,B,STANDARD,47.69,2,0.6904,0.127,0.1499,104.24,90.99,77.36,1.95,54.2,16.11,30.47,100.78,3.054,3.249,0.292
2026-01-10 09:57:00,PL02,LINE_A,C,STANDARD,25.03,4,0.8723,0.0676,0.1012,501.76,467.84,420.51,2.75,52.14,20.8,18.34,91.28,2.944,2.966,0.278
2026-01-10 11:53:00,PL02,LINE_A,A,STANDARD,29.09,4,0.8532,0.0757,0.15,422.28,390.32,331.77,2.05,47.43,8.9,20.04,76.37,2.251,2.285,0.308
2026-01-10 11:55:00,PL02,LINE_A,C,PREMIUM,37.14,2,0.8459,0.0251,0.0137,163.97,159.86,157.67,3.4,53.09,13.92,20.62,87.64,3.952,3.96,0.047
2026-01-10 12:03:00,PL01,LINE_B,C,STANDARD,27.8,2,0.8789,0.1543,0.1325,227.61,192.49,166.99,2.3,60.12,14.46,15.57,90.16,2.765,2.837,0.304
2026-01-10 12:15:00,PL02,LINE_A,C,PREMIUM,42.78,1,0.8453,0.25,0.0399,71.13,53.35,51.22,3.24,55.21,17.28,23.35,95.85,5.038,5.113,0.129
2026-01-10 12:21:00,PL03,LINE_A,A,STANDARD,40.05,2,0.9191,0.051,0.15,165.24,156.81,133.29,2.29,47.33,12.14,17.78,77.26,2.782,2.869,0.343
2026-01-10 12:56:00,PL01,LINE_C,B,STANDARD,29.85,4,0.7788,0.1649,0.15,375.73,313.79,266.72,2.21,58.4,19.79,20.3,98.5,2.526,2.581,0.332
2026-01-10 15:16:00,PL02,LINE_A,C,STANDARD,30.63,1,0.8586,0.1075,0.0486,100.92,90.08,85.7,2.16,51.79,13.79,20.25,85.82,3.117,3.165,0.105
2026-01-10 15:47:00,PL01,LINE_B,A,STANDARD,30.86,1,0.8304,0.0819,0.0974,96.87,88.93,80.27,2.28,55.4,21.03,24.59,101.02,3.418,3.541,0.222
2026-01-10 16:55:00,PL01,LINE_A,C,STANDARD,51.94,2,0.81,0.1195,0.0054,112.28,98.87,98.33,2.55,57.62,14.6,20.3,92.53,3.488,3.493,0.014
2026-01-10 17:24:00,PL03,LINE_C,B,PREMIUM,46.24,1,0.9413,0.25,0.0618,73.29,54.97,51.57,3.85,46.69,19.64,19.42,85.74,5.413,5.516,0.238
2026-01-10 17:26:00,PL02,LINE_A,B,STANDARD,31.9,2,0.8771,0.25,0.0483,197.96,148.47,141.3,1.99,53.62,20.12,27.33,101.07,2.67,2.705,0.096
2026-01-10 17:31:00,PL02,LINE_D,B,HEAVY,70.16,1,0.7794,0.1575,0.1019,39.99,33.7,30.26,4.42,53.35,20.71,15.04,89.1,7.064,7.364,0.45
2026-01-10 17:47:00,PL01,LINE_D,B,STANDARD,41.1,1,0.7767,0.0645,0.0597,68.04,63.65,59.85,2.36,54.83,20.8,29.98,105.6,4.023,4.129,0.141
2026-01-10 18:35:00,PL03,LINE_B,C,STANDARD,30.5,2,0.8971,0.1633,0.0338,211.77,177.19,171.2,2.59,46.53,17.66,17.19,81.37,3.048,3.065,0.088
2026-01-10 18:36:00,PL03,LINE_C,C,STANDARD,32.66,1,0.7892,0.25,0.0704,86.99,65.24,60.65,2.24,48.11,19.32,16.23,83.67,3.52,3.617,0.157
2026-01-10 19:04:00,PL03,LINE_D,A,HEAVY,73.18,2,0.816,0.1727,0.1176,80.28,66.42,58.61,4.8,47.65,27.51,29.81,104.96,6.377,6.588,0.564
2026-01-10 19:20:00,PL02,LINE_B,C,PREMIUM,43.63,1,0.8784,0.0392,0.1025,72.49,69.64,62.51,3.71,51.53,19.77,19.71,91.0,5.018,5.167,0.38
2026-01-10 19:29:00,PL02,LINE_B,A,STANDARD,32.03,4,0.8273,0.1542,0.086,371.97,314.62,287.55,2.25,47.76,20.76,20.3,88.82,2.535,2.562,0.194
2026-01-10 20:06:00,PL01,LINE_D,B,STANDARD,28.28,1,0.813,0.1821,0.1067,103.51,84.66,75.62,2.45,55.58,13.39,25.35,94.32,3.566,3.699,0.262
2026-01-10 20:37:00,PL01,LINE_D,A,STANDARD,46.67,1,0.7928,0.2275,0.1226,61.15,47.24,41.45,2.19,57.56,18.94,26.17,102.68,4.367,4.671,0.269
2026-01-10 20:55:00,PL01,LINE_B,A,STANDARD,25.64,2,0.893,0.0288,0.1332,250.74,243.51,211.08,1.75,54.68,19.56,19.9,94.13,2.14,2.199,0.233
2026-01-10 21:53:00,PL02,LINE_A,A,STANDARD,39.81,1,0.8073,0.1288,0.0296,73.01,63.6,61.72,2.84,50.23,17.34,22.75,90.32,4.259,4.302,0.084
2026-01-10 22:26:00,PL03,LINE_A,B,STANDARD,33.74,1,0.8287,0.1034,0.067,88.43,79.28,73.97,2.12,47.32,23.48,19.92,90.72,3.266,3.348,0.142
2026-01-10 22:32:00,PL02,LINE_C,C,STANDARD,53.22,2,0.8936,0.0479,0.13,120.9,115.11,100.15,1.92,50.96,13.36,20.06,84.37,2.648,2.758,0.249
2026-01-11 01:00:00,PL02,LINE_C,C,STANDARD,41.55,1,0.98,0.0931,0.0056,84.91,77.0,76.57,2.37,50.74,16.29,17.31,84.35,3.461,3.467,0.013
2026-01-11 02:41:00,PL01,LINE_B,B,STANDARD,24.46,1,0.8193,0.25,0.15,120.58,90.43,76.87,2.36,59.72,18.75,26.19,104.67,3.514,3.719,0.354
2026-01-11 03:33:00,PL03,LINE_B,C,STANDARD,45.62,1,0.9312,0.1073,0.0573,73.49,65.6,61.84,2.17,53.04,21.03,19.95,94.02,3.602,3.689,0.124
2026-01-11 04:21:00,PL02,LINE_B,C,STANDARD,68.6,2,0.8512,0.136,0.0518,89.34,77.19,73.19,1.89,53.51,22.12,22.24,97.87,3.162,3.231,0.098
2026-01-11 04:24:00,PL01,LINE_C,A,HEAVY,34.18,2,0.8091,0.1603,0.1265,170.42,143.1,124.99,5.44,55.29,23.59,23.76,102.64,6.158,6.262,0.688
2026-01-11 04:41:00,PL01,LINE_C,B,PREMIUM,37.34,2,0.8786,0.1857,0.0703,169.41,137.95,128.25,3.15,54.47,19.68,13.18,87.32,3.785,3.833,0.222
2026-01-11 04:49:00,PL01,LINE_B,C,PREMIUM,35.65,1,0.8424,0.1245,0.0947,85.08,74.48,67.43,3.83,57.21,19.62,21.73,98.57,5.151,5.29,0.362
2026-01-11 05:31:00,PL01,LINE_C,A,PREMIUM,59.28,1,0.9178,0.0845,0.0641,55.74,51.03,47.76,2.58,58.8,15.66,21.93,96.39,4.472,4.601,0.166
2026-01-11 05:57:00,PL01,LINE_B,B,PREMIUM,45.05,1,0.8514,0.1404,0.0515,68.04,58.49,55.48,3.01,50.47,15.47,19.08,85.02,4.468,4.547,0.155
2026-01-11 06:37:00,PL02,LINE_B,B,STANDARD,19.7,2,0.8911,0.25,0.0817,325.66,244.24,224.29,2.46,52.84,16.34,21.41,90.59,2.827,2.86,0.201
2026-01-11 06:50:00,PL02,LINE_B,C,HEAVY,62.86,1,0.8778,0.1178,0.15,50.27,44.35,37.69,5.62,53.45,24.16,22.46,100.07,7.881,8.279,0.844
2026-01-11 07:18:00,PL01,LINE_B,C,HEAVY,130.38,1,0.8694,0.1845,0.1066,24.01,19.58,17.49,4.39,57.47,20.9,25.83,104.2,9.714,10.349,0.468
2026-01-11 07:36:00,PL02,LINE_B,C,STANDARD,47.27,1,0.7915,0.2105,0.0778,60.29,47.6,43.89,2.58,51.06,15.98,14.61,81.65,4.3,4.445,0.201
2026-01-11 07:47:00,PL03,LINE_A,C,STANDARD,19.84,1,0.8744,0.1082,0.1301,158.67,141.51,123.1,2.34,48.19,28.04,23.64,99.86,3.05,3.155,0.305
2026-01-11 08:31:00,PL01,LINE_A,C,PREMIUM,35.5,1,0.9289,0.0836,0.0842,94.21,86.34,79.06,3.45,57.12,15.13,20.09,92.34,4.523,4.621,0.291
2026-01-11 08:32:00,PL01,LINE_A,B,PREMIUM,41.86,1,0.9134,0.25,0.0537,78.56,58.92,55.76,4.1,54.43,13.84,24.65,92.92,5.679,5.768,0.22
2026-01-11 09:21:00,PL01,LINE_A,C,HEAVY,62.58,1,0.9457,0.1748,0.15,54.4,44.89,38.16,5.89,57.41,21.93,22.56,101.91,8.157,8.558,0.883
2026-01-11 09:26:00,PL01,LINE_B,B,PREMIUM,48.64,2,0.7285,0.1513,0.0785,107.83,91.52,84.33,3.73,56.32,17.34,20.43,94.09,4.757,4.845,0.293
2026-01-11 10:07:00,PL01,LINE_C,A,PREMIUM,54.93,1,0.8787,0.118,0.15,57.59,50.79,43.17,2.86,55.41,16.7,20.23,92.33,4.681,5.002,0.429
2026-01-11 10:40:00,PL02,LINE_A,C,STANDARD,29.32,1,0.7153,0.1249,0.0761,87.83,76.86,71.01,2.07,52.52,14.89,23.09,90.5,3.245,3.342,0.157
2026-01-11 11:35:00,PL01,LINE_D,A,PREMIUM,40.79,1,0.7772,0.0574,0.15,68.6,64.66,54.96,3.49,55.72,15.31,21.0,92.03,4.909,5.16,0.523
2026-01-11 12:01:00,PL03,LINE_B,A,PREMIUM,45.88,1,0.8928,0.25,0.0692,70.05,52.54,48.91,3.44,45.92,16.62,22.03,84.58,5.048,5.167,0.238
2026-01-11 12:08:00,PL02,LINE_D,C,PREMIUM,47.58,2,0.8389,0.1022,0.091,126.94,113.96,103.6,3.66,52.83,15.09,25.12,93.04,4.476,4.557,0.333
2026-01-11 12:20:00,PL01,LINE_C,B,STANDARD,25.68,1,0.8713,0.25,0.1169,122.13,91.6,80.89,1.79,55.35,16.93,16.41,88.7,2.755,2.883,0.209
2026-01-11 13:29:00,PL01,LINE_A,A,HEAVY,74.27,1,0.8321,0.25,0.15,40.33,30.25,25.71,4.92,55.49,29.81,20.04,105.34,8.398,9.012,0.737
2026-01-11 15:02:00,PL01,LINE_B,B,PREMIUM,62.72,2,0.8875,0.1707,0.15,101.88,84.5,71.82,2.83,59.54,10.59,17.03,87.16,3.861,4.043,0.424
2026-01-11 15:38:00,PL01,LINE_B,A,HEAVY,41.06,1,0.7304,0.0967,0.057,64.04,57.85,54.55,5.64,54.64,25.99,16.5,97.13,7.318,7.419,0.321
2026-01-11 16:25:00,PL02,LINE_D,B,STANDARD,27.24,1,0.8024,0.1986,0.15,106.04,84.98,72.23,2.51,49.93,19.27,20.76,89.96,3.572,3.759,0.377
2026-01-11 16:49:00,PL02,LINE_B,A,STANDARD,42.61,4,0.765,0.25,0.0966,258.57,193.93,175.19,2.34,46.2,22.18,24.92,93.3,2.821,2.873,0.226
2026-01-11 16:51:00,PL01,LINE_B,B,PREMIUM,38.77,2,0.8416,0.0496,0.1348,156.28,148.52,128.5,3.21,54.5,25.16,22.21,101.87,3.899,4.006,0.433
2026-01-11 17:33:00,PL03,LINE_A,C,PREMIUM,41.92,2,0.8932,0.1295,0.104,153.43,133.56,119.67,4.08,49.32,18.46,29.99,97.77,4.809,4.894,0.424
2026-01-11 17:59:00,PL01,LINE_A,A,HEAVY,68.82,2,0.8986,0.1309,0.118,94.0,81.7,72.06,5.26,54.34,22.19,20.42,96.95,6.45,6.609,0.621
2026-01-11 18:14:00,PL01,LINE_A,A,STANDARD,39.72,1,0.8956,0.1685,0.1151,81.18,67.5,59.73,1.99,54.82,17.23,17.2,89.25,3.31,3.482,0.229
2026-01-11 18:27:00,PL01,LINE_B,A,PREMIUM,40.09,2,0.8755,0.1298,0.0732,157.26,136.84,126.82,3.78,58.66,25.61,21.99,106.26,4.557,4.619,0.277
2026-01-11 18:34:00,PL01,LINE_B,B,STANDARD,61.56,1,0.9001,0.1714,0.036,52.64,43.62,42.05,2.03,58.84,21.44,20.51,100.79,4.345,4.431,0.073
2026-01-11 19:09:00,PL03,LINE_B,B,STANDARD,31.23,4,0.8504,0.0779,0.1477,392.18,361.62,308.2,1.96,47.49,20.8,11.57,79.86,2.182,2.221,0.29
2026-01-11 19:22:00,PL02,LINE_A,B,PREMIUM,62.26,4,0.7134,0.25,0.0891,164.99,123.74,112.72,3.89,52.4,11.17,19.53,83.1,4.557,4.623,0.346
2026-01-11 19:24:00,PL01,LINE_A,A,STANDARD,51.25,1,0.9032,0.0306,0.0676,63.45,61.51,57.35,1.99,57.45,14.31,24.18,95.94,3.553,3.666,0.135
2026-01-11 19:33:00,PL02,LINE_B,B,STANDARD,28.43,1,0.9134,0.2113,0.0775,115.66,91.21,84.14,2.3,53.27,14.54,27.82,95.63,3.353,3.441,0.179
2026-01-11 19:48:00,PL01,LINE_C,A,PREMIUM,41.36,1,0.8358,0.25,0.15,72.74,54.56,46.37,4.15,55.02,18.69,26.71,100.41,5.989,6.314,0.622
2026-01-11 20:40:00,PL01,LINE_A,B,STANDARD,23.03,1,0.857,0.1918,0.15,133.97,108.27,92.03,2.52,54.35,19.1,15.36,88.81,3.343,3.488,0.378
2026-01-11 20:46:00,PL01,LINE_A,B,PREMIUM,48.34,1,0.9457,0.25,0.0645,70.43,52.82,49.41,3.68,58.6,20.24,16.7,95.54,5.487,5.612,0.237
2026-01-11 22:13:00,PL01,LINE_C,C,STANDARD,31.15,1,0.9428,0.148,0.1448,108.97,92.84,79.4,1.94,56.93,14.76,23.04,94.73,2.963,3.135,0.281
2026-01-11 22:35:00,PL02,LINE_A,C,STANDARD,47.12,1,0.966,0.2499,0.0879,73.8,55.35,50.49,2.44,52.77,19.3,19.22,91.29,4.086,4.245,0.214
2026-01-11 23:08:00,PL02,LINE_D,B,PREMIUM,71.38,4,0.7283,0.078,0.0488,146.93,135.46,128.85,2.96,51.13,18.25,21.43,90.8,3.632,3.666,0.145
2026-01-12 00:55:00,PL02,LINE_A,B,STANDARD,37.3,1,0.8875,0.2148,0.0972,85.65,67.25,60.71,2.1,46.87,18.56,15.79,81.22,3.304,3.434,0.204
2026-01-12 01:09:00,PL01,LINE_B,B,PREMIUM,29.88,1,0.8425,0.1526,0.15,101.49,86.0,73.1,3.36,55.49,16.27,30.5,102.26,4.548,4.757,0.504
2026-01-12 01:53:00,PL01,LINE_B,A,STANDARD,33.28,2,0.9442,0.1984,0.1053,204.25,163.72,146.48,2.25,54.22,19.96,24.58,98.76,2.856,2.927,0.237
2026-01-12 01:59:00,PL01,LINE_B,A,PREMIUM,30.23,1,0.8124,0.2139,0.0617,96.74,76.04,71.35,3.23,58.48,20.17,23.48,102.13,4.57,4.658,0.199
2026-01-12 02:05:00,PL02,LINE_C,C,STANDARD,45.38,1,0.98,0.1194,0.1108,77.75,68.47,60.88,1.54,53.43,15.17,23.58,92.18,2.883,3.05,0.17
2026-01-12 02:07:00,PL02,LINE_C,C,STANDARD,36.5,1,0.9158,0.25,0.0681,90.33,67.75,63.13,2.15,56.64,8.25,28.64,93.53,3.526,3.627,0.146
2026-01-12 02:45:00,PL03,LINE_D,C,STANDARD,34.78,2,0.8493,0.1468,0.1384,175.81,150.0,129.25,2.22,45.68,13.69,18.28,77.66,2.733,2.817,0.307
2026-01-12 03:18:00,PL01,LINE_B,C,STANDARD,34.08,1,0.854,0.208,0.018,90.22,71.45,70.17,2.28,64.18,17.41,23.04,104.63,3.74,3.767,0.041
2026-01-12 03:20:00,PL01,LINE_B,A,PREMIUM,63.62,1,0.8012,0.0626,0.15,45.33,42.5,36.12,3.16,52.06,22.06,18.21,92.33,5.334,5.718,0.474
2026-01-12 03:20:00,PL01,LINE_C,A,HEAVY,70.61,1,0.962,0.0681,0.15,49.05,45.71,38.85,6.61,55.89,20.12,23.64,99.65,8.788,9.173,0.991
2026-01-12 04:39:00,PL02,LINE_A,C,PREMIUM,37.07,1,0.8864,0.1773,0.0498,86.09,70.83,67.3,4.04,50.19,11.36,24.43,85.98,5.254,5.318,0.201
2026-01-12 05:42:00,PL01,LINE_D,B,STANDARD,32.41,2,0.7459,0.134,0.0707,165.71,143.5,133.36,2.01,55.54,25.49,26.3,107.33,2.756,2.813,0.142
2026-01-12 05:49:00,PL03,LINE_B,C,STANDARD,50.09,1,0.8588,0.1326,0.1098,61.72,53.53,47.66,2.59,51.1,22.71,12.65,86.46,4.204,4.403,0.284
2026-01-12 05:55:00,PL01,LINE_B,C,HEAVY,35.13,1,0.918,0.0538,0.061,94.07,89.01,83.58,5.4,59.28,22.07,16.44,97.79,6.503,6.574,0.33
2026-01-12 06:19:00,PL02,LINE_A,C,PREMIUM,36.78,2,0.7963,0.1361,0.15,155.85,134.64,114.44,3.76,50.31,17.95,19.4,87.67,4.414,4.529,0.564
2026-01-12 06:27:00,PL03,LINE_B,C,STANDARD,35.21,1,0.908,0.0894,0.0181,92.84,84.54,83.01,1.93,49.84,24.15,29.27,103.26,3.148,3.171,0.035
2026-01-12 07:01:00,PL01,LINE_C,B,HEAVY,51.39,1,0.8054,0.098,0.1139,56.41,50.89,45.09,6.44,57.5,24.24,22.74,104.47,8.492,8.756,0.734
2026-01-12 07:52:00,PL01,LINE_A,A,STANDARD,32.07,2,0.8694,0.1549,0.15,195.2,164.97,140.22,2.12,54.21,14.94,21.57,90.71,2.667,2.764,0.318
2026-01-12 08:34:00,PL02,LINE_B,B,PREMIUM,63.75,2,0.8442,0.2468,0.0485,95.34,71.81,68.33,3.69,50.51,17.26,20.16,87.94,4.919,4.982,0.179
2026-01-12 08:38:00,PL01,LINE_A,C,HEAVY,54.87,1,0.873,0.1322,0.1334,57.28,49.71,43.07,5.16,57.19,24.9,23.5,105.59,7.283,7.61,0.688
2026-01-12 09:53:00,PL01,LINE_D,B,PREMIUM,36.08,1,0.7675,0.104,0.15,76.58,68.62,58.33,3.6,60.33,13.15,27.64,101.12,5.072,5.332,0.54
2026-01-12 12:05:00,PL03,LINE_D,A,STANDARD,46.54,1,0.786,0.2448,0.065,60.79,45.91,42.93,1.69,48.75,20.53,24.96,94.25,3.74,3.883,0.11
2026-01-12 12:12:00,PL01,LINE_A,C,STANDARD,27.76,2,0.8889,0.032,0.0515,230.56,223.18,211.67,2.1,59.15,18.86,19.91,97.91,2.542,2.566,0.108
2026-01-12 13:36:00,PL01,LINE_C,A,PREMIUM,38.61,1,0.8288,0.0716,0.15,77.28,71.74,60.98,3.73,55.89,16.94,11.9,84.73,4.913,5.121,0.56
2026-01-12 13:42:00,PL01,LINE_C,A,PREMIUM,30.18,1,0.8349,0.0842,0.15,99.57,91.19,77.51,3.76,53.08,19.62,22.33,95.03,4.803,4.987,0.564
2026-01-12 13:46:00,PL03,LINE_B,B,STANDARD,26.42,1,0.8013,0.0131,0.1159,109.19,107.76,95.27,1.78,47.16,9.68,29.24,86.08,2.574,2.679,0.206
2026-01-12 14:38:00,PL02,LINE_B,A,STANDARD,29.42,4,0.8502,0.1434,0.0868,416.11,356.42,325.47,2.33,50.05,13.07,18.24,81.36,2.563,2.585,0.203
2026-01-12 16:41:00,PL01,LINE_A,A,PREMIUM,60.15,2,0.8183,0.144,0.142,97.95,83.84,71.93,3.43,52.85,10.08,23.81,86.74,4.463,4.634,0.487
2026-01-12 16:48:00,PL01,LINE_C,A,STANDARD,33.59,1,0.8612,0.1585,0.0901,92.29,77.66,70.66,2.47,52.38,16.14,23.28,91.81,3.651,3.768,0.222
2026-01-12 17:13:00,PL01,LINE_D,B,STANDARD,45.4,1,0.8778,0.1603,0.15,69.61,58.45,49.68,2.35,55.9,24.59,17.79,98.28,4.036,4.333,0.353
2026-01-12 17:22:00,PL01,LINE_B,C,STANDARD,42.94,4,0.8666,0.2364,0.15,290.57,221.89,188.61,1.75,57.03,25.65,22.74,105.41,2.224,2.308,0.262
2026-01-12 17:39:00,PL03,LINE_B,A,STANDARD,25.31,2,0.8275,0.2499,0.15,235.36,176.54,150.06,1.83,49.78,11.91,29.21,90.9,2.348,2.439,0.275
2026-01-12 17:43:00,PL01,LINE_B,C,STANDARD,29.29,2,0.862,0.25,0.1264,211.9,158.93,138.83,1.59,58.73,17.78,21.48,97.99,2.205,2.294,0.201
2026-01-12 17:53:00,PL01,LINE_B,C,PREMIUM,32.69,1,0.8433,0.25,0.1117,92.86,69.64,61.86,3.24,60.48,13.9,15.04,89.42,4.525,4.686,0.362
2026-01-12 18:55:00,PL01,LINE_A,B,STANDARD,39.78,1,0.8046,0.0844,0.0563,72.81,66.67,62.91,2.43,55.22,21.69,25.05,101.96,3.958,4.049,0.137
2026-01-12 19:47:00,PL01,LINE_B,C,STANDARD,38.84,2,0.7944,0.0271,0.15,147.27,143.29,121.79,2.43,59.85,16.47,24.79,101.11,3.134,3.259,0.364
2026-01-12 20:16:00,PL03,LINE_C,C,HEAVY,65.84,1,0.8159,0.1241,0.0886,44.61,39.07,35.61,4.87,53.43,23.48,26.12,103.03,7.507,7.763,0.432
2026-01-12 20:27:00,PL03,LINE_A,A,STANDARD,28.11,2,0.84,0.1144,0.0702,215.16,190.54,177.18,2.86,47.73,22.23,18.49,88.45,3.325,3.36,0.201
2026-01-12 20:28:00,PL02,LINE_C,C,STANDARD,35.41,1,0.9311,0.2474,0.0375,94.67,71.25,68.58,2.99,54.59,14.83,25.48,94.91,4.323,4.375,0.112
2026-01-12 21:11:00,PL02,LINE_B,B,STANDARD,27.28,1,0.8355,0.2077,0.15,110.27,87.37,74.26,2.01,55.34,22.21,23.14,100.7,3.16,3.363,0.301
2026-01-12 22:09:00,PL01,LINE_D,B,PREMIUM,62.29,1,0.7141,0.25,0.1012,41.27,30.95,27.82,3.36,54.23,16.69,25.12,96.03,6.464,6.813,0.34
2026-01-12 22:37:00,PL01,LINE_C,A,PREMIUM,34.06,1,0.7855,0.0339,0.0717,83.02,80.21,74.46,3.48,55.37,19.41,23.94,98.73,4.712,4.807,0.25
2026-01-12 23:24:00,PL01,LINE_B,A,STANDARD,43.67,2,0.9293,0.25,0.1458,153.22,114.92,98.17,1.95,57.0,16.68,31.08,104.75,2.859,3.014,0.284
2026-01-12 23:40:00,PL01,LINE_A,A,PREMIUM,48.15,1,0.8489,0.1732,0.0587,63.48,52.48,49.4,3.68,54.46,21.81,22.68,98.95,5.565,5.683,0.216
2026-01-12 23:44:00,PL02,LINE_B,C,STANDARD,47.44,2,0.7661,0.1063,0.15,116.29,103.92,88.33,2.18,52.22,17.55,29.41,99.17,3.136,3.305,0.327
2026-01-13 00:13:00,PL02,LINE_C,A,STANDARD,29.33,1,0.8636,0.1992,0.1013,106.0,84.89,76.29,1.83,50.08,13.51,22.03,85.61,2.837,2.951,0.185
2026-01-13 00:43:00,PL02,LINE_B,C,STANDARD,39.57,2,0.8997,0.1481,0.0199,163.7,139.46,136.68,2.34,52.1,9.35,33.41,94.86,3.025,3.039,0.047
2026-01-13 00:47:00,PL02,LINE_D,C,STANDARD,55.77,4,0.7779,0.1505,0.1092,200.87,170.64,152.01,2.18,49.5,25.77,21.11,96.38,2.748,2.818,0.238
2026-01-13 00:56:00,PL02,LINE_C,B,PREMIUM,46.51,2,0.8453,0.0875,0.15,130.84,119.39,101.48,2.92,51.82,18.22,25.12,95.16,3.717,3.857,0.438
2026-01-13 01:44:00,PL01,LINE_A,B,PREMIUM,39.24,2,0.8223,0.1487,0.1044,150.87,128.43,115.03,3.62,55.41,15.86,16.86,88.13,4.311,4.391,0.378
2026-01-13 01:52:00,PL02,LINE_D,C,HEAVY,55.18,1,0.7331,0.1861,0.0711,47.83,38.93,36.16,5.43,53.98,20.78,18.99,93.76,7.84,8.024,0.386
2026-01-13 02:56:00,PL01,LINE_A,B,PREMIUM,69.06,1,0.8549,0.1083,0.0667,44.56,39.74,37.09,4.14,59.52,17.18,11.73,88.43,6.369,6.528,0.276
2026-01-13 03:32:00,PL01,LINE_C,B,STANDARD,33.03,2,0.8403,0.1097,0.032,183.16,163.06,157.85,2.46,59.62,25.19,20.71,105.52,3.109,3.131,0.079
2026-01-13 04:02:00,PL01,LINE_C,A,PREMIUM,45.17,4,0.9621,0.1542,0.1014,306.72,259.42,233.12,3.89,52.79,19.86,40.99,113.64,4.33,4.38,0.395
2026-01-13 05:54:00,PL02,LINE_A,B,PREMIUM,48.45,1,0.8182,0.1255,0.15,60.8,53.17,45.19,3.47,52.67,17.59,23.54,93.8,5.238,5.549,0.521
2026-01-13 06:43:00,PL01,LINE_D,C,HEAVY,69.78,1,0.8298,0.0954,0.15,42.81,38.73,32.92,5.24,57.39,26.81,22.8,107.01,8.002,8.49,0.786
2026-01-13 06:53:00,PL03,LINE_A,B,STANDARD,55.32,2,0.808,0.145,0.125,105.16,89.92,78.68,1.64,47.15,20.97,14.29,82.41,2.559,2.69,0.205
2026-01-13 07:05:00,PL03,LINE_D,A,STANDARD,31.48,2,0.8677,0.144,0.15,198.45,169.87,144.39,2.04,46.36,12.76,20.88,80.0,2.511,2.594,0.306
2026-01-13 07:30:00,PL02,LINE_A,B,PREMIUM,34.27,1,0.8263,0.232,0.15,86.81,66.67,56.67,2.97,51.53,18.36,25.33,95.22,4.402,4.654,0.446
2026-01-13 08:24:00,PL01,LINE_B,B,STANDARD,25.43,2,0.8244,0.1685,0.0607,233.44,194.11,182.33,1.96,56.1,18.53,21.85,96.47,2.458,2.491,0.119
2026-01-13 08:43:00,PL02,LINE_B,C,HEAVY,71.79,1,0.953,0.1837,0.0642,47.79,39.01,36.51,5.25,53.36,16.88,29.51,99.76,7.805,7.98,0.337
2026-01-13 09:15:00,PL01,LINE_C,C,STANDARD,69.97,4,0.8618,0.25,0.15,177.36,133.02,113.07,2.15,59.7,22.18,18.85,100.73,2.905,3.039,0.322
2026-01-13 09:36:00,PL01,LINE_C,B,STANDARD,52.04,1,0.8268,0.0096,0.15,57.2,56.65,48.15,2.09,55.72,13.32,21.09,90.13,3.681,3.962,0.314
2026-01-13 10:27:00,PL03,LINE_A,C,STANDARD,33.07,1,0.9624,0.1374,0.0692,104.77,90.37,84.12,2.12,51.28,20.77,19.42,91.47,3.13,3.205,0.146
2026-01-13 10:35:00,PL02,LINE_B,A,STANDARD,22.46,1,0.7732,0.184,0.0484,123.92,101.12,96.22,1.94,54.39,16.0,26.76,97.16,2.901,2.95,0.094
2026-01-13 10:47:00,PL03,LINE_C,A,PREMIUM,35.28,1,0.7417,0.25,0.0465,75.67,56.75,54.12,4.14,46.53,14.56,15.65,76.74,5.489,5.555,0.192
2026-01-13 10:58:00,PL01,LINE_B,B,PREMIUM,44.79,2,0.7896,0.1033,0.1201,126.93,113.82,100.15,4.51,55.79,22.07,26.83,104.69,5.427,5.552,0.541
2026-01-13 11:23:00,PL01,LINE_D,C,PREMIUM,35.06,1,0.8102,0.2011,0.1017,83.19,66.47,59.71,3.84,62.06,17.52,19.3,98.89,5.328,5.496,0.391
2026-01-13 11:49:00,PL01,LINE_C,A,STANDARD,54.37,4,0.9363,0.25,0.15,247.97,185.98,158.08,3.29,55.02,15.25,17.79,88.05,3.764,3.848,0.494
2026-01-13 12:48:00,PL03,LINE_B,A,STANDARD,31.01,4,0.8167,0.1028,0.1001,379.2,340.21,306.14,1.94,45.91,18.37,21.22,85.5,2.192,2.22,0.194
2026-01-13 13:00:00,PL01,LINE_A,C,STANDARD,27.34,4,0.8984,0.056,0.15,473.12,446.65,379.65,1.99,60.67,16.5,20.56,97.73,2.207,2.246,0.298
2026-01-13 14:36:00,PL02,LINE_C,A,HEAVY,52.58,2,0.9112,0.1039,0.0142,124.77,111.8,110.22,5.35,50.99,14.63,18.79,84.41,6.102,6.112,0.076
2026-01-13 14:37:00,PL03,LINE_B,B,STANDARD,32.62,1,0.8022,0.25,0.0372,88.54,66.41,63.94,2.05,45.9,16.53,27.32,89.76,3.398,3.45,0.076
2026-01-13 15:04:00,PL02,LINE_B,C,PREMIUM,38.36,2,0.809,0.1451,0.0976,151.87,129.83,117.16,3.47,50.42,14.01,32.17,96.61,4.219,4.299,0.339
2026-01-13 16:05:00,PL02,LINE_D,A,STANDARD,37.06,1,0.8156,0.1208,0.0583,79.23,69.65,65.59,1.59,48.5,17.67,18.89,85.06,2.811,2.886,0.093
2026-01-13 16:29:00,PL02,LINE_A,A,STANDARD,28.63,1,0.9362,0.25,0.15,117.74,88.3,75.06,2.0,48.01,20.24,27.66,95.92,3.09,3.282,0.301
2026-01-13 16:29:00,PL02,LINE_C,C,STANDARD,32.73,1,0.9087,0.0834,0.0897,99.96,91.62,83.41,2.15,51.36,17.73,25.17,94.25,3.175,3.277,0.193
2026-01-13 16:30:00,PL02,LINE_B,B,PREMIUM,49.64,1,0.7834,0.007,0.0484,56.82,56.42,53.69,3.5,52.26,18.61,19.28,90.15,5.102,5.183,0.17
2026-01-13 16:37:00,PL02,LINE_B,B,STANDARD,38.39,1,0.8533,0.1442,0.0934,80.01,68.47,62.07,1.84,55.08,17.13,20.73,92.94,3.201,3.34,0.172
2026-01-13 16:38:00,PL02,LINE_B,C,PREMIUM,30.39,1,0.683,0.0664,0.0769,80.9,75.53,69.72,3.61,51.16,20.74,13.27,85.16,4.734,4.828,0.277
2026-01-13 16:51:00,PL01,LINE_D,C,PREMIUM,39.75,1,0.7742,0.06,0.1049,70.11,65.9,58.99,3.18,58.86,18.6,19.62,97.08,4.655,4.828,0.334
2026-01-13 17:23:00,PL02,LINE_A,B,PREMIUM,50.6,1,0.7566,0.25,0.15,53.83,40.37,34.32,3.39,48.96,22.01,24.28,95.24,5.753,6.17,0.509
2026-01-13 19:34:00,PL02,LINE_D,A,HEAVY,39.31,2,0.856,0.25,0.0475,156.78,117.58,112.0,6.21,53.26,21.89,16.76,91.91,6.996,7.035,0.295
2026-01-13 20:06:00,PL01,LINE_C,C,HEAVY,94.29,2,0.839,0.0743,0.0776,64.07,59.31,54.7,3.89,55.12,24.39,24.59,104.11,5.642,5.789,0.302
2026-01-13 20:24:00,PL02,LINE_B,B,PREMIUM,38.67,4,0.7305,0.0985,0.0841,272.01,245.23,224.61,3.7,49.42,22.27,17.03,88.71,4.065,4.098,0.311
2026-01-13 20:36:00,PL02,LINE_C,C,STANDARD,37.16,1,0.763,0.0353,0.0681,73.91,71.3,66.44,2.22,56.04,12.5,14.68,83.22,3.387,3.472,0.151
2026-01-13 20:45:00,PL01,LINE_A,C,HEAVY,33.64,2,0.8667,0.2117,0.1117,185.49,146.22,129.88,5.46,56.48,18.47,32.22,107.17,6.19,6.283,0.61
2026-01-13 20:48:00,PL01,LINE_A,C,PREMIUM,59.33,2,0.9045,0.07,0.15,109.77,102.08,86.77,3.14,59.09,26.14,24.1,109.34,4.213,4.402,0.471
2026-01-13 21:23:00,PL01,LINE_B,C,PREMIUM,61.79,1,0.895,0.25,0.0638,52.14,39.11,36.61,4.45,60.56,12.56,22.74,95.86,6.902,7.069,0.284
2026-01-13 22:42:00,PL02,LINE_B,C,STANDARD,41.15,4,0.806,0.0614,0.071,282.01,264.7,245.89,2.0,52.88,16.68,17.3,86.86,2.331,2.356,0.142
2026-01-13 22:55:00,PL02,LINE_B,B,STANDARD,49.25,1,0.7784,0.0921,0.1084,56.9,51.66,46.06,2.07,48.99,16.56,18.26,83.82,3.697,3.894,0.225
2026-01-14 01:56:00,PL02,LINE_D,B,PREMIUM,34.14,4,0.7196,0.2321,0.1286,303.53,233.09,203.12,3.2,55.08,18.37,18.15,91.6,3.59,3.648,0.411
2026-01-14 02:45:00,PL02,LINE_A,A,STANDARD,31.7,1,0.8089,0.1326,0.15,91.86,79.68,67.73,2.13,49.96,25.57,23.69,99.22,3.378,3.598,0.32
2026-01-14 02:50:00,PL01,LINE_B,A,STANDARD,29.27,1,0.9127,0.1181,0.1391,112.26,99.0,85.23,2.72,53.46,21.7,24.14,99.3,3.727,3.889,0.379
2026-01-14 03:05:00,PL03,LINE_A,C,STANDARD,30.63,4,0.8873,0.1293,0.0709,417.17,363.24,337.5,2.27,49.84,18.98,25.71,94.53,2.533,2.553,0.161
2026-01-14 03:10:00,PL03,LINE_C,B,PREMIUM,62.79,1,0.8184,0.1314,0.124,46.92,40.76,35.7,3.29,49.26,19.54,19.35,88.14,5.452,5.759,0.408
2026-01-14 04:30:00,PL01,LINE_B,B,PREMIUM,44.86,2,0.8451,0.1097,0.0915,135.63,120.75,109.7,2.52,54.29,11.28,26.8,92.37,3.282,3.359,0.23
2026-01-14 05:09:00,PL01,LINE_A,C,HEAVY,45.89,1,0.8856,0.1895,0.053,69.48,56.31,53.32,4.58,58.37,21.31,26.09,105.78,6.463,6.568,0.243
2026-01-14 05:13:00,PL01,LINE_D,B,STANDARD,35.75,2,0.8127,0.1427,0.0769,163.66,140.3,129.52,1.46,56.68,20.2,24.57,101.45,2.183,2.243,0.112
2026-01-14 05:38:00,PL02,LINE_A,A,HEAVY,103.0,1,0.8035,0.1785,0.1129,28.08,23.07,20.47,5.56,50.7,22.4,23.52,96.62,9.75,10.283,0.628
2026-01-14 05:43:00,PL03,LINE_A,B,PREMIUM,39.08,1,0.8767,0.25,0.0549,80.76,60.57,57.24,3.01,44.76,24.87,17.9,87.53,4.453,4.537,0.165
2026-01-14 06:07:00,PL02,LINE_A,B,HEAVY,32.96,1,0.7753,0.25,0.0387,84.68,63.51,61.05,6.03,50.94,19.4,24.1,94.44,7.515,7.575,0.233
2026-01-14 06:30:00,PL03,LINE_C,C,HEAVY,76.2,1,0.6932,0.0586,0.15,32.75,30.83,26.2,5.69,50.33,21.1,23.1,94.53,8.758,9.299,0.854
2026-01-14 06:58:00,PL02,LINE_B,A,PREMIUM,43.31,1,0.8631,0.0251,0.15,71.74,69.94,59.45,4.03,48.1,19.29,24.7,92.1,5.35,5.582,0.605
2026-01-14 08:28:00,PL01,LINE_B,B,PREMIUM,28.1,1,0.8187,0.0497,0.0774,104.86,99.65,91.94,2.88,54.18,20.82,15.58,90.58,3.79,3.867,0.223
2026-01-14 08:48:00,PL01,LINE_B,A,STANDARD,43.57,1,0.8833,0.25,0.0912,72.98,54.73,49.74,2.33,59.23,14.76,25.49,99.48,4.151,4.333,0.213
2026-01-14 08:54:00,PL03,LINE_A,C,HEAVY,62.33,1,0.9081,0.1432,0.1044,52.45,44.94,40.25,4.12,52.55,17.6,11.58,81.73,5.941,6.154,0.431
2026-01-14 08:54:00,PL02,LINE_B,B,STANDARD,17.71,1,0.7332,0.046,0.0308,149.04,142.19,137.81,2.28,50.71,23.74,23.43,97.88,2.97,2.991,0.07
2026-01-14 09:53:00,PL03,LINE_A,B,HEAVY,71.12,1,0.9545,0.0853,0.15,48.32,44.2,37.57,6.47,48.46,18.73,23.59,90.77,8.521,8.884,0.97
2026-01-14 10:21:00,PL02,LINE_D,B,STANDARD,42.11,2,0.9206,0.1714,0.0404,157.4,130.41,125.15,2.02,47.54,13.28,19.61,80.43,2.636,2.662,0.082
2026-01-14 11:02:00,PL03,LINE_A,B,STANDARD,20.58,4,0.7824,0.1357,0.15,547.42,473.12,402.15,2.28,46.51,24.58,31.17,102.27,2.493,2.531,0.341
2026-01-14 13:27:00,PL03,LINE_D,C,HEAVY,101.37,1,0.8582,0.25,0.0913,30.48,22.86,20.77,5.1,51.77,28.15,21.64,101.56,9.542,9.989,0.466
2026-01-14 13:30:00,PL02,LINE_A,B,PREMIUM,43.55,2,0.7536,0.0292,0.071,124.59,120.96,112.37,3.82,51.63,20.13,17.46,89.23,4.559,4.616,0.271
2026-01-14 13:30:00,PL01,LINE_A,A,STANDARD,34.53,2,0.8992,0.1238,0.1427,187.5,164.28,140.84,2.05,54.81,16.63,10.07,81.5,2.546,2.628,0.292
2026-01-14 13:37:00,PL02,LINE_A,C,STANDARD,34.21,2,0.797,0.1653,0.1157,167.74,140.02,123.82,2.27,53.14,11.1,30.83,95.07,2.947,3.036,0.262
2026-01-14 13:51:00,PL01,LINE_B,A,HEAVY,79.61,1,0.7827,0.2006,0.0918,35.39,28.29,25.7,4.72,59.24,19.47,18.36,97.08,8.155,8.502,0.434
2026-01-14 14:48:00,PL02,LINE_C,A,STANDARD,32.67,1,0.9114,0.178,0.0568,100.42,82.54,77.86,2.14,51.66,16.34,20.84,88.84,3.215,3.28,0.121
2026-01-14 15:00:00,PL01,LINE_C,B,STANDARD,33.16,2,0.8547,0.051,0.15,185.58,176.11,149.69,2.01,55.89,24.86,15.91,96.67,2.561,2.657,0.302
2026-01-14 15:43:00,PL02,LINE_A,B,HEAVY,59.84,2,0.8064,0.218,0.15,97.03,75.88,64.5,5.69,51.53,25.34,30.55,107.43,7.11,7.36,0.854
2026-01-14 16:38:00,PL01,LINE_B,C,STANDARD,27.73,1,0.8996,0.0989,0.0807,116.81,105.26,96.76,2.37,54.26,23.57,33.47,111.3,3.427,3.52,0.191
2026-01-14 16:53:00,PL01,LINE_B,C,PREMIUM,33.83,1,0.8373,0.0502,0.1285,89.11,84.64,73.76,3.15,60.5,15.13,23.27,98.91,4.314,4.487,0.404
2026-01-14 17:36:00,PL01,LINE_C,B,STANDARD,61.06,1,0.8071,0.0311,0.0573,47.58,46.11,43.46,1.82,56.4,20.21,34.23,110.84,4.222,4.368,0.104
2026-01-14 17:49:00,PL01,LINE_B,B,STANDARD,37.86,1,0.9365,0.1143,0.028,89.04,78.86,76.65,2.55,59.25,23.06,16.14,98.46,3.801,3.837,0.072
2026-01-14 18:59:00,PL03,LINE_D,A,STANDARD,42.89,2,0.7876,0.2482,0.0516,132.22,99.4,94.27,2.77,46.29,20.95,26.05,93.29,3.709,3.76,0.143
2026-01-14 20:43:00,PL01,LINE_A,A,PREMIUM,79.84,4,0.8804,0.0234,0.1344,158.8,155.08,134.24,2.61,55.1,23.57,25.49,104.16,3.284,3.388,0.351
2026-01-14 21:27:00,PL01,LINE_B,C,PREMIUM,71.69,1,0.902,0.2015,0.0846,45.3,36.17,33.11,3.64,58.54,23.46,17.11,99.11,6.376,6.629,0.308
2026-01-14 22:28:00,PL03,LINE_C,A,STANDARD,37.38,1,0.7985,0.1198,0.0564,76.9,67.68,63.86,2.54,47.31,15.73,12.73,75.77,3.657,3.724,0.143
2026-01-14 22:56:00,PL02,LINE_A,B,PREMIUM,55.85,2,0.8621,0.0868,0.15,111.13,101.48,86.26,3.43,51.58,14.88,23.54,89.99,4.317,4.474,0.515
2026-01-14 23:43:00,PL01,LINE_B,A,STANDARD,38.25,2,0.9106,0.2468,0.0673,171.38,129.09,120.4,2.46,56.35,26.07,14.73,97.15,3.208,3.263,0.165
2026-01-15 00:16:00,PL02,LINE_B,C,PREMIUM,38.69,1,0.8726,0.25,0.0891,81.18,60.89,55.46,3.06,55.56,16.55,18.25,90.36,4.543,4.688,0.273
2026-01-15 00:35:00,PL02,LINE_B,C,PREMIUM,50.2,1,0.8684,0.0856,0.074,62.27,56.94,52.73,3.03,54.27,24.13,18.88,97.28,4.743,4.879,0.224
2026-01-15 01:48:00,PL01,LINE_D,A,HEAVY,52.99,2,0.8942,0.25,0.0132,121.51,91.14,89.94,2.64,55.61,27.05,23.66,106.31,3.807,3.822,0.035
2026-01-15 02:24:00,PL02,LINE_A,A,PREMIUM,24.91,2,0.9781,0.25,0.1188,282.72,212.04,186.84,2.79,48.58,17.68,29.41,95.67,3.244,3.305,0.332
2026-01-15 03:34:00,PL01,LINE_C,B,STANDARD,27.91,2,0.8823,0.1509,0.1041,227.6,193.26,173.14,2.02,58.2,22.24,27.83,108.27,2.579,2.644,0.21
2026-01-15 03:38:00,PL01,LINE_D,C,STANDARD,26.61,2,0.837,0.0738,0.1213,226.5,209.79,184.34,2.69,58.41,20.69,15.23,94.33,3.135,3.197,0.326
2026-01-15 03:56:00,PL01,LINE_C,A,STANDARD,41.4,1,0.8136,0.25,0.0701,70.75,53.07,49.35,2.23,52.47,15.1,23.6,91.17,3.951,4.081,0.156
2026-01-15 04:50:00,PL02,LINE_B,A,HEAVY,52.71,1,0.9486,0.1343,0.15,64.79,56.08,47.67,4.95,50.31,18.24,16.4,84.95,6.466,6.733,0.743
2026-01-15 05:10:00,PL02,LINE_D,A,PREMIUM,39.2,2,0.8371,0.1682,0.15,153.73,127.87,108.69,3.75,48.49,13.65,11.76,73.9,4.326,4.428,0.562
2026-01-15 06:01:00,PL01,LINE_B,A,STANDARD,38.75,1,0.8363,0.1596,0.15,77.69,65.29,55.5,3.19,57.09,19.73,23.03,99.85,4.722,4.992,0.479
2026-01-15 06:43:00,PL01,LINE_D,B,PREMIUM,22.94,4,0.7402,0.1425,0.15,464.77,398.53,338.75,3.75,56.07,16.89,14.04,87.0,3.963,4.002,0.562
2026-01-15 07:02:00,PL01,LINE_B,C,STANDARD,45.83,1,0.8166,0.2289,0.0378,64.14,49.46,47.59,2.54,58.33,24.65,25.65,108.63,4.733,4.819,0.096
2026-01-15 07:55:00,PL03,LINE_B,C,STANDARD,40.09,1,0.911,0.2353,0.0182,81.81,62.56,61.42,2.13,52.34,10.81,32.2,95.35,3.657,3.685,0.039
2026-01-15 07:56:00,PL01,LINE_C,B,STANDARD,26.48,1,0.8878,0.1285,0.15,120.7,105.18,89.4,2.9,58.26,20.73,22.51,101.5,3.869,4.039,0.436
2026-01-15 08:26:00,PL02,LINE_A,C,HEAVY,74.22,1,0.9254,0.0811,0.0919,44.88,41.24,37.45,5.06,51.91,23.56,15.65,91.12,7.272,7.496,0.465
2026-01-15 09:06:00,PL01,LINE_B,B,STANDARD,44.9,1,0.8237,0.0671,0.0049,66.05,61.62,61.31,2.15,55.72,13.93,25.15,94.8,3.692,3.7,0.011
2026-01-15 09:42:00,PL03,LINE_D,A,STANDARD,24.69,2,0.83,0.25,0.1294,242.01,181.51,158.03,2.16,46.31,19.21,29.03,94.56,2.678,2.756,0.279
2026-01-15 10:39:00,PL01,LINE_A,B,PREMIUM,44.78,4,0.8091,0.1549,0.1047,260.17,219.87,196.85,4.15,58.7,12.27,22.55,93.52,4.573,4.623,0.434
2026-01-15 11:40:00,PL03,LINE_C,C,PREMIUM,33.37,1,0.8549,0.0188,0.1069,92.24,90.5,80.83,3.33,48.7,14.78,19.83,83.32,4.25,4.36,0.356
2026-01-15 12:42:00,PL01,LINE_C,C,STANDARD,33.87,1,0.9117,0.25,0.15,96.92,72.69,61.79,2.55,58.15,15.36,19.89,93.4,3.837,4.064,0.383
2026-01-15 12:47:00,PL01,LINE_C,C,STANDARD,21.97,2,0.8334,0.1594,0.0836,273.06,229.53,210.34,2.6,61.13,20.56,19.79,101.48,3.041,3.081,0.217
2026-01-15 13:39:00,PL03,LINE_B,B,STANDARD,35.42,1,0.8476,0.119,0.15,86.16,75.9,64.52,1.93,46.69,14.58,11.18,72.45,2.888,3.057,0.29
2026-01-15 14:04:00,PL03,LINE_C,B,PREMIUM,38.92,1,0.8612,0.0396,0.0713,79.67,76.51,71.06,4.08,45.64,23.18,14.96,83.78,5.173,5.257,0.291
2026-01-15 14:33:00,PL02,LINE_B,B,STANDARD,34.7,2,0.8382,0.2365,0.0879,173.9,132.77,121.1,2.11,53.02,18.55,16.22,87.79,2.766,2.83,0.185
2026-01-15 15:08:00,PL01,LINE_B,B,PREMIUM,56.52,2,0.8099,0.0551,0.15,103.19,97.5,82.87,3.21,60.82,19.72,20.05,100.59,4.237,4.419,0.481
2026-01-15 15:27:00,PL03,LINE_C,A,PREMIUM,50.77,2,0.8655,0.1607,0.0667,122.76,103.03,96.16,3.0,42.87,15.11,21.84,79.81,3.776,3.832,0.2
2026-01-15 16:06:00,PL01,LINE_D,B,STANDARD,36.9,1,0.8049,0.2257,0.0873,78.53,60.81,55.5,1.87,55.54,21.21,19.7,96.46,3.457,3.609,0.163
2026-01-15 16:41:00,PL03,LINE_C,C,STANDARD,31.88,2,0.8076,0.0614,0.1468,182.39,171.19,146.06,2.05,47.97,15.11,17.38,80.46,2.522,2.603,0.301
2026-01-15 17:53:00,PL02,LINE_A,B,STANDARD,28.24,2,0.8191,0.0155,0.0473,208.85,205.62,195.89,1.86,51.5,19.22,15.15,85.88,2.279,2.3,0.088
2026-01-15 18:33:00,PL01,LINE_D,A,STANDARD,36.35,1,0.8292,0.25,0.1097,82.11,61.59,54.83,2.41,52.39,11.74,22.44,86.57,3.815,3.988,0.264
2026-01-15 19:33:00,PL01,LINE_C,B,STANDARD,25.22,2,0.8196,0.1471,0.0719,233.98,199.57,185.22,2.03,54.68,15.58,17.81,88.07,2.467,2.501,0.146
2026-01-15 19:50:00,PL03,LINE_D,C,STANDARD,30.42,2,0.8238,0.25,0.15,194.98,146.23,124.3,2.16,49.28,19.68,24.96,93.93,2.806,2.92,0.325
2026-01-15 20:02:00,PL03,LINE_B,C,PREMIUM,49.69,1,0.8441,0.25,0.0797,61.16,45.87,42.22,3.4,50.59,18.15,26.21,94.95,5.466,5.645,0.271
2026-01-15 20:06:00,PL01,LINE_C,B,STANDARD,38.7,1,0.7384,0.1873,0.1194,68.69,55.83,49.16,2.62,56.23,15.23,16.99,88.45,4.202,4.417,0.313
2026-01-15 20:24:00,PL02,LINE_C,B,PREMIUM,34.89,2,0.7972,0.1074,0.15,164.49,146.82,124.8,3.43,50.45,24.2,22.41,97.06,4.092,4.209,0.515
2026-01-15 21:45:00,PL01,LINE_C,C,PREMIUM,29.9,1,0.9133,0.1641,0.0698,109.97,91.92,85.5,2.34,57.88,24.92,30.19,112.99,3.573,3.665,0.164
2026-01-15 22:31:00,PL01,LINE_C,A,HEAVY,43.12,1,0.9224,0.1394,0.0729,77.01,66.28,61.44,6.66,55.42,20.09,19.41,94.92,8.094,8.207,0.486
2026-01-15 23:03:00,PL01,LINE_B,B,PREMIUM,55.86,1,0.7738,0.1921,0.0752,49.87,40.29,37.26,3.77,60.97,16.89,17.16,95.02,6.132,6.324,0.284
2026-01-15 23:23:00,PL01,LINE_B,B,STANDARD,29.2,2,0.8837,0.1539,0.1047,217.89,184.36,165.06,1.67,57.88,15.4,30.98,104.26,2.24,2.306,0.175
2026-01-16 00:46:00,PL02,LINE_A,B,STANDARD,31.33,4,0.9126,0.0697,0.15,419.41,390.19,331.66,2.0,54.45,20.68,18.71,93.84,2.239,2.281,0.3
2026-01-16 01:00:00,PL03,LINE_B,C,STANDARD,21.79,1,0.8237,0.0198,0.15,136.11,133.41,113.4,2.49,52.53,13.09,23.95,89.57,3.159,3.277,0.373
2026-01-16 01:13:00,PL01,LINE_A,B,STANDARD,69.37,2,0.9787,0.196,0.0642,101.58,81.67,76.43,2.1,58.51,15.47,23.63,97.61,3.299,3.381,0.135
2026-01-16 01:18:00,PL01,LINE_B,A,PREMIUM,63.32,1,0.8712,0.25,0.15,49.53,37.15,31.58,2.94,54.62,12.46,22.62,89.69,5.358,5.784,0.442
2026-01-16 01:45:00,PL01,LINE_A,B,STANDARD,43.83,2,0.808,0.1643,0.0818,132.74,110.93,101.85,1.39,55.92,12.73,20.89,89.54,2.194,2.266,0.113
2026-01-16 01:45:00,PL03,LINE_B,B,STANDARD,37.78,2,0.8708,0.046,0.0804,165.97,158.34,145.61,2.15,51.36,18.82,13.45,83.63,2.676,2.722,0.173
2026-01-16 02:16:00,PL03,LINE_B,B,HEAVY,64.5,1,0.8347,0.1554,0.15,46.58,39.34,33.44,4.7,50.53,21.77,26.78,99.08,7.217,7.661,0.705
2026-01-16 02:40:00,PL02,LINE_C,B,STANDARD,35.88,1,0.8728,0.25,0.0799,87.56,65.67,60.43,1.83,51.24,14.23,19.96,85.43,3.133,3.245,0.146
2026-01-16 02:43:00,PL02,LINE_A,A,PREMIUM,31.92,4,0.8155,0.1017,0.0379,367.91,330.49,317.98,3.84,48.38,23.62,23.77,95.78,4.13,4.141,0.145
2026-01-16 02:46:00,PL01,LINE_A,B,STANDARD,24.36,2,0.8478,0.25,0.15,250.53,187.9,159.71,2.51,56.55,21.93,23.93,102.41,3.059,3.155,0.377
2026-01-16 03:21:00,PL02,LINE_B,C,STANDARD,30.95,2,0.8071,0.1983,0.1359,187.78,150.54,130.09,2.21,55.93,11.79,23.77,91.49,2.819,2.914,0.3
2026-01-16 03:42:00,PL01,LINE_B,A,PREMIUM,47.23,4,0.8388,0.0894,0.0723,255.75,232.88,216.04,3.86,56.56,21.78,24.17,102.52,4.304,4.338,0.279
2026-01-16 04:49:00,PL02,LINE_D,A,HEAVY,51.99,1,0.6549,0.1786,0.15,45.34,37.25,31.66,5.58,49.54,21.61,28.85,100.0,8.268,8.742,0.838
2026-01-16 04:50:00,PL02,LINE_A,B,PREMIUM,51.43,2,0.8135,0.0773,0.1286,113.89,105.08,91.57,3.03,49.65,12.79,28.71,91.15,3.9,4.028,0.39
2026-01-16 05:50:00,PL01,LINE_C,C,STANDARD,45.76,1,0.851,0.25,0.0283,66.95,50.21,48.79,1.83,62.41,23.96,20.88,107.25,3.966,4.028,0.052
2026-01-16 05:54:00,PL02,LINE_B,C,HEAVY,39.3,1,0.8512,0.0546,0.0944,77.97,73.72,66.76,5.49,53.52,20.83,18.32,92.67,6.742,6.873,0.518
2026-01-16 05:58:00,PL01,LINE_A,A,PREMIUM,64.16,1,0.927,0.0498,0.0535,52.02,49.42,46.78,2.46,59.23,18.97,21.3,99.5,4.477,4.59,0.132
2026-01-16 06:04:00,PL01,LINE_B,C,PREMIUM,31.1,2,0.8827,0.0952,0.0926,204.36,184.91,167.78,3.27,57.37,18.6,23.55,99.52,3.81,3.865,0.303
2026-01-16 06:47:00,PL01,LINE_C,C,PREMIUM,34.18,4,0.9358,0.0906,0.0585,394.28,358.55,337.58,3.53,57.45,17.23,28.17,102.84,3.818,3.836,0.207
2026-01-16 07:22:00,PL02,LINE_C,A,STANDARD,63.85,4,0.8607,0.0451,0.0846,194.13,185.38,169.69,2.94,51.01,17.01,22.37,90.38,3.427,3.472,0.249
2026-01-16 07:53:00,PL03,LINE_C,C,HEAVY,35.79,1,0.9281,0.1537,0.15,93.35,79.01,67.16,5.62,48.49,22.92,23.03,94.45,6.818,7.029,0.843
2026-01-16 08:18:00,PL02,LINE_A,B,PREMIUM,51.28,4,0.8241,0.25,0.1235,231.42,173.57,152.14,2.8,47.34,20.6,18.91,86.85,3.297,3.368,0.345
2026-01-16 09:11:00,PL01,LINE_C,C,PREMIUM,72.29,1,0.7591,0.0342,0.15,37.8,36.51,31.03,2.88,56.72,17.39,26.17,100.28,5.626,6.111,0.432
2026-01-16 09:13:00,PL01,LINE_B,A,STANDARD,29.69,1,0.7793,0.1001,0.0807,94.48,85.02,78.16,2.2,55.54,13.71,24.54,93.79,3.302,3.399,0.177
2026-01-16 10:22:00,PL01,LINE_B,C,PREMIUM,48.02,2,0.8683,0.25,0.0319,130.2,97.65,94.54,3.59,61.93,17.04,27.26,106.23,4.678,4.714,0.114
2026-01-16 11:28:00,PL01,LINE_A,C,STANDARD,48.43,1,0.841,0.1753,0.0766,62.52,51.56,47.61,2.08,60.8,22.91,20.29,104.0,4.098,4.265,0.159
2026-01-16 11:43:00,PL02,LINE_A,C,PREMIUM,37.32,1,0.8175,0.25,0.1209,78.86,59.15,52.0,3.07,52.59,21.85,17.84,92.27,4.63,4.845,0.371
2026-01-16 12:14:00,PL02,LINE_B,A,HEAVY,58.67,1,0.8658,0.1032,0.0562,53.13,47.64,44.97,3.99,54.11,23.26,33.83,111.2,6.323,6.462,0.224
2026-01-16 13:26:00,PL03,LINE_A,A,PREMIUM,53.01,1,0.8828,0.0612,0.0503,59.96,56.29,53.46,3.06,48.6,25.12,17.72,91.44,4.688,4.774,0.154
2026-01-16 14:32:00,PL01,LINE_C,A,STANDARD,27.38,4,0.8776,0.0871,0.0705,461.54,421.34,391.64,2.0,55.92,20.43,15.07,91.42,2.219,2.236,0.141
2026-01-16 14:40:00,PL02,LINE_C,C,STANDARD,31.59,1,0.8335,0.25,0.0365,94.99,71.24,68.64,2.59,57.82,12.41,22.36,92.59,3.887,3.936,0.094
2026-01-16 16:28:00,PL01,LINE_D,B,STANDARD,43.09,2,0.7713,0.1028,0.0253,128.86,115.62,112.7,2.57,58.97,23.36,28.2,110.53,3.531,3.556,0.065
2026-01-16 18:01:00,PL01,LINE_D,B,STANDARD,48.01,2,0.7931,0.0399,0.0691,118.94,114.19,106.3,1.6,58.3,22.03,17.07,97.41,2.449,2.513,0.11
2026-01-16 18:19:00,PL01,LINE_C,B,PREMIUM,54.34,1,0.776,0.1736,0.0618,51.41,42.49,39.87,3.75,58.33,26.22,13.79,98.35,6.063,6.216,0.232
2026-01-16 18:30:00,PL01,LINE_A,A,STANDARD,36.52,2,0.9232,0.1548,0.15,182.04,153.86,130.78,2.18,56.6,15.78,22.4,94.78,2.798,2.906,0.327
2026-01-16 19:25:00,PL02,LINE_C,B,STANDARD,55.37,2,0.8044,0.1433,0.0826,104.61,89.62,82.21,1.86,50.17,17.94,25.48,93.6,2.9,2.994,0.153
2026-01-16 21:48:00,PL01,LINE_C,A,STANDARD,48.73,2,0.8491,0.0484,0.0453,125.47,119.4,113.99,2.26,54.89,19.85,16.66,91.39,3.028,3.065,0.102
2026-01-16 21:48:00,PL01,LINE_B,A,HEAVY,86.77,1,0.7633,0.2057,0.0217,31.67,25.15,24.61,5.93,55.57,22.99,16.49,95.04,9.706,9.79,0.129
2026-01-16 21:59:00,PL01,LINE_B,C,PREMIUM,60.75,2,0.9664,0.25,0.0353,114.53,85.9,82.87,2.89,59.42,14.56,14.13,88.1,3.916,3.953,0.102
2026-01-16 22:00:00,PL02,LINE_A,C,STANDARD,31.3,1,0.8732,0.25,0.0211,100.41,75.31,73.72,2.16,53.42,14.52,21.78,89.72,3.348,3.374,0.045
2026-01-16 23:19:00,PL03,LINE_D,B,STANDARD,52.3,1,0.8181,0.1648,0.1421,56.32,47.03,40.35,2.35,45.05,16.53,22.85,84.43,4.143,4.44,0.334
2026-01-16 23:24:00,PL03,LINE_B,A,STANDARD,26.69,2,0.98,0.0385,0.15,264.35,254.16,216.04,2.56,43.6,14.12,26.43,84.14,2.891,2.949,0.384
2026-01-17 00:08:00,PL02,LINE_D,B,PREMIUM,41.23,4,0.7071,0.1675,0.0482,246.97,205.62,195.71,3.13,52.1,20.5,23.68,96.28,3.594,3.618,0.151
2026-01-17 01:56:00,PL02,LINE_D,C,PREMIUM,37.05,1,0.7757,0.1218,0.15,75.36,66.18,56.26,3.52,50.17,16.44,29.15,95.75,4.968,5.224,0.528
2026-01-17 02:19:00,PL02,LINE_B,A,STANDARD,44.7,1,0.9394,0.1607,0.15,75.66,63.51,53.98,2.45,52.17,24.78,32.24,109.19,4.166,4.47,0.367
2026-01-17 02:45:00,PL03,LINE_B,A,HEAVY,76.59,1,0.7812,0.25,0.1087,36.72,27.54,24.54,6.09,44.52,19.11,19.27,82.91,9.098,9.465,0.662
2026-01-17 05:24:00,PL03,LINE_D,A,PREMIUM,64.08,1,0.7623,0.2268,0.044,42.83,33.11,31.66,2.97,45.5,17.0,12.98,75.48,5.254,5.359,0.131
2026-01-17 05:57:00,PL03,LINE_C,B,PREMIUM,39.19,1,0.8169,0.25,0.0654,75.04,56.28,52.6,3.76,47.11,22.75,28.57,98.43,5.514,5.636,0.246
2026-01-17 06:01:00,PL01,LINE_D,B,HEAVY,61.94,1,0.8644,0.25,0.1142,50.24,37.68,33.37,5.27,56.93,27.52,26.3,110.75,8.205,8.584,0.601
2026-01-17 06:14:00,PL02,LINE_A,A,PREMIUM,24.29,2,0.8871,0.25,0.15,262.91,197.19,167.61,3.57,47.08,22.93,32.21,102.22,4.09,4.182,0.536
2026-01-17 07:39:00,PL01,LINE_A,C,HEAVY,72.31,1,0.9354,0.0512,0.0256,46.57,44.19,43.06,5.45,58.44,24.83,26.65,109.92,7.934,8.0,0.14
2026-01-17 07:49:00,PL03,LINE_C,C,PREMIUM,43.23,1,0.98,0.0505,0.1126,81.62,77.5,68.77,2.74,52.79,23.47,21.3,97.56,3.996,4.156,0.308
2026-01-17 07:54:00,PL01,LINE_B,C,PREMIUM,56.78,2,0.9305,0.1428,0.1128,118.0,101.15,89.74,3.36,59.28,15.28,15.83,90.39,4.252,4.365,0.379
2026-01-17 07:56:00,PL01,LINE_D,A,STANDARD,30.16,1,0.8137,0.1878,0.1163,97.14,78.9,69.72,1.96,56.33,23.13,27.36,106.81,3.309,3.487,0.227
2026-01-17 08:16:00,PL02,LINE_A,B,HEAVY,53.68,2,0.8546,0.1138,0.0153,114.62,101.58,100.03,4.48,48.29,20.42,16.4,85.12,5.317,5.33,0.068
2026-01-17 08:27:00,PL02,LINE_B,A,STANDARD,37.67,4,0.894,0.2043,0.0243,341.74,271.93,265.31,2.69,51.0,19.8,29.67,100.48,3.06,3.069,0.066
2026-01-17 08:39:00,PL02,LINE_A,B,PREMIUM,50.36,4,0.9279,0.1418,0.15,265.31,227.68,193.53,3.46,50.13,17.09,13.93,81.15,3.818,3.881,0.519
2026-01-17 09:00:00,PL01,LINE_D,C,HEAVY,59.38,1,0.7968,0.201,0.0183,48.31,38.6,37.9,5.65,57.35,22.25,27.57,107.17,8.422,8.474,0.103
2026-01-17 10:54:00,PL03,LINE_D,B,STANDARD,29.07,1,0.9098,0.0628,0.1029,112.69,105.61,94.74,2.17,48.24,19.72,17.69,85.65,2.978,3.071,0.223
2026-01-17 11:33:00,PL03,LINE_B,C,STANDARD,47.64,2,0.9116,0.2213,0.0881,137.77,107.29,97.84,2.06,47.59,25.09,21.03,93.71,2.933,3.017,0.181
2026-01-17 11:35:00,PL03,LINE_A,B,STANDARD,38.4,2,0.8603,0.1386,0.0391,161.3,138.95,133.51,1.82,51.84,17.1,23.5,92.43,2.481,2.508,0.071
2026-01-17 12:09:00,PL01,LINE_C,A,HEAVY,58.08,1,0.8162,0.25,0.0497,50.59,37.94,36.06,5.85,53.75,19.97,17.32,91.05,8.248,8.374,0.291
2026-01-17 13:13:00,PL02,LINE_A,A,STANDARD,48.23,1,0.9215,0.1721,0.0277,68.78,56.94,55.37,1.99,49.82,18.09,21.39,89.3,3.554,3.599,0.055
2026-01-17 14:10:00,PL03,LINE_C,C,PREMIUM,43.35,1,0.8606,0.1908,0.15,71.48,57.84,49.16,4.5,47.96,19.44,13.89,81.29,5.904,6.152,0.675
2026-01-17 14:27:00,PL01,LINE_D,B,PREMIUM,75.28,2,0.9312,0.25,0.1266,89.06,66.8,58.34,3.05,60.0,19.49,11.9,91.39,4.419,4.618,0.386
2026-01-17 15:45:00,PL01,LINE_A,C,PREMIUM,54.86,4,0.8185,0.0531,0.1297,214.84,203.44,177.06,3.77,54.96,15.44,36.36,106.76,4.294,4.372,0.489
2026-01-17 16:18:00,PL01,LINE_D,A,PREMIUM,34.5,1,0.8152,0.2228,0.0853,85.06,66.11,60.47,3.7,53.78,12.03,16.53,82.35,4.945,5.062,0.316
2026-01-17 16:37:00,PL02,LINE_B,A,HEAVY,67.46,1,0.8177,0.2434,0.0734,43.64,33.02,30.59,5.11,53.14,17.4,15.16,85.71,7.703,7.909,0.375
2026-01-17 16:45:00,PL01,LINE_C,B,STANDARD,34.72,2,0.8875,0.0401,0.0393,184.05,176.67,169.73,2.18,58.65,19.59,19.91,98.15,2.734,2.756,0.086
2026-01-17 17:09:00,PL02,LINE_A,C,STANDARD,63.2,2,0.888,0.1299,0.1116,101.17,88.03,78.21,2.48,54.75,10.88,14.41,80.04,3.388,3.503,0.277
2026-01-17 17:14:00,PL02,LINE_C,B,PREMIUM,53.16,1,0.9179,0.1036,0.1178,62.16,55.72,49.16,3.27,56.24,18.0,33.19,107.44,5.202,5.459,0.386
2026-01-17 17:53:00,PL02,LINE_C,C,STANDARD,28.51,2,0.8602,0.211,0.0736,217.22,171.39,158.78,2.02,60.07,21.03,23.39,104.5,2.631,2.679,0.149
2026-01-17 18:13:00,PL03,LINE_C,C,HEAVY,83.94,1,0.7829,0.0975,0.0408,33.57,30.3,29.07,6.43,49.57,16.31,26.54,92.42,9.481,9.611,0.262
2026-01-17 18:51:00,PL01,LINE_A,A,PREMIUM,68.76,1,0.9354,0.25,0.0372,48.97,36.73,35.36,2.97,53.78,19.04,13.75,86.56,5.326,5.418,0.111
2026-01-17 19:01:00,PL03,LINE_C,B,PREMIUM,32.77,2,0.8721,0.0335,0.15,191.62,185.19,157.41,3.21,50.33,17.45,24.88,92.66,3.713,3.801,0.482
2026-01-17 19:38:00,PL01,LINE_B,B,STANDARD,31.69,1,0.8561,0.25,0.0851,97.24,72.93,66.72,2.52,56.04,15.83,14.45,86.32,3.704,3.814,0.215
2026-01-17 21:28:00,PL02,LINE_D,B,PREMIUM,47.13,1,0.8455,0.0562,0.15,64.58,60.95,51.81,2.89,49.87,7.13,20.64,77.63,4.166,4.391,0.434
2026-01-17 22:36:00,PL01,LINE_D,C,STANDARD,28.14,1,0.8694,0.1351,0.0547,111.22,96.19,90.93,2.09,60.68,21.16,13.45,95.29,3.08,3.138,0.114
2026-01-17 23:17:00,PL01,LINE_A,B,PREMIUM,36.82,1,0.9666,0.1158,0.15,94.51,83.57,71.03,3.58,56.24,19.14,22.33,97.71,4.751,4.957,0.537
2026-01-17 23:28:00,PL01,LINE_C,A,PREMIUM,33.99,1,0.8521,0.2177,0.075,90.24,70.6,65.3,2.93,55.64,22.47,25.26,103.37,4.391,4.509,0.219
2026-01-17 23:36:00,PL01,LINE_D,A,PREMIUM,44.42,1,0.8318,0.0598,0.1327,67.41,63.39,54.97,3.01,51.34,16.25,30.01,97.6,4.549,4.785,0.399
2026-01-17 23:56:00,PL02,LINE_D,A,PREMIUM,33.9,4,0.8171,0.25,0.15,347.07,260.3,221.26,3.86,52.46,18.84,24.35,95.65,4.231,4.296,0.58
2026-01-18 01:47:00,PL01,LINE_C,B,PREMIUM,30.98,1,0.8349,0.25,0.1373,97.01,72.76,62.77,3.58,57.21,24.28,22.94,104.43,5.02,5.248,0.492
2026-01-18 02:01:00,PL01,LINE_A,C,STANDARD,32.29,2,0.8616,0.25,0.0604,192.12,144.09,135.38,2.34,57.35,12.02,20.92,90.29,2.969,3.009,0.141
2026-01-18 02:07:00,PL02,LINE_B,A,HEAVY,108.62,1,0.8064,0.0536,0.15,26.73,25.29,21.5,3.28,49.88,17.73,19.69,87.31,6.735,7.344,0.492
2026-01-18 02:17:00,PL01,LINE_B,C,STANDARD,23.87,2,0.8276,0.2309,0.0272,249.59,191.97,186.75,2.14,56.91,18.98,17.74,93.63,2.63,2.644,0.058
2026-01-18 02:41:00,PL01,LINE_B,B,STANDARD,49.59,2,0.8085,0.1333,0.0368,117.39,101.74,98.0,2.18,55.97,19.24,27.05,102.26,3.19,3.228,0.08
2026-01-18 03:25:00,PL01,LINE_B,A,STANDARD,21.57,1,0.8112,0.1587,0.0028,135.38,113.9,113.57,2.83,50.36,17.87,25.57,93.79,3.652,3.655,0.008
2026-01-18 03:41:00,PL01,LINE_B,A,STANDARD,46.25,1,0.8407,0.0908,0.013,65.43,59.49,58.72,2.03,54.16,20.2,19.46,93.81,3.603,3.624,0.026
2026-01-18 04:06:00,PL01,LINE_B,A,PREMIUM,36.31,1,0.903,0.1806,0.099,89.53,73.36,66.1,4.15,55.71,21.21,23.95,100.87,5.522,5.673,0.411
2026-01-18 04:11:00,PL03,LINE_C,B,HEAVY,61.45,1,0.8911,0.071,0.1353,52.21,48.5,41.94,5.47,46.32,22.49,19.77,88.59,7.3,7.586,0.74
2026-01-18 04:52:00,PL02,LINE_B,C,STANDARD,20.96,1,0.9658,0.25,0.0268,165.87,124.4,121.06,2.19,53.71,22.46,22.41,98.58,2.981,3.003,0.059
2026-01-18 06:02:00,PL01,LINE_A,A,PREMIUM,40.18,2,0.8163,0.1641,0.0831,146.28,122.27,112.11,2.97,53.51,12.99,14.24,80.75,3.631,3.691,0.247
2026-01-18 06:21:00,PL01,LINE_C,C,PREMIUM,46.9,4,0.8989,0.0384,0.1436,276.0,265.42,227.31,2.7,57.48,14.12,29.1,100.7,3.079,3.143,0.388
2026-01-18 07:51:00,PL02,LINE_A,B,STANDARD,56.41,1,0.8286,0.0414,0.0532,52.88,50.69,47.99,2.03,52.14,12.22,20.64,85.0,3.708,3.802,0.108
2026-01-18 08:20:00,PL02,LINE_A,A,STANDARD,33.87,2,0.8556,0.25,0.1226,181.91,136.43,119.71,2.61,52.22,10.8,21.18,84.2,3.229,3.315,0.32
2026-01-18 08:31:00,PL03,LINE_C,B,STANDARD,27.14,4,0.9284,0.2381,0.15,492.64,375.33,319.03,2.57,47.02,27.01,22.77,96.81,2.832,2.877,0.386
2026-01-18 08:33:00,PL02,LINE_A,B,STANDARD,26.79,1,0.845,0.25,0.1275,113.55,85.16,74.31,1.77,51.37,19.39,22.33,93.1,2.863,3.023,0.226
2026-01-18 09:18:00,PL01,LINE_B,C,STANDARD,32.11,1,0.9115,0.0921,0.0454,102.17,92.76,88.55,2.83,60.06,24.59,25.01,109.66,4.014,4.071,0.129
2026-01-18 09:31:00,PL02,LINE_C,A,HEAVY,46.86,1,0.8467,0.0698,0.0548,65.05,60.51,57.19,5.12,51.84,21.32,16.33,89.49,6.6,6.686,0.281
2026-01-18 09:43:00,PL01,LINE_C,B,HEAVY,67.07,2,0.8346,0.1628,0.1288,89.6,75.01,65.35,5.3,56.7,27.95,14.94,99.58,6.632,6.828,0.683
2026-01-18 09:49:00,PL03,LINE_C,B,PREMIUM,45.51,1,0.8758,0.2135,0.0788,69.28,54.49,50.19,3.49,48.89,16.21,21.1,86.2,5.069,5.204,0.275
2026-01-18 10:38:00,PL03,LINE_C,B,STANDARD,30.32,4,0.881,0.1091,0.15,418.37,372.74,316.82,2.09,46.1,6.0,23.75,75.85,2.289,2.325,0.313
2026-01-18 11:00:00,PL01,LINE_C,A,STANDARD,52.54,1,0.8539,0.2296,0.1276,58.51,45.08,39.33,2.12,58.61,16.53,20.64,95.78,4.242,4.553,0.27
2026-01-18 11:02:00,PL01,LINE_C,A,STANDARD,32.58,1,0.8087,0.1312,0.1215,89.37,77.64,68.21,1.98,54.51,21.4,26.69,102.6,3.3,3.483,0.24
2026-01-18 11:14:00,PL03,LINE_C,C,STANDARD,36.74,2,0.8491,0.1994,0.0548,166.41,133.22,125.92,1.71,51.74,20.28,23.25,95.26,2.424,2.466,0.094
2026-01-18 11:30:00,PL01,LINE_B,B,STANDARD,33.93,1,0.8901,0.0384,0.0938,94.45,90.82,82.3,1.91,53.87,20.2,33.29,107.36,3.091,3.213,0.179
2026-01-18 12:07:00,PL03,LINE_D,B,HEAVY,54.11,1,0.881,0.1464,0.15,58.62,50.03,42.53,4.78,49.47,22.01,26.44,97.91,6.732,7.077,0.716
2026-01-18 12:28:00,PL01,LINE_C,B,PREMIUM,38.25,1,0.8736,0.0692,0.0484,82.21,76.53,72.82,4.51,52.49,17.11,25.56,95.16,5.753,5.816,0.218
2026-01-18 12:30:00,PL01,LINE_C,A,STANDARD,59.28,1,0.8389,0.0569,0.1354,50.94,48.04,41.54,1.81,56.08,20.84,16.34,93.27,3.754,4.058,0.245
2026-01-18 13:09:00,PL03,LINE_D,A,PREMIUM,44.03,1,0.7789,0.0771,0.15,63.69,58.77,49.96,3.79,45.66,14.47,26.22,86.35,5.257,5.517,0.568
2026-01-18 13:34:00,PL01,LINE_B,C,PREMIUM,71.57,1,0.8773,0.1265,0.0452,44.13,38.55,36.81,3.0,57.09,21.85,17.96,96.91,5.511,5.63,0.135
2026-01-18 13:50:00,PL02,LINE_A,C,STANDARD,35.76,1,0.8729,0.088,0.0753,87.88,80.15,74.11,2.04,56.33,19.43,8.0,83.76,3.088,3.174,0.154
2026-01-18 14:30:00,PL01,LINE_B,C,STANDARD,27.98,1,0.8337,0.1673,0.0519,107.28,89.33,84.69,2.09,59.31,19.47,30.69,109.47,3.316,3.384,0.108
2026-01-18 15:49:00,PL02,LINE_B,C,HEAVY,48.36,2,0.9154,0.1617,0.15,136.3,114.26,97.12,4.4,55.41,19.23,24.81,99.45,5.275,5.428,0.661
2026-01-18 16:52:00,PL03,LINE_C,A,STANDARD,30.36,4,0.98,0.25,0.15,464.88,348.66,296.36,1.91,44.29,14.83,24.27,83.39,2.145,2.187,0.286
2026-01-18 17:06:00,PL03,LINE_D,B,HEAVY,122.42,1,0.8504,0.0742,0.0939,25.01,23.15,20.98,5.46,49.99,24.51,16.86,91.36,9.404,9.813,0.513
2026-01-18 17:11:00,PL02,LINE_D,A,PREMIUM,50.53,2,0.8649,0.1196,0.1168,123.24,108.5,95.82,2.97,51.27,21.84,26.48,99.59,3.89,4.011,0.347
2026-01-18 17:20:00,PL01,LINE_A,B,HEAVY,68.18,2,0.9169,0.1654,0.1067,96.83,80.81,72.19,5.46,52.99,22.59,10.07,85.64,6.517,6.643,0.582
2026-01-18 17:25:00,PL03,LINE_C,C,STANDARD,29.18,4,0.9071,0.0149,0.1123,447.6,440.92,391.38,2.75,51.12,8.56,22.87,82.55,2.936,2.96,0.309
2026-01-18 17:51:00,PL03,LINE_A,A,STANDARD,28.46,2,0.8736,0.1155,0.0678,221.0,195.47,182.22,1.85,47.31,23.54,29.38,100.23,2.36,2.398,0.125
2026-01-18 18:02:00,PL02,LINE_A,C,HEAVY,55.98,1,0.798,0.1908,0.0397,51.32,41.53,39.88,5.97,52.38,17.78,30.77,100.93,8.399,8.5,0.237
2026-01-18 18:13:00,PL02,LINE_A,B,HEAVY,81.46,1,0.8336,0.1751,0.099,36.84,30.39,27.38,4.86,51.38,22.18,18.41,91.97,7.881,8.214,0.481
2026-01-18 19:07:00,PL03,LINE_B,C,PREMIUM,37.3,2,0.8165,0.1608,0.0624,157.62,132.27,124.01,3.43,49.61,19.56,19.54,88.71,4.097,4.142,0.214
2026-01-18 19:53:00,PL02,LINE_B,B,HEAVY,82.49,1,0.8748,0.205,0.0867,38.18,30.35,27.72,5.01,49.85,18.41,23.86,92.11,8.04,8.328,0.434
2026-01-18 21:01:00,PL02,LINE_B,A,STANDARD,21.78,4,0.8648,0.2441,0.0103,571.76,432.2,427.76,1.67,49.5,16.1,16.23,81.83,1.856,1.858,0.017
2026-01-18 21:04:00,PL02,LINE_A,B,STANDARD,41.76,1,0.8937,0.25,0.0513,77.04,57.78,54.82,2.05,55.03,19.03,25.31,99.37,3.772,3.865,0.105
2026-01-18 21:21:00,PL01,LINE_B,A,PREMIUM,44.07,2,0.9377,0.1012,0.1107,153.19,137.69,122.45,2.63,56.37,21.91,30.96,109.24,3.422,3.521,0.291
2026-01-18 21:37:00,PL01,LINE_B,B,STANDARD,40.51,2,0.875,0.0266,0.0218,155.53,151.4,148.1,2.22,58.83,21.42,24.52,104.76,2.911,2.926,0.048
2026-01-18 22:00:00,PL02,LINE_C,A,STANDARD,67.16,1,0.9211,0.1954,0.0783,49.37,39.72,36.61,2.34,46.72,18.24,19.06,84.02,4.452,4.632,0.183
2026-01-18 22:15:00,PL01,LINE_A,C,STANDARD,26.75,1,0.8471,0.2024,0.0502,113.98,90.91,86.35,1.45,57.21,21.08,15.69,93.99,2.485,2.54,0.073
2026-01-18 22:51:00,PL03,LINE_A,C,PREMIUM,44.55,1,0.9564,0.0509,0.082,77.3,73.36,67.35,3.11,48.77,20.64,24.96,94.37,4.4,4.515,0.255
2026-01-18 23:11:00,PL01,LINE_B,A,STANDARD,27.83,2,0.8168,0.1476,0.1487,211.3,180.11,153.33,2.89,59.88,20.02,17.08,96.97,3.43,3.524,0.43
2026-01-18 23:22:00,PL02,LINE_B,A,HEAVY,32.94,2,0.9128,0.1195,0.15,199.52,175.68,149.33,4.9,50.21,26.67,19.28,96.16,5.449,5.545,0.735
2026-01-18 23:59:00,PL01,LINE_B,B,STANDARD,24.6,2,0.8951,0.25,0.1486,261.95,196.46,167.26,1.93,59.15,15.45,15.74,90.35,2.39,2.47,0.287
2026-01-19 00:18:00,PL03,LINE_B,A,STANDARD,36.12,2,0.8687,0.0844,0.0622,173.19,158.57,148.7,2.2,47.58,24.98,17.54,90.1,2.765,2.803,0.137
2026-01-19 00:26:00,PL01,LINE_A,A,STANDARD,27.05,1,0.8431,0.1637,0.15,112.22,93.85,79.78,1.9,52.85,20.67,16.87,90.39,2.861,3.031,0.285
2026-01-19 00:37:00,PL02,LINE_B,A,PREMIUM,43.52,1,0.9328,0.0676,0.15,77.15,71.94,61.15,3.35,51.82,17.18,23.15,92.15,4.631,4.857,0.502
2026-01-19 01:02:00,PL03,LINE_A,B,PREMIUM,34.6,2,0.7711,0.25,0.0806,160.46,120.34,110.64,3.66,52.65,18.51,28.56,99.71,4.485,4.558,0.295
2026-01-19 02:38:00,PL02,LINE_A,B,STANDARD,36.98,2,0.8668,0.0872,0.1234,168.76,154.06,135.05,2.54,50.18,24.36,31.65,106.18,3.231,3.328,0.314
2026-01-19 02:47:00,PL01,LINE_C,C,PREMIUM,55.7,2,0.7899,0.25,0.1304,102.1,76.57,66.59,2.17,56.26,16.68,19.05,91.98,3.372,3.552,0.283
2026-01-19 03:09:00,PL01,LINE_B,C,STANDARD,48.26,2,0.873,0.1539,0.0935,130.25,110.21,99.9,2.48,54.68,21.61,23.62,99.91,3.386,3.48,0.232
2026-01-19 03:31:00,PL02,LINE_C,C,STANDARD,26.36,2,0.8008,0.0868,0.1238,218.74,199.74,175.02,1.73,51.47,11.0,21.83,84.31,2.155,2.214,0.214
2026-01-19 03:56:00,PL03,LINE_A,C,PREMIUM,39.0,1,0.9736,0.25,0.15,89.88,67.41,57.3,4.11,47.96,19.5,21.67,89.12,5.434,5.668,0.617
2026-01-19 04:28:00,PL02,LINE_C,C,PREMIUM,41.68,1,0.7461,0.052,0.0507,64.44,61.09,57.99,3.63,50.87,16.32,24.67,91.87,5.132,5.212,0.184
2026-01-19 05:51:00,PL02,LINE_A,C,STANDARD,35.39,1,0.917,0.1488,0.15,93.28,79.4,67.49,2.43,53.11,17.62,28.14,98.87,3.679,3.899,0.365
2026-01-19 07:55:00,PL01,LINE_C,B,STANDARD,35.65,2,0.7938,0.1671,0.088,160.34,133.55,121.79,2.38,58.5,13.62,21.86,93.99,3.088,3.156,0.21
2026-01-19 08:04:00,PL02,LINE_D,A,STANDARD,30.04,2,0.7996,0.1734,0.0475,191.66,158.43,150.9,1.29,48.54,20.24,22.72,91.5,1.872,1.901,0.061
2026-01-19 08:34:00,PL03,LINE_A,A,PREMIUM,31.29,1,0.8458,0.1988,0.1291,97.32,77.97,67.91,2.75,50.68,15.96,22.38,89.03,3.894,4.063,0.355
2026-01-19 08:46:00,PL02,LINE_B,C,PREMIUM,57.87,4,0.7933,0.1945,0.1437,197.42,159.02,136.17,3.46,55.38,14.13,24.96,94.46,4.054,4.154,0.497
2026-01-19 08:56:00,PL02,LINE_A,A,PREMIUM,57.17,4,0.885,0.0693,0.1433,222.89,207.45,177.73,2.49,47.57,25.44,22.09,95.1,2.95,3.027,0.357
2026-01-19 09:25:00,PL01,LINE_B,B,STANDARD,25.92,4,0.8074,0.1259,0.0357,448.54,392.05,378.03,2.9,58.31,12.67,21.24,92.22,3.14,3.148,0.104
2026-01-19 09:28:00,PL02,LINE_A,A,PREMIUM,43.01,1,0.8938,0.1484,0.0558,74.81,63.71,60.15,3.2,50.21,17.66,17.49,85.36,4.54,4.619,0.178
2026-01-19 10:52:00,PL02,LINE_C,B,PREMIUM,53.2,2,0.8235,0.25,0.0445,111.45,83.59,79.87,4.03,53.01,24.72,16.47,94.19,5.16,5.212,0.18
2026-01-19 11:12:00,PL01,LINE_B,C,HEAVY,44.14,1,0.9595,0.1244,0.035,78.25,68.51,66.12,4.91,55.87,24.75,14.36,94.99,6.3,6.35,0.172
2026-01-19 12:01:00,PL01,LINE_C,C,PREMIUM,68.21,2,0.8065,0.2172,0.0278,85.14,66.65,64.8,4.11,55.76,15.48,13.65,84.88,5.383,5.419,0.114
2026-01-19 12:13:00,PL03,LINE_B,A,PREMIUM,89.28,2,0.8679,0.1413,0.1056,70.0,60.11,53.77,2.78,47.03,19.74,21.25,88.02,4.246,4.419,0.294
2026-01-19 12:25:00,PL01,LINE_C,B,STANDARD,34.56,1,0.8831,0.0854,0.1252,91.98,84.13,73.6,2.61,58.29,21.68,16.62,96.59,3.758,3.923,0.327
2026-01-19 12:36:00,PL01,LINE_B,B,STANDARD,43.72,1,0.911,0.25,0.067,75.01,56.25,52.49,2.85,55.65,22.24,23.62,101.5,4.657,4.786,0.191
2026-01-19 13:19:00,PL02,LINE_A,A,STANDARD,37.81,1,0.9607,0.2122,0.15,91.47,72.06,61.25,1.98,49.5,14.64,31.48,95.62,3.309,3.544,0.297
2026-01-19 13:19:00,PL01,LINE_B,B,STANDARD,22.98,1,0.7891,0.25,0.0637,123.6,92.7,86.8,2.24,57.7,21.74,25.28,104.72,3.374,3.451,0.143
2026-01-19 13:27:00,PL01,LINE_C,B,STANDARD,44.94,1,0.9105,0.1991,0.0538,72.94,58.41,55.27,2.37,57.89,24.23,17.53,99.65,4.073,4.17,0.127
2026-01-19 13:31:00,PL02,LINE_C,C,STANDARD,24.19,2,0.8473,0.0645,0.0892,252.2,235.93,214.87,2.4,50.88,18.54,19.92,89.34,2.778,2.815,0.214
2026-01-19 13:40:00,PL03,LINE_C,A,STANDARD,32.53,4,0.8881,0.1344,0.0536,393.19,340.36,322.1,1.97,46.36,20.12,16.77,83.25,2.214,2.228,0.106
2026-01-19 13:49:00,PL02,LINE_D,A,STANDARD,21.8,1,0.8215,0.25,0.0368,135.67,101.76,98.01,1.94,50.53,24.81,18.47,93.82,2.864,2.899,0.072
2026-01-19 15:09:00,PL01,LINE_B,C,STANDARD,32.37,1,0.8806,0.25,0.0431,97.93,73.45,70.28,2.13,58.21,13.5,23.26,94.97,3.424,3.483,0.092
2026-01-19 16:06:00,PL01,LINE_A,A,STANDARD,25.09,2,0.9216,0.1711,0.1127,264.5,219.26,194.55,2.23,54.85,18.42,30.28,103.56,2.701,2.761,0.251
2026-01-19 18:23:00,PL01,LINE_C,C,STANDARD,24.87,2,0.8654,0.25,0.15,250.59,187.94,159.75,2.26,59.91,18.64,18.01,96.56,2.779,2.869,0.34
2026-01-19 18:28:00,PL03,LINE_B,C,PREMIUM,33.96,1,0.7738,0.1205,0.0423,82.04,72.15,69.1,3.91,46.86,19.38,18.05,84.29,5.08,5.132,0.165
2026-01-19 18:56:00,PL01,LINE_C,A,STANDARD,37.69,2,0.6922,0.145,0.0801,132.25,113.07,104.01,2.42,54.03,19.39,17.22,90.64,3.222,3.291,0.194
2026-01-19 19:28:00,PL01,LINE_B,B,STANDARD,41.83,1,0.9792,0.0634,0.0443,84.27,78.93,75.43,2.04,56.87,21.97,34.84,113.69,3.482,3.549,0.091
2026-01-19 20:34:00,PL02,LINE_C,C,STANDARD,47.09,4,0.874,0.1239,0.0675,267.28,234.16,218.37,1.9,53.82,14.88,27.57,96.27,2.309,2.338,0.128
2026-01-19 20:37:00,PL02,LINE_A,C,PREMIUM,49.23,1,0.9464,0.061,0.0511,69.21,64.99,61.66,3.24,54.19,22.33,21.8,98.33,4.751,4.833,0.166
2026-01-19 21:22:00,PL02,LINE_D,A,STANDARD,25.0,1,0.8966,0.142,0.0875,129.12,110.79,101.1,2.48,47.37,20.32,23.17,90.86,3.305,3.383,0.217
2026-01-19 21:24:00,PL02,LINE_C,C,HEAVY,47.93,1,0.98,0.2055,0.15,73.61,58.48,49.71,3.77,54.87,20.48,21.61,96.95,5.431,5.724,0.566
2026-01-19 21:29:00,PL03,LINE_A,B,STANDARD,41.2,2,0.7981,0.0602,0.0137,139.46,131.06,129.26,2.51,45.84,22.79,20.12,88.76,3.184,3.193,0.034
